#
# A fatal error has been detected by the Java Runtime Environment:
#
#  EXCEPTION_ACCESS_VIOLATION (0xc0000005) at pc=0x00007ffcd0ad2db5, pid=4424, tid=9052
#
# JRE version: OpenJDK Runtime Environment Temurin-17.0.7+7 (17.0.7+7) (build 17.0.7+7)
# Java VM: OpenJDK 64-Bit Server VM Temurin-17.0.7+7 (17.0.7+7, mixed mode, sharing, tiered, compressed oops, compressed class ptrs, g1 gc, windows-amd64)
# Problematic frame:
# C  [librdi_filemgmt.dll+0x342db5]
#
# No core dump will be written. Minidumps are not enabled by default on client versions of Windows
#
# If you would like to submit a bug report, please visit:
#   https://github.com/adoptium/adoptium-support/issues
# The crash happened outside the Java Virtual Machine in native code.
# See problematic frame for where to report the bug.
#

---------------  S U M M A R Y ------------

Command Line: -Dsun.java2d.pmoffscreen=false -Dhttps.protocols=TLSv1,TLSv1.1,TLSv1.2 -Dsun.java2d.xrender=false -Dsun.java2d.d3d=false -Dsun.awt.nopixfmt=true -Dsun.java2d.dpiaware=true -Dsun.java2d.uiScale.enabled=false -Dswing.aatext=true -XX:-UsePerfData -Djdk.map.althashing.threshold=512 -XX:StringTableSize=4072 -XX:+UseStringDeduplication -XX:MaxGCPauseMillis=200 -XX:+ParallelRefProcEnabled --add-opens=java.desktop/javax.swing.plaf.synth=ALL-UNNAMED --add-opens=java.base/java.nio=ALL-UNNAMED --add-opens=java.desktop/sun.swing=ALL-UNNAMED --add-opens=java.desktop/javax.swing=ALL-UNNAMED --add-opens=java.desktop/javax.swing.tree=ALL-UNNAMED --add-opens=java.desktop/javax.swing.plaf.basic=ALL-UNNAMED --add-opens=java.desktop/javax.swing.plaf.synth=ALL-UNNAMED --add-opens=java.desktop/javax.swing.plaf.basic=ALL-UNNAMED --add-opens=java.desktop/javax.swing=ALL-UNNAMED --add-opens=java.desktop/javax.swing.tree=ALL-UNNAMED --add-opens=java.desktop/java.awt.event=ALL-UNNAMED --add-exports=java.desktop/javax.swing.plaf.synth=ALL-UNNAMED --add-exports=java.base/java.nio=ALL-UNNAMED --add-exports=java.desktop/sun.swing=ALL-UNNAMED --add-exports=java.desktop/javax.swing=ALL-UNNAMED --add-exports=java.desktop/javax.swing.tree=ALL-UNNAMED --add-exports=java.desktop/javax.swing.plaf.basic=ALL-UNNAMED --add-exports=java.desktop/sun.swing=ALL-UNNAMED --add-exports=java.desktop/sun.swing.table=ALL-UNNAMED --add-exports=java.desktop/sun.swing.plaf.synth=ALL-UNNAMED --add-exports=java.desktop/sun.awt.shell=ALL-UNNAMED --add-exports=java.base/sun.security.action=ALL-UNNAMED --add-exports=java.desktop/sun.font=ALL-UNNAMED -XX:NewSize=80m -XX:MaxNewSize=80m -Xms512m -Xmx4072m -Xss10m 

Host: Intel(R) Core(TM) i7-8565U CPU @ 1.80GHz, 8 cores, 7G,  Windows 11 , 64 bit Build 22621 (10.0.22621.3672)
Time: Mon Jul  1 14:05:48 2024 Hora oficial do Brasil elapsed time: 1152.675210 seconds (0d 0h 19m 12s)

---------------  T H R E A D  ---------------

Current thread (0x000002204bc194b0):  JavaThread "AWT-EventQueue-0" [_thread_in_native, id=9052, stack(0x000000ad9c800000,0x000000ad9d200000)]

Stack: [0x000000ad9c800000,0x000000ad9d200000],  sp=0x000000ad9d1fe8b0,  free space=10234k
Native frames: (J=compiled Java code, j=interpreted, Vv=VM code, C=native code)
C  [librdi_filemgmt.dll+0x342db5]
C  [librdi_filemgmt.dll+0x341605]
C  [librdi_filemgmt.dll+0x35e57f]
C  0x000002205c0ea59d

Java frames: (J=compiled Java code, j=interpreted, Vv=VM code)
J 16957  ui.data.srcscan.srcscani.EditorAssist_createFoldInfoIter(JLjava/lang/String;)J (0 bytes) @ 0x000002205c0ea4fd [0x000002205c0ea4a0+0x000000000000005d]
J 16956 c1 ui.j.a.a.ZN(Ljava/lang/String;)J (18 bytes) @ 0x00000220550c56bc [0x00000220550c4da0+0x000000000000091c]
j  ui.j.a.c.a(Ljava/net/URI;)V+91
j  ui.j.a.a.ZK(Ljava/lang/String;)V+8
j  ui.views.W.a.a.ayx(Ljava/lang/String;)V+27
j  ui.views.W.a.a.ldn()V+43
j  ui.views.W.a.h.aPQ()V+20
J 15810 c1 ui.frmwork.z.run()V (15 bytes) @ 0x00000220551faefc [0x00000220551faa80+0x000000000000047c]
J 12599 c2 java.awt.EventQueue.dispatchEvent(Ljava/awt/AWTEvent;)V java.desktop@17.0.7 (80 bytes) @ 0x000002205bc7aae0 [0x000002205bc7a160+0x0000000000000980]
J 13149 c2 ui.frmwork.a.d.dispatchEvent(Ljava/awt/AWTEvent;)V (42 bytes) @ 0x000002205bcc3d68 [0x000002205bcc3960+0x0000000000000408]
J 12799 c2 java.awt.EventDispatchThread.pumpOneEventForFilters(I)V java.desktop@17.0.7 (113 bytes) @ 0x000002205b96cc70 [0x000002205b96c860+0x0000000000000410]
J 16743% c2 java.awt.EventDispatchThread.pumpEventsForFilter(ILjava/awt/Conditional;Ljava/awt/EventFilter;)V java.desktop@17.0.7 (47 bytes) @ 0x000002205c1b1bc0 [0x000002205c1b1aa0+0x0000000000000120]
j  java.awt.EventDispatchThread.pumpEventsForHierarchy(ILjava/awt/Conditional;Ljava/awt/Component;)V+11 java.desktop@17.0.7
j  java.awt.EventDispatchThread.pumpEvents(ILjava/awt/Conditional;)V+4 java.desktop@17.0.7
j  java.awt.EventDispatchThread.pumpEvents(Ljava/awt/Conditional;)V+3 java.desktop@17.0.7
j  java.awt.EventDispatchThread.run()V+9 java.desktop@17.0.7
v  ~StubRoutines::call_stub

siginfo: EXCEPTION_ACCESS_VIOLATION (0xc0000005), reading address 0x0000000000000001


Register to memory mapping:

RIP=0x00007ffcd0ad2db5 librdi_filemgmt.dll
RAX=0x0000000000000001 is an unknown value
RBX=0x00000220042ef5e0 points into unknown readable memory: 0x0000000000000001 | 01 00 00 00 00 00 00 00
RCX=0x0000022040a10000 points into unknown readable memory: 0x0000000000000000 | 00 00 00 00 00 00 00 00
RDX=0x0000000000000001 is an unknown value
RSP=0x000000ad9d1fe8b0 is pointing into the stack for thread: 0x000002204bc194b0
RBP=0x000000ad9d1fea00 is pointing into the stack for thread: 0x000002204bc194b0
RSI=0x0 is NULL
RDI=0x00000220799050a0 points into unknown readable memory: 0x00007ffcd0cbc890 | 90 c8 cb d0 fc 7f 00 00
R8 =0x0 is NULL
R9 =0x0000000000000001 is an unknown value
R10=0x0000000000000003 is an unknown value
R11=0x000000ad9d1fe810 is pointing into the stack for thread: 0x000002204bc194b0
R12=0x000000ad9d1feb18 is pointing into the stack for thread: 0x000002204bc194b0
R13=0x000002200a9ee9f0 points into unknown readable memory: 0x0000022004fb06b0 | b0 06 fb 04 20 02 00 00
R14=0x0 is NULL
R15=0x0000022014be6840 points into unknown readable memory: 0x0055005c003a0043 | 43 00 3a 00 5c 00 55 00


Registers:
RAX=0x0000000000000001, RBX=0x00000220042ef5e0, RCX=0x0000022040a10000, RDX=0x0000000000000001
RSP=0x000000ad9d1fe8b0, RBP=0x000000ad9d1fea00, RSI=0x0000000000000000, RDI=0x00000220799050a0
R8 =0x0000000000000000, R9 =0x0000000000000001, R10=0x0000000000000003, R11=0x000000ad9d1fe810
R12=0x000000ad9d1feb18, R13=0x000002200a9ee9f0, R14=0x0000000000000000, R15=0x0000022014be6840
RIP=0x00007ffcd0ad2db5, EFLAGS=0x0000000000010257

Top of Stack: (sp=0x000000ad9d1fe8b0)
0x000000ad9d1fe8b0:   0000000000000000 0000022000000000
0x000000ad9d1fe8c0:   00000220042ef5d8 000000ad9d1fea00
0x000000ad9d1fe8d0:   fffffffffffffffe 00000220744cf600
0x000000ad9d1fe8e0:   5f62745c77656e5c 0000000000000000
0x000000ad9d1fe8f0:   000000000000000f 00000220744cea00
0x000000ad9d1fe900:   000000ad9d1feb50 0000000000000000
0x000000ad9d1fe910:   000000000000000f 000099eedb935261
0x000000ad9d1fe920:   0000000000000084 000002200a9ee9f0
0x000000ad9d1fe930:   000000ad9d1fea00 00007ffcd0ad1605
0x000000ad9d1fe940:   0000000000000087 00007ffcd08da624
0x000000ad9d1fe950:   0000000000000084 00000220799050a0
0x000000ad9d1fe960:   00000007300b6950 00007ffc00000000
0x000000ad9d1fe970:   0000efd3a0e583d1 0000efd3a0e582d1
0x000000ad9d1fe980:   0000022014be6840 000002200a9ee9f0
0x000000ad9d1fe990:   000000ad9d1feb18 0000000000000001
0x000000ad9d1fe9a0:   000002204bc19758 000000ad9d1feb50 

Instructions: (pc=0x00007ffcd0ad2db5)
0x00007ffcd0ad2cb5:   c2 48 8b 4c 24 30 48 8b c1 48 81 fa 00 10 00 00
0x00007ffcd0ad2cc5:   72 1c 48 83 c2 27 48 8b 49 f8 48 2b c1 48 83 c0
0x00007ffcd0ad2cd5:   f8 48 83 f8 1f 76 07 ff 15 4e eb 19 00 cc e8 74
0x00007ffcd0ad2ce5:   b3 08 00 66 0f 6f 05 d0 33 1a 00 f3 0f 7f 44 24
0x00007ffcd0ad2cf5:   40 c6 44 24 30 00 48 8b cb e8 33 b2 08 00 85 c0
0x00007ffcd0ad2d05:   74 08 8b c8 e8 2e b2 08 00 90 48 8b c6 48 8b 4c
0x00007ffcd0ad2d15:   24 50 48 33 cc e8 81 b7 08 00 48 8b 9c 24 98 00
0x00007ffcd0ad2d25:   00 00 48 83 c4 60 5f 5e 5d c3 cc b8 02 00 00 00
0x00007ffcd0ad2d35:   c3 cc cc cc cc cc cc cc cc cc cc 48 8b c4 56 57
0x00007ffcd0ad2d45:   41 56 48 83 ec 70 48 c7 40 98 fe ff ff ff 48 89
0x00007ffcd0ad2d55:   58 18 48 89 68 20 48 8b 05 2e bf 3f 00 48 33 c4
0x00007ffcd0ad2d65:   48 89 44 24 68 48 8b ea 48 8b f9 48 8b 01 ff 50
0x00007ffcd0ad2d75:   08 8b f0 85 c0 0f 85 1b 01 00 00 48 8b 5f 08 48
0x00007ffcd0ad2d85:   83 c3 08 48 3b 5f 10 0f 84 09 01 00 00 45 33 f6
0x00007ffcd0ad2d95:   48 8b 13 4c 89 74 24 38 48 c7 44 24 40 0f 00 00
0x00007ffcd0ad2da5:   00 c6 44 24 28 00 49 c7 c0 ff ff ff ff 49 ff c0
0x00007ffcd0ad2db5:   42 80 3c 02 00 75 f6 48 8d 4c 24 28 e8 ea 24 ce
0x00007ffcd0ad2dc5:   ff 90 48 8d 54 24 28 48 8d 4c 24 48 ff 15 89 f6
0x00007ffcd0ad2dd5:   19 00 90 48 8b d5 48 8d 4c 24 48 ff 15 ba f3 19
0x00007ffcd0ad2de5:   00 84 c0 75 55 48 8d 4c 24 48 ff 15 93 f5 19 00
0x00007ffcd0ad2df5:   90 48 8b 54 24 40 48 83 fa 10 72 2e 48 ff c2 48
0x00007ffcd0ad2e05:   8b 4c 24 28 48 8b c1 48 81 fa 00 10 00 00 72 15
0x00007ffcd0ad2e15:   48 83 c2 27 48 8b 49 f8 48 2b c1 48 83 c0 f8 48
0x00007ffcd0ad2e25:   83 f8 1f 77 65 e8 2d b2 08 00 48 83 c3 08 48 3b
0x00007ffcd0ad2e35:   5f 10 0f 85 58 ff ff ff eb 5c 48 8b 07 48 8d 54
0x00007ffcd0ad2e45:   24 28 48 8b cf ff 50 08 8b f0 48 8d 4c 24 48 ff
0x00007ffcd0ad2e55:   15 2e f5 19 00 90 48 8b 54 24 40 48 83 fa 10 72
0x00007ffcd0ad2e65:   35 48 ff c2 48 8b 4c 24 28 48 8b c1 48 81 fa 00
0x00007ffcd0ad2e75:   10 00 00 72 1c 48 83 c2 27 48 8b 49 f8 48 2b c1
0x00007ffcd0ad2e85:   48 83 c0 f8 48 83 f8 1f 76 07 ff 15 9b e9 19 00
0x00007ffcd0ad2e95:   cc e8 c1 b1 08 00 8b c6 48 8b 4c 24 68 48 33 cc
0x00007ffcd0ad2ea5:   e8 f6 b5 08 00 4c 8d 5c 24 70 49 8b 5b 30 49 8b 


Stack slot to memory mapping:
stack at sp + 0 slots: 0x0 is NULL
stack at sp + 1 slots: 0x0000022000000000 points into unknown readable memory: 0x0000000000000000 | 00 00 00 00 00 00 00 00
stack at sp + 2 slots: 0x00000220042ef5d8 points into unknown readable memory: 0x00000200706d742e | 2e 74 6d 70 00 02 00 00
stack at sp + 3 slots: 0x000000ad9d1fea00 is pointing into the stack for thread: 0x000002204bc194b0
stack at sp + 4 slots: 0xfffffffffffffffe is an unknown value
stack at sp + 5 slots: 0x00000220744cf600 points into unknown readable memory: 0x0000000000000000 | 00 00 00 00 00 00 00 00
stack at sp + 6 slots: 0x5f62745c77656e5c is an unknown value
stack at sp + 7 slots: 0x0 is NULL


---------------  P R O C E S S  ---------------

Threads class SMR info:
_java_thread_list=0x00000220115e9fc0, length=59, elements={
0x000002204b916e30, 0x000002204bc021a0, 0x000002204bc06a70, 0x000002204bc1bb30,
0x000002204bc1a320, 0x000002204bc1acc0, 0x000002204bc1a7f0, 0x000002204bc2d620,
0x000002204bc2df20, 0x000002204bc31460, 0x000002204bc1b190, 0x000002204bc1b660,
0x000002204bc18170, 0x000002204bc18640, 0x000002204bc18b10, 0x000002204bc18fe0,
0x000002204bc194b0, 0x0000022075ea8d30, 0x0000022075ea2cf0, 0x0000022075eaa070,
0x0000022075ea6b80, 0x0000022075ea5d10, 0x0000022075ea5840, 0x000002207a1bfa10,
0x000002207a1bfee0, 0x000002207a1be6d0, 0x00000220782e9560, 0x0000022075ea49d0,
0x000002200f5ffcd0, 0x000002200f5fe990, 0x000002200f5ff330, 0x000002200f5fc310,
0x000002200f5fb4a0, 0x000002200f5fa630, 0x000002200f5fdff0, 0x000002200f5fbe40,
0x000002200f5fccb0, 0x000002200f5f8e20, 0x000002200f5fe4c0, 0x000002200f5fafd0,
0x000002200f5fd180, 0x000002200f5ff800, 0x000002200f6014e0, 0x000002200f605840,
0x000002200f603b60, 0x000002200f6001a0, 0x000002200f605370, 0x000002200f602350,
0x000002200f604ea0, 0x000002200f600b40, 0x000002200f6031c0, 0x000002200f601010,
0x000002200f5ec400, 0x000002200f604030, 0x000002200f5fb970, 0x000002200f601e80,
0x000002200f5e98b0, 0x000002200f6049d0, 0x000002200f5e63c0
}

Java Threads: ( => current thread )
  0x000002204b916e30 JavaThread "main" [_thread_blocked, id=1812, stack(0x000000ad93b00000,0x000000ad93c00000)]
  0x000002204bc021a0 JavaThread "Reference Handler" daemon [_thread_blocked, id=1104, stack(0x000000ad94300000,0x000000ad94d00000)]
  0x000002204bc06a70 JavaThread "Finalizer" daemon [_thread_blocked, id=8784, stack(0x000000ad94d00000,0x000000ad95700000)]
  0x000002204bc1bb30 JavaThread "Signal Dispatcher" daemon [_thread_blocked, id=16292, stack(0x000000ad95700000,0x000000ad96100000)]
  0x000002204bc1a320 JavaThread "Attach Listener" daemon [_thread_blocked, id=15892, stack(0x000000ad96100000,0x000000ad96b00000)]
  0x000002204bc1acc0 JavaThread "Service Thread" daemon [_thread_blocked, id=17360, stack(0x000000ad96b00000,0x000000ad97500000)]
  0x000002204bc1a7f0 JavaThread "Monitor Deflation Thread" daemon [_thread_blocked, id=16880, stack(0x000000ad97500000,0x000000ad97f00000)]
  0x000002204bc2d620 JavaThread "C2 CompilerThread0" daemon [_thread_blocked, id=16180, stack(0x000000ad97f00000,0x000000ad98000000)]
  0x000002204bc2df20 JavaThread "C1 CompilerThread0" daemon [_thread_blocked, id=17940, stack(0x000000ad98000000,0x000000ad98100000)]
  0x000002204bc31460 JavaThread "Sweeper thread" daemon [_thread_blocked, id=3708, stack(0x000000ad98100000,0x000000ad98b00000)]
  0x000002204bc1b190 JavaThread "Common-Cleaner" daemon [_thread_blocked, id=13100, stack(0x000000ad98b00000,0x000000ad99500000)]
  0x000002204bc1b660 JavaThread "Notification Thread" daemon [_thread_blocked, id=14280, stack(0x000000ad99500000,0x000000ad99f00000)]
  0x000002204bc18170 JavaThread "Java2D Disposer" daemon [_thread_blocked, id=17240, stack(0x000000ad9a000000,0x000000ad9aa00000)]
  0x000002204bc18640 JavaThread "AWT-Shutdown" [_thread_blocked, id=6056, stack(0x000000ad9aa00000,0x000000ad9b400000)]
  0x000002204bc18b10 JavaThread "AWT-Windows" daemon [_thread_in_native, id=10304, stack(0x000000ad9b400000,0x000000ad9be00000)]
  0x000002204bc18fe0 JavaThread "TimerQueue" daemon [_thread_blocked, id=11608, stack(0x000000ad9be00000,0x000000ad9c800000)]
=>0x000002204bc194b0 JavaThread "AWT-EventQueue-0" [_thread_in_native, id=9052, stack(0x000000ad9c800000,0x000000ad9d200000)]
  0x0000022075ea8d30 JavaThread "Thread-1" [_thread_in_native, id=16848, stack(0x000000ad92100000,0x000000ad93500000)]
  0x0000022075ea2cf0 JavaThread "Process Messages Thread" [_thread_blocked, id=16576, stack(0x000000ad9f000000,0x000000ad9fa00000)]
  0x0000022075eaa070 JavaThread "Batik CleanerThread" daemon [_thread_blocked, id=6512, stack(0x000000ad9e600000,0x000000ad9f000000)]
  0x0000022075ea6b80 JavaThread "SyntheticaCleanerThread" daemon [_thread_blocked, id=16720, stack(0x000000ada0500000,0x000000ada0f00000)]
  0x0000022075ea5d10 JavaThread "Timer-0" [_thread_blocked, id=5048, stack(0x000000ada1900000,0x000000ada2300000)]
  0x0000022075ea5840 JavaThread "Monitor File Timestamp Swing Worker Thread" [_thread_blocked, id=17104, stack(0x000000ada2300000,0x000000ada2d00000)]
  0x000002207a1bfa10 JavaThread "Monitor HEventQueue Thread" [_thread_blocked, id=12100, stack(0x000000ada2e00000,0x000000ada3800000)]
  0x000002207a1bfee0 JavaThread "SyntheticaAnimation 50" daemon [_thread_blocked, id=15608, stack(0x000000ada3800000,0x000000ada4200000)]
  0x000002207a1be6d0 JavaThread "SyntheticaAnimation 25" daemon [_thread_blocked, id=18004, stack(0x000000ada4200000,0x000000ada4c00000)]
  0x00000220782e9560 JavaThread "SyntheticaAnimation 70" daemon [_thread_blocked, id=18316, stack(0x000000ada5600000,0x000000ada6000000)]
  0x0000022075ea49d0 JavaThread "Refresh Filesets Swing Worker Thread" [_thread_blocked, id=2936, stack(0x000000ad9d200000,0x000000ad9dc00000)]
  0x000002200f5ffcd0 JavaThread "hw_ila_monitor" [_thread_blocked, id=18196, stack(0x000000ad9fb00000,0x000000ada0500000)]
  0x000002200f5fe990 JavaThread "pool-1-thread-1" [_thread_blocked, id=6196, stack(0x000000ada6a00000,0x000000ada7400000)]
  0x000002200f5ff330 JavaThread "Timer-1" [_thread_blocked, id=2296, stack(0x000000ada7400000,0x000000ada7e00000)]
  0x000002200f5fc310 JavaThread "pool-2-thread-1" [_thread_blocked, id=7240, stack(0x000000ada7e00000,0x000000ada8800000)]
  0x000002200f5fb4a0 JavaThread "Timer-2" [_thread_blocked, id=4120, stack(0x000000ada8800000,0x000000ada9200000)]
  0x000002200f5fa630 JavaThread "pool-3-thread-1" [_thread_blocked, id=9900, stack(0x000000ada9200000,0x000000ada9c00000)]
  0x000002200f5fdff0 JavaThread "Timer-3" [_thread_blocked, id=16652, stack(0x000000ada9c00000,0x000000adaa600000)]
  0x000002200f5fbe40 JavaThread "Update Runs Swing Worker Thread" [_thread_blocked, id=14932, stack(0x000000adaa600000,0x000000adab000000)]
  0x000002200f5fccb0 JavaThread "SyntheticaAnimation 50" daemon [_thread_blocked, id=7220, stack(0x000000ada0f00000,0x000000ada1900000)]
  0x000002200f5f8e20 JavaThread "Image Animator 3" daemon [_thread_blocked, id=17856, stack(0x000000ada4c00000,0x000000ada5600000)]
  0x000002200f5fe4c0 JavaThread "Timer-4" [_thread_blocked, id=1840, stack(0x000000ada6000000,0x000000ada6a00000)]
  0x000002200f5fafd0 JavaThread "Monitor File Timestamp Swing Worker Thread" [_thread_blocked, id=6280, stack(0x000000adab100000,0x000000adabb00000)]
  0x000002200f5fd180 JavaThread "Timer-5" [_thread_blocked, id=3348, stack(0x000000adabb00000,0x000000adac500000)]
  0x000002200f5ff800 JavaThread "Monitor File Timestamp Swing Worker Thread" [_thread_blocked, id=7684, stack(0x000000adac500000,0x000000adacf00000)]
  0x000002200f6014e0 JavaThread "Timer-6" [_thread_blocked, id=12368, stack(0x000000adae300000,0x000000adaed00000)]
  0x000002200f605840 JavaThread "Monitor File Timestamp Swing Worker Thread" [_thread_blocked, id=284, stack(0x000000adaed00000,0x000000adaf700000)]
  0x000002200f603b60 JavaThread "Timer-7" [_thread_blocked, id=13772, stack(0x000000adaf700000,0x000000adb0100000)]
  0x000002200f6001a0 JavaThread "Monitor File Timestamp Swing Worker Thread" [_thread_blocked, id=9440, stack(0x000000adb0100000,0x000000adb0b00000)]
  0x000002200f605370 JavaThread "Timer-8" [_thread_blocked, id=15440, stack(0x000000adacf00000,0x000000adad900000)]
  0x000002200f602350 JavaThread "Monitor File Timestamp Swing Worker Thread" [_thread_blocked, id=2064, stack(0x000000adad900000,0x000000adae300000)]
  0x000002200f604ea0 JavaThread "Timer-10" [_thread_blocked, id=14244, stack(0x000000adb1f00000,0x000000adb2900000)]
  0x000002200f600b40 JavaThread "Monitor File Timestamp Swing Worker Thread" [_thread_blocked, id=17464, stack(0x000000adb2900000,0x000000adb3300000)]
  0x000002200f6031c0 JavaThread "Timer-11" [_thread_blocked, id=14900, stack(0x000000adb3300000,0x000000adb3d00000)]
  0x000002200f601010 JavaThread "Monitor File Timestamp Swing Worker Thread" [_thread_blocked, id=17880, stack(0x000000adb3d00000,0x000000adb4700000)]
  0x000002200f5ec400 JavaThread "SyntheticaAnimation 50" daemon [_thread_blocked, id=18268, stack(0x000000adb4700000,0x000000adb5100000)]
  0x000002200f604030 JavaThread "Timer-12" [_thread_blocked, id=18224, stack(0x000000adb5b00000,0x000000adb6500000)]
  0x000002200f5fb970 JavaThread "Timer-13" [_thread_blocked, id=14592, stack(0x000000adb0b00000,0x000000adb1500000)]
  0x000002200f601e80 JavaThread "Monitor File Timestamp Swing Worker Thread" [_thread_blocked, id=2532, stack(0x000000adb1500000,0x000000adb1f00000)]
  0x000002200f5e98b0 JavaThread "Image Animator 0" daemon [_thread_blocked, id=16948, stack(0x000000adb6f00000,0x000000adb7900000)]
  0x000002200f6049d0 JavaThread "Code Inspector Thread" [_thread_in_native, id=11216, stack(0x000000adb5100000,0x000000adb5b00000)]
  0x000002200f5e63c0 JavaThread "Code Inspector Thread" [_thread_in_native, id=7532, stack(0x000000adb7900000,0x000000adb8300000)]

Other Threads:
  0x000002204a6dc590 VMThread "VM Thread" [stack: 0x000000ad94200000,0x000000ad94300000] [id=17384]
  0x00000220465b2ac0 WatcherThread [stack: 0x000000ad99f00000,0x000000ad9a000000] [id=16244]
  0x0000022049d834f0 GCTaskThread "GC Thread#0" [stack: 0x000000ad93c00000,0x000000ad93d00000] [id=2772]
  0x0000022049d82780 GCTaskThread "GC Thread#1" [stack: 0x000000ad9dc00000,0x000000ad9dd00000] [id=10360]
  0x0000022049d80ca0 GCTaskThread "GC Thread#2" [stack: 0x000000ad9dd00000,0x000000ad9de00000] [id=14300]
  0x0000022049d89860 GCTaskThread "GC Thread#3" [stack: 0x000000ad9de00000,0x000000ad9df00000] [id=18112]
  0x0000022049d8a5d0 GCTaskThread "GC Thread#4" [stack: 0x000000ad9df00000,0x000000ad9e000000] [id=9668]
  0x0000022049d84a70 GCTaskThread "GC Thread#5" [stack: 0x000000ad9e000000,0x000000ad9e100000] [id=10036]
  0x0000022049d82a30 GCTaskThread "GC Thread#6" [stack: 0x000000ad9e100000,0x000000ad9e200000] [id=10676]
  0x0000022049d88da0 GCTaskThread "GC Thread#7" [stack: 0x000000ad9e200000,0x000000ad9e300000] [id=15804]
  0x000002204a1b4e00 ConcurrentGCThread "G1 Main Marker" [stack: 0x000000ad93d00000,0x000000ad93e00000] [id=10900]
  0x0000022049d83d00 ConcurrentGCThread "G1 Conc#0" [stack: 0x000000ad93e00000,0x000000ad93f00000] [id=11120]
  0x0000022049d8ade0 ConcurrentGCThread "G1 Conc#1" [stack: 0x000000ad9fa00000,0x000000ad9fb00000] [id=8480]
  0x00000220465b01a0 ConcurrentGCThread "G1 Refine#0" [stack: 0x000000ad93f00000,0x000000ad94000000] [id=2024]
  0x00000220465af060 ConcurrentGCThread "G1 Refine#1" [stack: 0x000000ad9e300000,0x000000ad9e400000] [id=7380]
  0x0000022048296380 ConcurrentGCThread "G1 Service" [stack: 0x000000ad94000000,0x000000ad94100000] [id=2180]
  0x0000022049d81760 ConcurrentGCThread "StringDedupProcessor" [stack: 0x000000ad94100000,0x000000ad94200000] [id=292]

Threads with active compile tasks:

VM state: not at safepoint (normal execution)

VM Mutex/Monitor currently owned by a thread: None

Heap address: 0x0000000701800000, size: 4072 MB, Compressed Oops mode: Zero based, Oop shift amount: 3

CDS archive(s) mapped at: [0x0000000800000000-0x0000000800bc0000-0x0000000800bc0000), size 12320768, SharedBaseAddress: 0x0000000800000000, ArchiveRelocationMode: 0.
Compressed class space mapped at: 0x0000000801000000-0x0000000841000000, reserved size: 1073741824
Narrow klass base: 0x0000000800000000, Narrow klass shift: 0, Narrow klass range: 0x100000000

GC Precious Log:
 CPUs: 8 total, 8 available
 Memory: 8043M
 Large Page Support: Disabled
 NUMA Support: Disabled
 Compressed Oops: Enabled (Zero based)
 Heap Region Size: 2M
 Heap Min Capacity: 512M
 Heap Initial Capacity: 512M
 Heap Max Capacity: 4072M
 Pre-touch: Disabled
 Parallel Workers: 8
 Concurrent Workers: 2
 Concurrent Refinement Workers: 8
 Periodic GC: Disabled
 String Deduplication is enabled

Heap:
 garbage-first heap   total 524288K, used 92729K [0x0000000701800000, 0x0000000800000000)
  region size 2048K, 5 young (10240K), 1 survivors (2048K)
 Metaspace       used 79239K, committed 79872K, reserved 1179648K
  class space    used 10951K, committed 11264K, reserved 1048576K

Heap Regions: E=young(eden), S=young(survivor), O=old, HS=humongous(starts), HC=humongous(continues), CS=collection set, F=free, OA=open archive, CA=closed archive, TAMS=top-at-mark-start (previous, next)
|   0|0x0000000701800000, 0x0000000701a00000, 0x0000000701a00000|100%|HS|  |TAMS 0x0000000701a00000, 0x0000000701800000| Untracked 
|   1|0x0000000701a00000, 0x0000000701bfffb8, 0x0000000701c00000| 99%| O|  |TAMS 0x0000000701bfffb8, 0x0000000701a00000| Untracked 
|   2|0x0000000701c00000, 0x0000000701dfffe0, 0x0000000701e00000| 99%| O|  |TAMS 0x0000000701dfffe0, 0x0000000701c00000| Untracked 
|   3|0x0000000701e00000, 0x0000000702000000, 0x0000000702000000|100%| O|  |TAMS 0x0000000702000000, 0x0000000701e00000| Untracked 
|   4|0x0000000702000000, 0x00000007021ffff0, 0x0000000702200000| 99%| O|  |TAMS 0x0000000702000000, 0x0000000702000000| Untracked 
|   5|0x0000000702200000, 0x0000000702400000, 0x0000000702400000|100%| O|  |TAMS 0x0000000702400000, 0x0000000702200000| Untracked 
|   6|0x0000000702400000, 0x0000000702600000, 0x0000000702600000|100%| O|  |TAMS 0x0000000702600000, 0x0000000702400000| Untracked 
|   7|0x0000000702600000, 0x0000000702800000, 0x0000000702800000|100%| O|  |TAMS 0x0000000702800000, 0x0000000702600000| Untracked 
|   8|0x0000000702800000, 0x0000000702a00000, 0x0000000702a00000|100%| O|  |TAMS 0x0000000702a00000, 0x0000000702800000| Untracked 
|   9|0x0000000702a00000, 0x0000000702bfffe0, 0x0000000702c00000| 99%| O|  |TAMS 0x0000000702bfffe0, 0x0000000702a00000| Untracked 
|  10|0x0000000702c00000, 0x0000000702dffff0, 0x0000000702e00000| 99%| O|  |TAMS 0x0000000702c00000, 0x0000000702c00000| Untracked 
|  11|0x0000000702e00000, 0x0000000702fffff8, 0x0000000703000000| 99%| O|  |TAMS 0x0000000702fffff8, 0x0000000702e00000| Untracked 
|  12|0x0000000703000000, 0x0000000703200000, 0x0000000703200000|100%| O|  |TAMS 0x0000000703000000, 0x0000000703000000| Untracked 
|  13|0x0000000703200000, 0x00000007033fffe0, 0x0000000703400000| 99%| O|  |TAMS 0x0000000703200000, 0x0000000703200000| Untracked 
|  14|0x0000000703400000, 0x0000000703600000, 0x0000000703600000|100%| O|  |TAMS 0x0000000703400000, 0x0000000703400000| Untracked 
|  15|0x0000000703600000, 0x0000000703800000, 0x0000000703800000|100%|HS|  |TAMS 0x0000000703800000, 0x0000000703600000| Untracked 
|  16|0x0000000703800000, 0x0000000703a00000, 0x0000000703a00000|100%|HC|  |TAMS 0x0000000703a00000, 0x0000000703800000| Untracked 
|  17|0x0000000703a00000, 0x0000000703c00000, 0x0000000703c00000|100%|HC|  |TAMS 0x0000000703c00000, 0x0000000703a00000| Untracked 
|  18|0x0000000703c00000, 0x0000000703e00000, 0x0000000703e00000|100%|HC|  |TAMS 0x0000000703e00000, 0x0000000703c00000| Untracked 
|  19|0x0000000703e00000, 0x0000000704000000, 0x0000000704000000|100%|HC|  |TAMS 0x0000000704000000, 0x0000000703e00000| Untracked 
|  20|0x0000000704000000, 0x0000000704200000, 0x0000000704200000|100%|HC|  |TAMS 0x0000000704200000, 0x0000000704000000| Untracked 
|  21|0x0000000704200000, 0x00000007043ffff0, 0x0000000704400000| 99%| O|  |TAMS 0x00000007043ffff0, 0x0000000704200000| Untracked 
|  22|0x0000000704400000, 0x00000007045ffbd8, 0x0000000704600000| 99%| O|  |TAMS 0x0000000704400000, 0x0000000704400000| Untracked 
|  23|0x0000000704600000, 0x00000007047d22e8, 0x0000000704800000| 91%| O|  |TAMS 0x0000000704600000, 0x0000000704600000| Untracked 
|  24|0x0000000704800000, 0x0000000704828a00, 0x0000000704a00000|  7%| O|  |TAMS 0x0000000704800000, 0x0000000704800000| Untracked 
|  25|0x0000000704a00000, 0x0000000704a00000, 0x0000000704c00000|  0%| F|  |TAMS 0x0000000704a00000, 0x0000000704a00000| Untracked 
|  26|0x0000000704c00000, 0x0000000704e00000, 0x0000000704e00000|100%| O|  |TAMS 0x0000000704e00000, 0x0000000704c00000| Untracked 
|  27|0x0000000704e00000, 0x0000000704e00000, 0x0000000705000000|  0%| F|  |TAMS 0x0000000704e00000, 0x0000000704e00000| Untracked 
|  28|0x0000000705000000, 0x00000007051fffd0, 0x0000000705200000| 99%| O|  |TAMS 0x0000000705000000, 0x0000000705000000| Untracked 
|  29|0x0000000705200000, 0x0000000705400000, 0x0000000705400000|100%| O|  |TAMS 0x0000000705400000, 0x0000000705200000| Untracked 
|  30|0x0000000705400000, 0x0000000705600000, 0x0000000705600000|100%| O|  |TAMS 0x0000000705400000, 0x0000000705400000| Untracked 
|  31|0x0000000705600000, 0x00000007057c1ff0, 0x0000000705800000| 87%| O|  |TAMS 0x0000000705600000, 0x0000000705600000| Untracked 
|  32|0x0000000705800000, 0x000000070581a820, 0x0000000705a00000|  5%| O|  |TAMS 0x0000000705800000, 0x0000000705800000| Untracked 
|  33|0x0000000705a00000, 0x0000000705bffef0, 0x0000000705c00000| 99%| O|  |TAMS 0x0000000705a00000, 0x0000000705a00000| Untracked 
|  34|0x0000000705c00000, 0x0000000705defb58, 0x0000000705e00000| 96%| O|  |TAMS 0x0000000705c00000, 0x0000000705c00000| Untracked 
|  35|0x0000000705e00000, 0x0000000706000000, 0x0000000706000000|100%|HS|  |TAMS 0x0000000706000000, 0x0000000705e00000| Untracked 
|  36|0x0000000706000000, 0x0000000706200000, 0x0000000706200000|100%|HC|  |TAMS 0x0000000706200000, 0x0000000706000000| Untracked 
|  37|0x0000000706200000, 0x0000000706400000, 0x0000000706400000|100%|HC|  |TAMS 0x0000000706400000, 0x0000000706200000| Untracked 
|  38|0x0000000706400000, 0x0000000706600000, 0x0000000706600000|100%|HC|  |TAMS 0x0000000706600000, 0x0000000706400000| Untracked 
|  39|0x0000000706600000, 0x0000000706800000, 0x0000000706800000|100%|HC|  |TAMS 0x0000000706800000, 0x0000000706600000| Untracked 
|  40|0x0000000706800000, 0x00000007068674b0, 0x0000000706a00000| 20%| O|  |TAMS 0x0000000706800000, 0x0000000706800000| Untracked 
|  41|0x0000000706a00000, 0x0000000706bf7258, 0x0000000706c00000| 98%| O|  |TAMS 0x0000000706a00000, 0x0000000706a00000| Untracked 
|  42|0x0000000706c00000, 0x0000000706c00000, 0x0000000706e00000|  0%| F|  |TAMS 0x0000000706c00000, 0x0000000706c00000| Untracked 
|  43|0x0000000706e00000, 0x0000000706e00000, 0x0000000707000000|  0%| F|  |TAMS 0x0000000706e00000, 0x0000000706e00000| Untracked 
|  44|0x0000000707000000, 0x0000000707000000, 0x0000000707200000|  0%| F|  |TAMS 0x0000000707000000, 0x0000000707000000| Untracked 
|  45|0x0000000707200000, 0x0000000707200000, 0x0000000707400000|  0%| F|  |TAMS 0x0000000707200000, 0x0000000707200000| Untracked 
|  46|0x0000000707400000, 0x0000000707400000, 0x0000000707600000|  0%| F|  |TAMS 0x0000000707400000, 0x0000000707400000| Untracked 
|  47|0x0000000707600000, 0x0000000707600000, 0x0000000707800000|  0%| F|  |TAMS 0x0000000707600000, 0x0000000707600000| Untracked 
|  48|0x0000000707800000, 0x0000000707800000, 0x0000000707a00000|  0%| F|  |TAMS 0x0000000707800000, 0x0000000707800000| Untracked 
|  49|0x0000000707a00000, 0x0000000707a00000, 0x0000000707c00000|  0%| F|  |TAMS 0x0000000707a00000, 0x0000000707a00000| Untracked 
|  50|0x0000000707c00000, 0x0000000707c00000, 0x0000000707e00000|  0%| F|  |TAMS 0x0000000707c00000, 0x0000000707c00000| Untracked 
|  51|0x0000000707e00000, 0x0000000707e00000, 0x0000000708000000|  0%| F|  |TAMS 0x0000000707e00000, 0x0000000707e00000| Untracked 
|  52|0x0000000708000000, 0x0000000708000000, 0x0000000708200000|  0%| F|  |TAMS 0x0000000708000000, 0x0000000708000000| Untracked 
|  53|0x0000000708200000, 0x0000000708200000, 0x0000000708400000|  0%| F|  |TAMS 0x0000000708200000, 0x0000000708200000| Untracked 
|  54|0x0000000708400000, 0x0000000708400000, 0x0000000708600000|  0%| F|  |TAMS 0x0000000708400000, 0x0000000708400000| Untracked 
|  55|0x0000000708600000, 0x0000000708600000, 0x0000000708800000|  0%| F|  |TAMS 0x0000000708600000, 0x0000000708600000| Untracked 
|  56|0x0000000708800000, 0x0000000708800000, 0x0000000708a00000|  0%| F|  |TAMS 0x0000000708800000, 0x0000000708800000| Untracked 
|  57|0x0000000708a00000, 0x0000000708a00000, 0x0000000708c00000|  0%| F|  |TAMS 0x0000000708a00000, 0x0000000708a00000| Untracked 
|  58|0x0000000708c00000, 0x0000000708c00000, 0x0000000708e00000|  0%| F|  |TAMS 0x0000000708c00000, 0x0000000708c00000| Untracked 
|  59|0x0000000708e00000, 0x0000000708e00000, 0x0000000709000000|  0%| F|  |TAMS 0x0000000708e00000, 0x0000000708e00000| Untracked 
|  60|0x0000000709000000, 0x0000000709000000, 0x0000000709200000|  0%| F|  |TAMS 0x0000000709000000, 0x0000000709000000| Untracked 
|  61|0x0000000709200000, 0x0000000709200000, 0x0000000709400000|  0%| F|  |TAMS 0x0000000709200000, 0x0000000709200000| Untracked 
|  62|0x0000000709400000, 0x0000000709400000, 0x0000000709600000|  0%| F|  |TAMS 0x0000000709400000, 0x0000000709400000| Untracked 
|  63|0x0000000709600000, 0x0000000709600000, 0x0000000709800000|  0%| F|  |TAMS 0x0000000709600000, 0x0000000709600000| Untracked 
|  64|0x0000000709800000, 0x0000000709800000, 0x0000000709a00000|  0%| F|  |TAMS 0x0000000709800000, 0x0000000709800000| Untracked 
|  65|0x0000000709a00000, 0x0000000709a00000, 0x0000000709c00000|  0%| F|  |TAMS 0x0000000709a00000, 0x0000000709a00000| Untracked 
|  66|0x0000000709c00000, 0x0000000709c00000, 0x0000000709e00000|  0%| F|  |TAMS 0x0000000709c00000, 0x0000000709c00000| Untracked 
|  67|0x0000000709e00000, 0x0000000709e00000, 0x000000070a000000|  0%| F|  |TAMS 0x0000000709e00000, 0x0000000709e00000| Untracked 
|  68|0x000000070a000000, 0x000000070a000000, 0x000000070a200000|  0%| F|  |TAMS 0x000000070a000000, 0x000000070a000000| Untracked 
|  69|0x000000070a200000, 0x000000070a200000, 0x000000070a400000|  0%| F|  |TAMS 0x000000070a200000, 0x000000070a200000| Untracked 
|  70|0x000000070a400000, 0x000000070a400000, 0x000000070a600000|  0%| F|  |TAMS 0x000000070a400000, 0x000000070a400000| Untracked 
|  71|0x000000070a600000, 0x000000070a600000, 0x000000070a800000|  0%| F|  |TAMS 0x000000070a600000, 0x000000070a600000| Untracked 
|  72|0x000000070a800000, 0x000000070a800000, 0x000000070aa00000|  0%| F|  |TAMS 0x000000070a800000, 0x000000070a800000| Untracked 
|  73|0x000000070aa00000, 0x000000070aa00000, 0x000000070ac00000|  0%| F|  |TAMS 0x000000070aa00000, 0x000000070aa00000| Untracked 
|  74|0x000000070ac00000, 0x000000070ae00000, 0x000000070ae00000|100%|HS|  |TAMS 0x000000070ae00000, 0x000000070ac00000| Untracked 
|  75|0x000000070ae00000, 0x000000070b000000, 0x000000070b000000|100%|HC|  |TAMS 0x000000070b000000, 0x000000070ae00000| Untracked 
|  76|0x000000070b000000, 0x000000070b200000, 0x000000070b200000|100%|HC|  |TAMS 0x000000070b200000, 0x000000070b000000| Untracked 
|  77|0x000000070b200000, 0x000000070b200000, 0x000000070b400000|  0%| F|  |TAMS 0x000000070b200000, 0x000000070b200000| Untracked 
|  78|0x000000070b400000, 0x000000070b400000, 0x000000070b600000|  0%| F|  |TAMS 0x000000070b400000, 0x000000070b400000| Untracked 
|  79|0x000000070b600000, 0x000000070b600000, 0x000000070b800000|  0%| F|  |TAMS 0x000000070b600000, 0x000000070b600000| Untracked 
|  80|0x000000070b800000, 0x000000070b800000, 0x000000070ba00000|  0%| F|  |TAMS 0x000000070b800000, 0x000000070b800000| Untracked 
|  81|0x000000070ba00000, 0x000000070ba00000, 0x000000070bc00000|  0%| F|  |TAMS 0x000000070ba00000, 0x000000070ba00000| Untracked 
|  82|0x000000070bc00000, 0x000000070bc00000, 0x000000070be00000|  0%| F|  |TAMS 0x000000070bc00000, 0x000000070bc00000| Untracked 
|  83|0x000000070be00000, 0x000000070be00000, 0x000000070c000000|  0%| F|  |TAMS 0x000000070be00000, 0x000000070be00000| Untracked 
|  84|0x000000070c000000, 0x000000070c000000, 0x000000070c200000|  0%| F|  |TAMS 0x000000070c000000, 0x000000070c000000| Untracked 
|  85|0x000000070c200000, 0x000000070c200000, 0x000000070c400000|  0%| F|  |TAMS 0x000000070c200000, 0x000000070c200000| Untracked 
|  86|0x000000070c400000, 0x000000070c400000, 0x000000070c600000|  0%| F|  |TAMS 0x000000070c400000, 0x000000070c400000| Untracked 
|  87|0x000000070c600000, 0x000000070c600000, 0x000000070c800000|  0%| F|  |TAMS 0x000000070c600000, 0x000000070c600000| Untracked 
|  88|0x000000070c800000, 0x000000070c800000, 0x000000070ca00000|  0%| F|  |TAMS 0x000000070c800000, 0x000000070c800000| Untracked 
|  89|0x000000070ca00000, 0x000000070ca00000, 0x000000070cc00000|  0%| F|  |TAMS 0x000000070ca00000, 0x000000070ca00000| Untracked 
|  90|0x000000070cc00000, 0x000000070cc00000, 0x000000070ce00000|  0%| F|  |TAMS 0x000000070cc00000, 0x000000070cc00000| Untracked 
|  91|0x000000070ce00000, 0x000000070ce00000, 0x000000070d000000|  0%| F|  |TAMS 0x000000070ce00000, 0x000000070ce00000| Untracked 
|  92|0x000000070d000000, 0x000000070d000000, 0x000000070d200000|  0%| F|  |TAMS 0x000000070d000000, 0x000000070d000000| Untracked 
|  93|0x000000070d200000, 0x000000070d200000, 0x000000070d400000|  0%| F|  |TAMS 0x000000070d200000, 0x000000070d200000| Untracked 
|  94|0x000000070d400000, 0x000000070d400000, 0x000000070d600000|  0%| F|  |TAMS 0x000000070d400000, 0x000000070d400000| Untracked 
|  95|0x000000070d600000, 0x000000070d600000, 0x000000070d800000|  0%| F|  |TAMS 0x000000070d600000, 0x000000070d600000| Untracked 
|  96|0x000000070d800000, 0x000000070d800000, 0x000000070da00000|  0%| F|  |TAMS 0x000000070d800000, 0x000000070d800000| Untracked 
|  97|0x000000070da00000, 0x000000070da00000, 0x000000070dc00000|  0%| F|  |TAMS 0x000000070da00000, 0x000000070da00000| Untracked 
|  98|0x000000070dc00000, 0x000000070dc00000, 0x000000070de00000|  0%| F|  |TAMS 0x000000070dc00000, 0x000000070dc00000| Untracked 
|  99|0x000000070de00000, 0x000000070de00000, 0x000000070e000000|  0%| F|  |TAMS 0x000000070de00000, 0x000000070de00000| Untracked 
| 100|0x000000070e000000, 0x000000070e000000, 0x000000070e200000|  0%| F|  |TAMS 0x000000070e000000, 0x000000070e000000| Untracked 
| 101|0x000000070e200000, 0x000000070e200000, 0x000000070e400000|  0%| F|  |TAMS 0x000000070e200000, 0x000000070e200000| Untracked 
| 102|0x000000070e400000, 0x000000070e400000, 0x000000070e600000|  0%| F|  |TAMS 0x000000070e400000, 0x000000070e400000| Untracked 
| 103|0x000000070e600000, 0x000000070e600000, 0x000000070e800000|  0%| F|  |TAMS 0x000000070e600000, 0x000000070e600000| Untracked 
| 104|0x000000070e800000, 0x000000070e800000, 0x000000070ea00000|  0%| F|  |TAMS 0x000000070e800000, 0x000000070e800000| Untracked 
| 105|0x000000070ea00000, 0x000000070ea00000, 0x000000070ec00000|  0%| F|  |TAMS 0x000000070ea00000, 0x000000070ea00000| Untracked 
| 106|0x000000070ec00000, 0x000000070ec00000, 0x000000070ee00000|  0%| F|  |TAMS 0x000000070ec00000, 0x000000070ec00000| Untracked 
| 107|0x000000070ee00000, 0x000000070ee00000, 0x000000070f000000|  0%| F|  |TAMS 0x000000070ee00000, 0x000000070ee00000| Untracked 
| 108|0x000000070f000000, 0x000000070f000000, 0x000000070f200000|  0%| F|  |TAMS 0x000000070f000000, 0x000000070f000000| Untracked 
| 109|0x000000070f200000, 0x000000070f200000, 0x000000070f400000|  0%| F|  |TAMS 0x000000070f200000, 0x000000070f200000| Untracked 
| 110|0x000000070f400000, 0x000000070f400000, 0x000000070f600000|  0%| F|  |TAMS 0x000000070f400000, 0x000000070f400000| Untracked 
| 111|0x000000070f600000, 0x000000070f600000, 0x000000070f800000|  0%| F|  |TAMS 0x000000070f600000, 0x000000070f600000| Untracked 
| 112|0x000000070f800000, 0x000000070f800000, 0x000000070fa00000|  0%| F|  |TAMS 0x000000070f800000, 0x000000070f800000| Untracked 
| 113|0x000000070fa00000, 0x000000070fa00000, 0x000000070fc00000|  0%| F|  |TAMS 0x000000070fa00000, 0x000000070fa00000| Untracked 
| 114|0x000000070fc00000, 0x000000070fc00000, 0x000000070fe00000|  0%| F|  |TAMS 0x000000070fc00000, 0x000000070fc00000| Untracked 
| 115|0x000000070fe00000, 0x000000070fe00000, 0x0000000710000000|  0%| F|  |TAMS 0x000000070fe00000, 0x000000070fe00000| Untracked 
| 116|0x0000000710000000, 0x0000000710000000, 0x0000000710200000|  0%| F|  |TAMS 0x0000000710000000, 0x0000000710000000| Untracked 
| 117|0x0000000710200000, 0x0000000710200000, 0x0000000710400000|  0%| F|  |TAMS 0x0000000710200000, 0x0000000710200000| Untracked 
| 118|0x0000000710400000, 0x0000000710400000, 0x0000000710600000|  0%| F|  |TAMS 0x0000000710400000, 0x0000000710400000| Untracked 
| 119|0x0000000710600000, 0x0000000710600000, 0x0000000710800000|  0%| F|  |TAMS 0x0000000710600000, 0x0000000710600000| Untracked 
| 120|0x0000000710800000, 0x0000000710800000, 0x0000000710a00000|  0%| F|  |TAMS 0x0000000710800000, 0x0000000710800000| Untracked 
| 121|0x0000000710a00000, 0x0000000710a00000, 0x0000000710c00000|  0%| F|  |TAMS 0x0000000710a00000, 0x0000000710a00000| Untracked 
| 122|0x0000000710c00000, 0x0000000710c00000, 0x0000000710e00000|  0%| F|  |TAMS 0x0000000710c00000, 0x0000000710c00000| Untracked 
| 123|0x0000000710e00000, 0x0000000710e00000, 0x0000000711000000|  0%| F|  |TAMS 0x0000000710e00000, 0x0000000710e00000| Untracked 
| 124|0x0000000711000000, 0x0000000711000000, 0x0000000711200000|  0%| F|  |TAMS 0x0000000711000000, 0x0000000711000000| Untracked 
| 125|0x0000000711200000, 0x0000000711200000, 0x0000000711400000|  0%| F|  |TAMS 0x0000000711200000, 0x0000000711200000| Untracked 
| 126|0x0000000711400000, 0x0000000711400000, 0x0000000711600000|  0%| F|  |TAMS 0x0000000711400000, 0x0000000711400000| Untracked 
| 127|0x0000000711600000, 0x0000000711600000, 0x0000000711800000|  0%| F|  |TAMS 0x0000000711600000, 0x0000000711600000| Untracked 
| 128|0x0000000711800000, 0x0000000711800000, 0x0000000711a00000|  0%| F|  |TAMS 0x0000000711800000, 0x0000000711800000| Untracked 
| 129|0x0000000711a00000, 0x0000000711a00000, 0x0000000711c00000|  0%| F|  |TAMS 0x0000000711a00000, 0x0000000711a00000| Untracked 
| 130|0x0000000711c00000, 0x0000000711c00000, 0x0000000711e00000|  0%| F|  |TAMS 0x0000000711c00000, 0x0000000711c00000| Untracked 
| 131|0x0000000711e00000, 0x0000000711e00000, 0x0000000712000000|  0%| F|  |TAMS 0x0000000711e00000, 0x0000000711e00000| Untracked 
| 132|0x0000000712000000, 0x0000000712000000, 0x0000000712200000|  0%| F|  |TAMS 0x0000000712000000, 0x0000000712000000| Untracked 
| 133|0x0000000712200000, 0x0000000712200000, 0x0000000712400000|  0%| F|  |TAMS 0x0000000712200000, 0x0000000712200000| Untracked 
| 134|0x0000000712400000, 0x0000000712400000, 0x0000000712600000|  0%| F|  |TAMS 0x0000000712400000, 0x0000000712400000| Untracked 
| 135|0x0000000712600000, 0x0000000712600000, 0x0000000712800000|  0%| F|  |TAMS 0x0000000712600000, 0x0000000712600000| Untracked 
| 136|0x0000000712800000, 0x0000000712800000, 0x0000000712a00000|  0%| F|  |TAMS 0x0000000712800000, 0x0000000712800000| Untracked 
| 137|0x0000000712a00000, 0x0000000712a00000, 0x0000000712c00000|  0%| F|  |TAMS 0x0000000712a00000, 0x0000000712a00000| Untracked 
| 138|0x0000000712c00000, 0x0000000712c00000, 0x0000000712e00000|  0%| F|  |TAMS 0x0000000712c00000, 0x0000000712c00000| Untracked 
| 139|0x0000000712e00000, 0x0000000712e00000, 0x0000000713000000|  0%| F|  |TAMS 0x0000000712e00000, 0x0000000712e00000| Untracked 
| 140|0x0000000713000000, 0x0000000713000000, 0x0000000713200000|  0%| F|  |TAMS 0x0000000713000000, 0x0000000713000000| Untracked 
| 141|0x0000000713200000, 0x0000000713200000, 0x0000000713400000|  0%| F|  |TAMS 0x0000000713200000, 0x0000000713200000| Untracked 
| 142|0x0000000713400000, 0x0000000713400000, 0x0000000713600000|  0%| F|  |TAMS 0x0000000713400000, 0x0000000713400000| Untracked 
| 143|0x0000000713600000, 0x0000000713600000, 0x0000000713800000|  0%| F|  |TAMS 0x0000000713600000, 0x0000000713600000| Untracked 
| 144|0x0000000713800000, 0x0000000713800000, 0x0000000713a00000|  0%| F|  |TAMS 0x0000000713800000, 0x0000000713800000| Untracked 
| 145|0x0000000713a00000, 0x0000000713a00000, 0x0000000713c00000|  0%| F|  |TAMS 0x0000000713a00000, 0x0000000713a00000| Untracked 
| 146|0x0000000713c00000, 0x0000000713c00000, 0x0000000713e00000|  0%| F|  |TAMS 0x0000000713c00000, 0x0000000713c00000| Untracked 
| 147|0x0000000713e00000, 0x0000000713e00000, 0x0000000714000000|  0%| F|  |TAMS 0x0000000713e00000, 0x0000000713e00000| Untracked 
| 148|0x0000000714000000, 0x0000000714000000, 0x0000000714200000|  0%| F|  |TAMS 0x0000000714000000, 0x0000000714000000| Untracked 
| 149|0x0000000714200000, 0x0000000714200000, 0x0000000714400000|  0%| F|  |TAMS 0x0000000714200000, 0x0000000714200000| Untracked 
| 150|0x0000000714400000, 0x0000000714400000, 0x0000000714600000|  0%| F|  |TAMS 0x0000000714400000, 0x0000000714400000| Untracked 
| 151|0x0000000714600000, 0x0000000714600000, 0x0000000714800000|  0%| F|  |TAMS 0x0000000714600000, 0x0000000714600000| Untracked 
| 152|0x0000000714800000, 0x0000000714800000, 0x0000000714a00000|  0%| F|  |TAMS 0x0000000714800000, 0x0000000714800000| Untracked 
| 153|0x0000000714a00000, 0x0000000714a00000, 0x0000000714c00000|  0%| F|  |TAMS 0x0000000714a00000, 0x0000000714a00000| Untracked 
| 154|0x0000000714c00000, 0x0000000714c00000, 0x0000000714e00000|  0%| F|  |TAMS 0x0000000714c00000, 0x0000000714c00000| Untracked 
| 155|0x0000000714e00000, 0x0000000714e00000, 0x0000000715000000|  0%| F|  |TAMS 0x0000000714e00000, 0x0000000714e00000| Untracked 
| 156|0x0000000715000000, 0x0000000715000000, 0x0000000715200000|  0%| F|  |TAMS 0x0000000715000000, 0x0000000715000000| Untracked 
| 157|0x0000000715200000, 0x0000000715200000, 0x0000000715400000|  0%| F|  |TAMS 0x0000000715200000, 0x0000000715200000| Untracked 
| 158|0x0000000715400000, 0x0000000715400000, 0x0000000715600000|  0%| F|  |TAMS 0x0000000715400000, 0x0000000715400000| Untracked 
| 159|0x0000000715600000, 0x0000000715600000, 0x0000000715800000|  0%| F|  |TAMS 0x0000000715600000, 0x0000000715600000| Untracked 
| 160|0x0000000715800000, 0x0000000715800000, 0x0000000715a00000|  0%| F|  |TAMS 0x0000000715800000, 0x0000000715800000| Untracked 
| 161|0x0000000715a00000, 0x0000000715a00000, 0x0000000715c00000|  0%| F|  |TAMS 0x0000000715a00000, 0x0000000715a00000| Untracked 
| 162|0x0000000715c00000, 0x0000000715c00000, 0x0000000715e00000|  0%| F|  |TAMS 0x0000000715c00000, 0x0000000715c00000| Untracked 
| 163|0x0000000715e00000, 0x0000000715e00000, 0x0000000716000000|  0%| F|  |TAMS 0x0000000715e00000, 0x0000000715e00000| Untracked 
| 164|0x0000000716000000, 0x0000000716000000, 0x0000000716200000|  0%| F|  |TAMS 0x0000000716000000, 0x0000000716000000| Untracked 
| 165|0x0000000716200000, 0x0000000716200000, 0x0000000716400000|  0%| F|  |TAMS 0x0000000716200000, 0x0000000716200000| Untracked 
| 166|0x0000000716400000, 0x0000000716400000, 0x0000000716600000|  0%| F|  |TAMS 0x0000000716400000, 0x0000000716400000| Untracked 
| 167|0x0000000716600000, 0x0000000716600000, 0x0000000716800000|  0%| F|  |TAMS 0x0000000716600000, 0x0000000716600000| Untracked 
| 168|0x0000000716800000, 0x0000000716800000, 0x0000000716a00000|  0%| F|  |TAMS 0x0000000716800000, 0x0000000716800000| Untracked 
| 169|0x0000000716a00000, 0x0000000716a00000, 0x0000000716c00000|  0%| F|  |TAMS 0x0000000716a00000, 0x0000000716a00000| Untracked 
| 170|0x0000000716c00000, 0x0000000716c00000, 0x0000000716e00000|  0%| F|  |TAMS 0x0000000716c00000, 0x0000000716c00000| Untracked 
| 171|0x0000000716e00000, 0x0000000716e00000, 0x0000000717000000|  0%| F|  |TAMS 0x0000000716e00000, 0x0000000716e00000| Untracked 
| 172|0x0000000717000000, 0x0000000717000000, 0x0000000717200000|  0%| F|  |TAMS 0x0000000717000000, 0x0000000717000000| Untracked 
| 173|0x0000000717200000, 0x0000000717200000, 0x0000000717400000|  0%| F|  |TAMS 0x0000000717200000, 0x0000000717200000| Untracked 
| 174|0x0000000717400000, 0x0000000717400000, 0x0000000717600000|  0%| F|  |TAMS 0x0000000717400000, 0x0000000717400000| Untracked 
| 175|0x0000000717600000, 0x0000000717600000, 0x0000000717800000|  0%| F|  |TAMS 0x0000000717600000, 0x0000000717600000| Untracked 
| 176|0x0000000717800000, 0x0000000717800000, 0x0000000717a00000|  0%| F|  |TAMS 0x0000000717800000, 0x0000000717800000| Untracked 
| 177|0x0000000717a00000, 0x0000000717a00000, 0x0000000717c00000|  0%| F|  |TAMS 0x0000000717a00000, 0x0000000717a00000| Untracked 
| 178|0x0000000717c00000, 0x0000000717c00000, 0x0000000717e00000|  0%| F|  |TAMS 0x0000000717c00000, 0x0000000717c00000| Untracked 
| 179|0x0000000717e00000, 0x0000000717e00000, 0x0000000718000000|  0%| F|  |TAMS 0x0000000717e00000, 0x0000000717e00000| Untracked 
| 180|0x0000000718000000, 0x0000000718000000, 0x0000000718200000|  0%| F|  |TAMS 0x0000000718000000, 0x0000000718000000| Untracked 
| 181|0x0000000718200000, 0x0000000718200000, 0x0000000718400000|  0%| F|  |TAMS 0x0000000718200000, 0x0000000718200000| Untracked 
| 182|0x0000000718400000, 0x0000000718400000, 0x0000000718600000|  0%| F|  |TAMS 0x0000000718400000, 0x0000000718400000| Untracked 
| 183|0x0000000718600000, 0x0000000718600000, 0x0000000718800000|  0%| F|  |TAMS 0x0000000718600000, 0x0000000718600000| Untracked 
| 184|0x0000000718800000, 0x0000000718800000, 0x0000000718a00000|  0%| F|  |TAMS 0x0000000718800000, 0x0000000718800000| Untracked 
| 185|0x0000000718a00000, 0x0000000718a00000, 0x0000000718c00000|  0%| F|  |TAMS 0x0000000718a00000, 0x0000000718a00000| Untracked 
| 186|0x0000000718c00000, 0x0000000718c00000, 0x0000000718e00000|  0%| F|  |TAMS 0x0000000718c00000, 0x0000000718c00000| Untracked 
| 187|0x0000000718e00000, 0x0000000718e00000, 0x0000000719000000|  0%| F|  |TAMS 0x0000000718e00000, 0x0000000718e00000| Untracked 
| 188|0x0000000719000000, 0x0000000719000000, 0x0000000719200000|  0%| F|  |TAMS 0x0000000719000000, 0x0000000719000000| Untracked 
| 189|0x0000000719200000, 0x0000000719200000, 0x0000000719400000|  0%| F|  |TAMS 0x0000000719200000, 0x0000000719200000| Untracked 
| 190|0x0000000719400000, 0x0000000719400000, 0x0000000719600000|  0%| F|  |TAMS 0x0000000719400000, 0x0000000719400000| Untracked 
| 191|0x0000000719600000, 0x0000000719600000, 0x0000000719800000|  0%| F|  |TAMS 0x0000000719600000, 0x0000000719600000| Untracked 
| 192|0x0000000719800000, 0x0000000719800000, 0x0000000719a00000|  0%| F|  |TAMS 0x0000000719800000, 0x0000000719800000| Untracked 
| 193|0x0000000719a00000, 0x0000000719a00000, 0x0000000719c00000|  0%| F|  |TAMS 0x0000000719a00000, 0x0000000719a00000| Untracked 
| 194|0x0000000719c00000, 0x0000000719c00000, 0x0000000719e00000|  0%| F|  |TAMS 0x0000000719c00000, 0x0000000719c00000| Untracked 
| 195|0x0000000719e00000, 0x0000000719e00000, 0x000000071a000000|  0%| F|  |TAMS 0x0000000719e00000, 0x0000000719e00000| Untracked 
| 196|0x000000071a000000, 0x000000071a000000, 0x000000071a200000|  0%| F|  |TAMS 0x000000071a000000, 0x000000071a000000| Untracked 
| 197|0x000000071a200000, 0x000000071a200000, 0x000000071a400000|  0%| F|  |TAMS 0x000000071a200000, 0x000000071a200000| Untracked 
| 198|0x000000071a400000, 0x000000071a400000, 0x000000071a600000|  0%| F|  |TAMS 0x000000071a400000, 0x000000071a400000| Untracked 
| 199|0x000000071a600000, 0x000000071a600000, 0x000000071a800000|  0%| F|  |TAMS 0x000000071a600000, 0x000000071a600000| Untracked 
| 200|0x000000071a800000, 0x000000071a800000, 0x000000071aa00000|  0%| F|  |TAMS 0x000000071a800000, 0x000000071a800000| Untracked 
| 201|0x000000071aa00000, 0x000000071aa00000, 0x000000071ac00000|  0%| F|  |TAMS 0x000000071aa00000, 0x000000071aa00000| Untracked 
| 202|0x000000071ac00000, 0x000000071ac00000, 0x000000071ae00000|  0%| F|  |TAMS 0x000000071ac00000, 0x000000071ac00000| Untracked 
| 203|0x000000071ae00000, 0x000000071ae00000, 0x000000071b000000|  0%| F|  |TAMS 0x000000071ae00000, 0x000000071ae00000| Untracked 
| 204|0x000000071b000000, 0x000000071b000000, 0x000000071b200000|  0%| F|  |TAMS 0x000000071b000000, 0x000000071b000000| Untracked 
| 205|0x000000071b200000, 0x000000071b200000, 0x000000071b400000|  0%| F|  |TAMS 0x000000071b200000, 0x000000071b200000| Untracked 
| 206|0x000000071b400000, 0x000000071b400000, 0x000000071b600000|  0%| F|  |TAMS 0x000000071b400000, 0x000000071b400000| Untracked 
| 207|0x000000071b600000, 0x000000071b600000, 0x000000071b800000|  0%| F|  |TAMS 0x000000071b600000, 0x000000071b600000| Untracked 
| 208|0x000000071b800000, 0x000000071b800000, 0x000000071ba00000|  0%| F|  |TAMS 0x000000071b800000, 0x000000071b800000| Untracked 
| 209|0x000000071ba00000, 0x000000071ba00000, 0x000000071bc00000|  0%| F|  |TAMS 0x000000071ba00000, 0x000000071ba00000| Untracked 
| 210|0x000000071bc00000, 0x000000071bc00000, 0x000000071be00000|  0%| F|  |TAMS 0x000000071bc00000, 0x000000071bc00000| Untracked 
| 211|0x000000071be00000, 0x000000071be00000, 0x000000071c000000|  0%| F|  |TAMS 0x000000071be00000, 0x000000071be00000| Untracked 
| 212|0x000000071c000000, 0x000000071c000000, 0x000000071c200000|  0%| F|  |TAMS 0x000000071c000000, 0x000000071c000000| Untracked 
| 213|0x000000071c200000, 0x000000071c313ae0, 0x000000071c400000| 53%| S|CS|TAMS 0x000000071c200000, 0x000000071c200000| Complete 
| 214|0x000000071c400000, 0x000000071c400000, 0x000000071c600000|  0%| F|  |TAMS 0x000000071c400000, 0x000000071c400000| Untracked 
| 215|0x000000071c600000, 0x000000071c600000, 0x000000071c800000|  0%| F|  |TAMS 0x000000071c600000, 0x000000071c600000| Untracked 
| 216|0x000000071c800000, 0x000000071c800000, 0x000000071ca00000|  0%| F|  |TAMS 0x000000071c800000, 0x000000071c800000| Untracked 
| 217|0x000000071ca00000, 0x000000071cac32a8, 0x000000071cc00000| 38%| O|  |TAMS 0x000000071ca00000, 0x000000071ca00000| Untracked 
| 218|0x000000071cc00000, 0x000000071cce77b8, 0x000000071ce00000| 45%| O|  |TAMS 0x000000071cc00000, 0x000000071cc00000| Untracked 
| 219|0x000000071ce00000, 0x000000071ce00000, 0x000000071d000000|  0%| F|  |TAMS 0x000000071ce00000, 0x000000071ce00000| Untracked 
| 220|0x000000071d000000, 0x000000071d1aaf40, 0x000000071d200000| 83%| O|  |TAMS 0x000000071d000000, 0x000000071d000000| Untracked 
| 221|0x000000071d200000, 0x000000071d200000, 0x000000071d400000|  0%| F|  |TAMS 0x000000071d200000, 0x000000071d200000| Untracked 
| 222|0x000000071d400000, 0x000000071d400000, 0x000000071d600000|  0%| F|  |TAMS 0x000000071d400000, 0x000000071d400000| Untracked 
| 223|0x000000071d600000, 0x000000071d600000, 0x000000071d800000|  0%| F|  |TAMS 0x000000071d600000, 0x000000071d600000| Untracked 
| 224|0x000000071d800000, 0x000000071d800000, 0x000000071da00000|  0%| F|  |TAMS 0x000000071d800000, 0x000000071d800000| Untracked 
| 225|0x000000071da00000, 0x000000071da00000, 0x000000071dc00000|  0%| F|  |TAMS 0x000000071da00000, 0x000000071da00000| Untracked 
| 226|0x000000071dc00000, 0x000000071dc00000, 0x000000071de00000|  0%| F|  |TAMS 0x000000071dc00000, 0x000000071dc00000| Untracked 
| 227|0x000000071de00000, 0x000000071de00000, 0x000000071e000000|  0%| F|  |TAMS 0x000000071de00000, 0x000000071de00000| Untracked 
| 228|0x000000071e000000, 0x000000071e000000, 0x000000071e200000|  0%| F|  |TAMS 0x000000071e000000, 0x000000071e000000| Untracked 
| 229|0x000000071e200000, 0x000000071e200000, 0x000000071e400000|  0%| F|  |TAMS 0x000000071e200000, 0x000000071e200000| Untracked 
| 230|0x000000071e400000, 0x000000071e400000, 0x000000071e600000|  0%| F|  |TAMS 0x000000071e400000, 0x000000071e400000| Untracked 
| 231|0x000000071e600000, 0x000000071e600000, 0x000000071e800000|  0%| F|  |TAMS 0x000000071e600000, 0x000000071e600000| Untracked 
| 232|0x000000071e800000, 0x000000071e800000, 0x000000071ea00000|  0%| F|  |TAMS 0x000000071e800000, 0x000000071e800000| Untracked 
| 233|0x000000071ea00000, 0x000000071ea00000, 0x000000071ec00000|  0%| F|  |TAMS 0x000000071ea00000, 0x000000071ea00000| Untracked 
| 234|0x000000071ec00000, 0x000000071ec00000, 0x000000071ee00000|  0%| F|  |TAMS 0x000000071ec00000, 0x000000071ec00000| Untracked 
| 235|0x000000071ee00000, 0x000000071ee00000, 0x000000071f000000|  0%| F|  |TAMS 0x000000071ee00000, 0x000000071ee00000| Untracked 
| 236|0x000000071f000000, 0x000000071f000000, 0x000000071f200000|  0%| F|  |TAMS 0x000000071f000000, 0x000000071f000000| Untracked 
| 237|0x000000071f200000, 0x000000071f200000, 0x000000071f400000|  0%| F|  |TAMS 0x000000071f200000, 0x000000071f200000| Untracked 
| 238|0x000000071f400000, 0x000000071f400000, 0x000000071f600000|  0%| F|  |TAMS 0x000000071f400000, 0x000000071f400000| Untracked 
| 239|0x000000071f600000, 0x000000071f600000, 0x000000071f800000|  0%| F|  |TAMS 0x000000071f600000, 0x000000071f600000| Untracked 
| 240|0x000000071f800000, 0x000000071f800000, 0x000000071fa00000|  0%| F|  |TAMS 0x000000071f800000, 0x000000071f800000| Untracked 
| 241|0x000000071fa00000, 0x000000071fa00000, 0x000000071fc00000|  0%| F|  |TAMS 0x000000071fa00000, 0x000000071fa00000| Untracked 
| 242|0x000000071fc00000, 0x000000071fc00000, 0x000000071fe00000|  0%| F|  |TAMS 0x000000071fc00000, 0x000000071fc00000| Untracked 
| 243|0x000000071fe00000, 0x000000071fe00000, 0x0000000720000000|  0%| F|  |TAMS 0x000000071fe00000, 0x000000071fe00000| Untracked 
| 244|0x0000000720000000, 0x0000000720000000, 0x0000000720200000|  0%| F|  |TAMS 0x0000000720000000, 0x0000000720000000| Untracked 
| 245|0x0000000720200000, 0x0000000720200000, 0x0000000720400000|  0%| F|  |TAMS 0x0000000720200000, 0x0000000720200000| Untracked 
| 246|0x0000000720400000, 0x0000000720400000, 0x0000000720600000|  0%| F|  |TAMS 0x0000000720400000, 0x0000000720400000| Untracked 
| 247|0x0000000720600000, 0x0000000720600000, 0x0000000720800000|  0%| F|  |TAMS 0x0000000720600000, 0x0000000720600000| Untracked 
| 248|0x0000000720800000, 0x0000000720800000, 0x0000000720a00000|  0%| F|  |TAMS 0x0000000720800000, 0x0000000720800000| Untracked 
| 249|0x0000000720a00000, 0x0000000720a00000, 0x0000000720c00000|  0%| F|  |TAMS 0x0000000720a00000, 0x0000000720a00000| Untracked 
| 250|0x0000000720c00000, 0x0000000720c00000, 0x0000000720e00000|  0%| F|  |TAMS 0x0000000720c00000, 0x0000000720c00000| Untracked 
| 251|0x0000000720e00000, 0x0000000720e00000, 0x0000000721000000|  0%| F|  |TAMS 0x0000000720e00000, 0x0000000720e00000| Untracked 
| 372|0x0000000730000000, 0x000000073017b170, 0x0000000730200000| 74%| E|  |TAMS 0x0000000730000000, 0x0000000730000000| Complete 
| 373|0x0000000730200000, 0x0000000730400000, 0x0000000730400000|100%| E|CS|TAMS 0x0000000730200000, 0x0000000730200000| Complete 
| 374|0x0000000730400000, 0x0000000730600000, 0x0000000730600000|100%| E|CS|TAMS 0x0000000730400000, 0x0000000730400000| Complete 
| 384|0x0000000731800000, 0x0000000731a00000, 0x0000000731a00000|100%| E|CS|TAMS 0x0000000731800000, 0x0000000731800000| Complete 

Card table byte_map: [0x00000220628e0000,0x00000220630e0000] _byte_map_base: 0x000002205f0d4000

Marking Bits (Prev, Next): (CMBitMap*) 0x000002204b97abf0, (CMBitMap*) 0x000002204b97ac30
 Prev Bits: [0x00000220638e0000, 0x0000022067880000)
 Next Bits: [0x0000022067880000, 0x000002206b820000)

Polling page: 0x0000022042590000

Metaspace:

Usage:
  Non-class:     66.69 MB used.
      Class:     10.70 MB used.
       Both:     77.38 MB used.

Virtual space:
  Non-class space:      128.00 MB reserved,      67.00 MB ( 52%) committed,  2 nodes.
      Class space:        1.00 GB reserved,      11.00 MB (  1%) committed,  1 nodes.
             Both:        1.12 GB reserved,      78.00 MB (  7%) committed. 

Chunk freelists:
   Non-Class:  12.23 MB
       Class:  4.92 MB
        Both:  17.15 MB

MaxMetaspaceSize: unlimited
CompressedClassSpaceSize: 1.00 GB
Initial GC threshold: 21.00 MB
Current GC threshold: 128.25 MB
CDS: on
MetaspaceReclaimPolicy: balanced
 - commit_granule_bytes: 65536.
 - commit_granule_words: 8192.
 - virtual_space_node_default_size: 8388608.
 - enlarge_chunks_in_place: 1.
 - new_chunks_are_fully_committed: 0.
 - uncommit_free_chunks: 1.
 - use_allocation_guard: 0.
 - handle_deallocations: 1.


Internal statistics:

num_allocs_failed_limit: 12.
num_arena_births: 920.
num_arena_deaths: 0.
num_vsnodes_births: 3.
num_vsnodes_deaths: 0.
num_space_committed: 1242.
num_space_uncommitted: 0.
num_chunks_returned_to_freelist: 12.
num_chunks_taken_from_freelist: 2971.
num_chunk_merges: 12.
num_chunk_splits: 2215.
num_chunks_enlarged: 1673.
num_inconsistent_stats: 0.

CodeHeap 'non-profiled nmethods': size=120000Kb used=16056Kb max_used=16056Kb free=103943Kb
 bounds [0x000002205b3b0000, 0x000002205c370000, 0x00000220628e0000]
CodeHeap 'profiled nmethods': size=120000Kb used=26505Kb max_used=27698Kb free=93494Kb
 bounds [0x00000220538e0000, 0x0000022055400000, 0x000002205ae10000]
CodeHeap 'non-nmethods': size=5760Kb used=1649Kb max_used=1753Kb free=4110Kb
 bounds [0x000002205ae10000, 0x000002205b080000, 0x000002205b3b0000]
 total_blobs=14315 nmethods=13249 adapters=975
 compilation: enabled
              stopped_count=0, restarted_count=0
 full_count=0

Compilation events (20 events):
Event: 1152.111 Thread 0x000002204bc2df20 17562       3       sun.swing.DefaultLookup::getInt (32 bytes)
Event: 1152.111 Thread 0x000002204bc2df20 nmethod 17562 0x00000220539bea10 code [0x00000220539bebe0, 0x00000220539bf058]
Event: 1152.111 Thread 0x000002204bc2df20 17563       3       javax.swing.plaf.basic.BasicEditorPaneUI::addActions (40 bytes)
Event: 1152.111 Thread 0x000002204bc2df20 nmethod 17563 0x0000022053917a10 code [0x0000022053917be0, 0x0000022053917f78]
Event: 1152.116 Thread 0x000002204bc2df20 17564       3       javax.swing.text.html.BlockView::changedUpdate (45 bytes)
Event: 1152.116 Thread 0x000002204bc2df20 nmethod 17564 0x0000022054742090 code [0x00000220547422a0, 0x0000022054742a18]
Event: 1152.118 Thread 0x000002204bc2df20 17566   !   3       com.jidesoft.list.FilterableListModel::filter (242 bytes)
Event: 1152.119 Thread 0x000002204bc2d620 17568       4       java.text.AttributedCharacterIterator$Attribute::equals (6 bytes)
Event: 1152.120 Thread 0x000002204bc2d620 nmethod 17568 0x000002205c022210 code [0x000002205c022380, 0x000002205c022418]
Event: 1152.120 Thread 0x000002204bc2df20 nmethod 17566 0x00000220551b0190 code [0x00000220551b0560, 0x00000220551b2ea8]
Event: 1152.120 Thread 0x000002204bc2df20 17567       3       javax.swing.ArrayTable::grow (53 bytes)
Event: 1152.120 Thread 0x000002204bc2df20 nmethod 17567 0x0000022054628a10 code [0x0000022054628c00, 0x0000022054629198]
Event: 1152.120 Thread 0x000002204bc2df20 17565       3       com.jidesoft.list.FilterableListModel::setFiltersApplied (10 bytes)
Event: 1152.120 Thread 0x000002204bc2df20 nmethod 17565 0x0000022054658a10 code [0x0000022054658ba0, 0x0000022054658d68]
Event: 1152.123 Thread 0x000002204bc2df20 17569       3       javax.swing.plaf.basic.BasicTextUI$UpdateHandler::removeUpdate (45 bytes)
Event: 1152.124 Thread 0x000002204bc2df20 nmethod 17569 0x0000022054192290 code [0x0000022054192480, 0x0000022054192ab8]
Event: 1152.124 Thread 0x000002204bc2df20 17570       3       javax.swing.plaf.basic.BasicTextUI$RootView::removeUpdate (18 bytes)
Event: 1152.124 Thread 0x000002204bc2df20 nmethod 17570 0x0000022054747a10 code [0x0000022054747bc0, 0x0000022054747dc8]
Event: 1152.129 Thread 0x000002204bc2df20 17571   !   3       javax.swing.plaf.basic.BasicTextUI$UpdateHandler::layoutContainer (205 bytes)
Event: 1152.130 Thread 0x000002204bc2df20 nmethod 17571 0x0000022054bbb610 code [0x0000022054bbb920, 0x0000022054bbd1a8]

GC Heap History (20 events):
Event: 806.115 GC heap before
{Heap before GC invocations=48 (full 2):
 garbage-first heap   total 524288K, used 165839K [0x0000000701800000, 0x0000000800000000)
  region size 2048K, 40 young (81920K), 1 survivors (2048K)
 Metaspace       used 78643K, committed 79232K, reserved 1179648K
  class space    used 10909K, committed 11200K, reserved 1048576K
}
Event: 806.117 GC heap after
{Heap after GC invocations=49 (full 2):
 garbage-first heap   total 524288K, used 85994K [0x0000000701800000, 0x0000000800000000)
  region size 2048K, 1 young (2048K), 1 survivors (2048K)
 Metaspace       used 78643K, committed 79232K, reserved 1179648K
  class space    used 10909K, committed 11200K, reserved 1048576K
}
Event: 831.813 GC heap before
{Heap before GC invocations=49 (full 2):
 garbage-first heap   total 524288K, used 165866K [0x0000000701800000, 0x0000000800000000)
  region size 2048K, 40 young (81920K), 1 survivors (2048K)
 Metaspace       used 78930K, committed 79488K, reserved 1179648K
  class space    used 10942K, committed 11200K, reserved 1048576K
}
Event: 831.815 GC heap after
{Heap after GC invocations=50 (full 2):
 garbage-first heap   total 524288K, used 86866K [0x0000000701800000, 0x0000000800000000)
  region size 2048K, 1 young (2048K), 1 survivors (2048K)
 Metaspace       used 78930K, committed 79488K, reserved 1179648K
  class space    used 10942K, committed 11200K, reserved 1048576K
}
Event: 834.759 GC heap before
{Heap before GC invocations=50 (full 2):
 garbage-first heap   total 524288K, used 166738K [0x0000000701800000, 0x0000000800000000)
  region size 2048K, 40 young (81920K), 1 survivors (2048K)
 Metaspace       used 79014K, committed 79616K, reserved 1179648K
  class space    used 10951K, committed 11264K, reserved 1048576K
}
Event: 834.762 GC heap after
{Heap after GC invocations=51 (full 2):
 garbage-first heap   total 524288K, used 86649K [0x0000000701800000, 0x0000000800000000)
  region size 2048K, 1 young (2048K), 1 survivors (2048K)
 Metaspace       used 79014K, committed 79616K, reserved 1179648K
  class space    used 10951K, committed 11264K, reserved 1048576K
}
Event: 888.313 GC heap before
{Heap before GC invocations=51 (full 2):
 garbage-first heap   total 524288K, used 166521K [0x0000000701800000, 0x0000000800000000)
  region size 2048K, 40 young (81920K), 1 survivors (2048K)
 Metaspace       used 79045K, committed 79680K, reserved 1179648K
  class space    used 10951K, committed 11264K, reserved 1048576K
}
Event: 888.318 GC heap after
{Heap after GC invocations=52 (full 2):
 garbage-first heap   total 524288K, used 86640K [0x0000000701800000, 0x0000000800000000)
  region size 2048K, 1 young (2048K), 1 survivors (2048K)
 Metaspace       used 79045K, committed 79680K, reserved 1179648K
  class space    used 10951K, committed 11264K, reserved 1048576K
}
Event: 928.250 GC heap before
{Heap before GC invocations=52 (full 2):
 garbage-first heap   total 524288K, used 166512K [0x0000000701800000, 0x0000000800000000)
  region size 2048K, 40 young (81920K), 1 survivors (2048K)
 Metaspace       used 79090K, committed 79680K, reserved 1179648K
  class space    used 10951K, committed 11264K, reserved 1048576K
}
Event: 928.252 GC heap after
{Heap after GC invocations=53 (full 2):
 garbage-first heap   total 524288K, used 86574K [0x0000000701800000, 0x0000000800000000)
  region size 2048K, 1 young (2048K), 1 survivors (2048K)
 Metaspace       used 79090K, committed 79680K, reserved 1179648K
  class space    used 10951K, committed 11264K, reserved 1048576K
}
Event: 1001.946 GC heap before
{Heap before GC invocations=53 (full 2):
 garbage-first heap   total 524288K, used 166446K [0x0000000701800000, 0x0000000800000000)
  region size 2048K, 40 young (81920K), 1 survivors (2048K)
 Metaspace       used 79113K, committed 79744K, reserved 1179648K
  class space    used 10951K, committed 11264K, reserved 1048576K
}
Event: 1001.948 GC heap after
{Heap after GC invocations=54 (full 2):
 garbage-first heap   total 524288K, used 86676K [0x0000000701800000, 0x0000000800000000)
  region size 2048K, 1 young (2048K), 1 survivors (2048K)
 Metaspace       used 79113K, committed 79744K, reserved 1179648K
  class space    used 10951K, committed 11264K, reserved 1048576K
}
Event: 1054.255 GC heap before
{Heap before GC invocations=54 (full 2):
 garbage-first heap   total 524288K, used 166548K [0x0000000701800000, 0x0000000800000000)
  region size 2048K, 40 young (81920K), 1 survivors (2048K)
 Metaspace       used 79143K, committed 79744K, reserved 1179648K
  class space    used 10951K, committed 11264K, reserved 1048576K
}
Event: 1054.257 GC heap after
{Heap after GC invocations=55 (full 2):
 garbage-first heap   total 524288K, used 86642K [0x0000000701800000, 0x0000000800000000)
  region size 2048K, 1 young (2048K), 1 survivors (2048K)
 Metaspace       used 79143K, committed 79744K, reserved 1179648K
  class space    used 10951K, committed 11264K, reserved 1048576K
}
Event: 1106.684 GC heap before
{Heap before GC invocations=55 (full 2):
 garbage-first heap   total 524288K, used 166514K [0x0000000701800000, 0x0000000800000000)
  region size 2048K, 40 young (81920K), 1 survivors (2048K)
 Metaspace       used 79148K, committed 79808K, reserved 1179648K
  class space    used 10951K, committed 11264K, reserved 1048576K
}
Event: 1106.687 GC heap after
{Heap after GC invocations=56 (full 2):
 garbage-first heap   total 524288K, used 86625K [0x0000000701800000, 0x0000000800000000)
  region size 2048K, 1 young (2048K), 1 survivors (2048K)
 Metaspace       used 79148K, committed 79808K, reserved 1179648K
  class space    used 10951K, committed 11264K, reserved 1048576K
}
Event: 1128.795 GC heap before
{Heap before GC invocations=56 (full 2):
 garbage-first heap   total 524288K, used 166497K [0x0000000701800000, 0x0000000800000000)
  region size 2048K, 40 young (81920K), 1 survivors (2048K)
 Metaspace       used 79165K, committed 79808K, reserved 1179648K
  class space    used 10951K, committed 11264K, reserved 1048576K
}
Event: 1128.798 GC heap after
{Heap after GC invocations=57 (full 2):
 garbage-first heap   total 524288K, used 86651K [0x0000000701800000, 0x0000000800000000)
  region size 2048K, 1 young (2048K), 1 survivors (2048K)
 Metaspace       used 79165K, committed 79808K, reserved 1179648K
  class space    used 10951K, committed 11264K, reserved 1048576K
}
Event: 1149.582 GC heap before
{Heap before GC invocations=57 (full 2):
 garbage-first heap   total 524288K, used 166523K [0x0000000701800000, 0x0000000800000000)
  region size 2048K, 40 young (81920K), 1 survivors (2048K)
 Metaspace       used 79210K, committed 79872K, reserved 1179648K
  class space    used 10951K, committed 11264K, reserved 1048576K
}
Event: 1149.586 GC heap after
{Heap after GC invocations=58 (full 2):
 garbage-first heap   total 524288K, used 86585K [0x0000000701800000, 0x0000000800000000)
  region size 2048K, 1 young (2048K), 1 survivors (2048K)
 Metaspace       used 79210K, committed 79872K, reserved 1179648K
  class space    used 10951K, committed 11264K, reserved 1048576K
}

Dll operation events (20 events):
Event: 1.322 Loaded shared library C:\Xilinx\Vivado\2023.2\lib\win64.o\librdi_ipservicestasks.dll
Event: 1.323 Loaded shared library C:\Xilinx\Vivado\2023.2\lib\win64.o\librdi_vivadotasks.dll
Event: 1.324 Loaded shared library C:\Xilinx\Vivado\2023.2\lib\win64.o\librdi_board.dll
Event: 1.325 Loaded shared library C:\Xilinx\Vivado\2023.2\lib\win64.o\librdi_boarddep.dll
Event: 1.326 Loaded shared library C:\Xilinx\Vivado\2023.2\lib\win64.o\librdi_boardcommontasks.dll
Event: 1.327 Loaded shared library C:\Xilinx\Vivado\2023.2\lib\win64.o\librdi_ptgen.dll
Event: 1.328 Loaded shared library C:\Xilinx\Vivado\2023.2\lib\win64.o\librdi_ip.dll
Event: 1.328 Loaded shared library C:\Xilinx\Vivado\2023.2\lib\win64.o\librdi_mig.dll
Event: 1.329 Loaded shared library C:\Xilinx\Vivado\2023.2\lib\win64.o\librdi_implflow.dll
Event: 1.330 Loaded shared library C:\Xilinx\Vivado\2023.2\lib\win64.o\librdi_xhubtasks.dll
Event: 1.352 Loaded shared library C:\Xilinx\Vivado\2023.2\lib\win64.o\librdi_iptasks.dll
Event: 1.353 Loaded shared library C:\Xilinx\Vivado\2023.2\lib\win64.o\librdi_synth.dll
Event: 2.572 Loaded shared library C:\Xilinx\Vivado\2023.2\tps\win64\jre17.0.7_7\bin\verify.dll
Event: 2.975 Loaded shared library C:\Xilinx\Vivado\2023.2\tps\win64\jre17.0.7_7\bin\javajpeg.dll
Event: 2.985 Loaded shared library C:\Xilinx\Vivado\2023.2\tps\win64\jre17.0.7_7\bin\lcms.dll
Event: 3.509 Loaded shared library C:\Xilinx\Vivado\2023.2\tps\win64\jre17.0.7_7\bin\freetype.dll
Event: 3.512 Loaded shared library C:\Xilinx\Vivado\2023.2\tps\win64\jre17.0.7_7\bin\fontmanager.dll
Event: 7.913 Loaded shared library C:\Xilinx\Vivado\2023.2\lib\win64.o\librdi_xhub.dll
Event: 14.363 Loaded shared library C:\Xilinx\Vivado\2023.2\tps\win64\jre17.0.7_7\bin\management.dll
Event: 14.367 Loaded shared library C:\Xilinx\Vivado\2023.2\tps\win64\jre17.0.7_7\bin\management_ext.dll

Deoptimization events (20 events):
Event: 979.814 Thread 0x000002200f5ec400 Uncommon trap: trap_request=0xffffff45 fr.pc=0x000002205c2a6e18 relative=0x0000000000000098
Event: 979.814 Thread 0x000002200f5ec400 Uncommon trap: reason=unstable_if action=reinterpret pc=0x000002205c2a6e18 method=com.jidesoft.plaf.synthetica.AnimationThreadFactory$AnimationThread$ComponentAnimation.next()Z @ 18 c2
Event: 979.814 Thread 0x000002200f5ec400 DEOPT PACKING pc=0x000002205c2a6e18 sp=0x000000adb50ff010
Event: 979.814 Thread 0x000002200f5ec400 DEOPT UNPACKING pc=0x000002205ae669a3 sp=0x000000adb50fefb0 mode 2
Event: 1043.458 Thread 0x000002200f5f8e20 Uncommon trap: trap_request=0xffffff45 fr.pc=0x000002205bd54e74 relative=0x0000000000004274
Event: 1043.458 Thread 0x000002200f5f8e20 Uncommon trap: reason=unstable_if action=reinterpret pc=0x000002205bd54e74 method=java.util.concurrent.locks.LockSupport.unpark(Ljava/lang/Thread;)V @ 1 c2
Event: 1043.458 Thread 0x000002200f5f8e20 DEOPT PACKING pc=0x000002205bd54e74 sp=0x000000ada55fe910
Event: 1043.458 Thread 0x000002200f5f8e20 DEOPT UNPACKING pc=0x000002205ae669a3 sp=0x000000ada55fe788 mode 2
Event: 1047.744 Thread 0x000002204bc18fe0 Uncommon trap: trap_request=0xffffff45 fr.pc=0x000002205bfa7d90 relative=0x0000000000001010
Event: 1047.744 Thread 0x000002204bc194b0 Uncommon trap: trap_request=0xffffff45 fr.pc=0x000002205b451240 relative=0x0000000000001b80
Event: 1047.744 Thread 0x000002204bc18fe0 Uncommon trap: reason=unstable_if action=reinterpret pc=0x000002205bfa7d90 method=java.util.concurrent.locks.AbstractQueuedSynchronizer.acquire(Ljava/util/concurrent/locks/AbstractQueuedSynchronizer$Node;IZZZJ)I @ 99 c2
Event: 1047.744 Thread 0x000002204bc194b0 Uncommon trap: reason=unstable_if action=reinterpret pc=0x000002205b451240 method=java.util.concurrent.locks.AbstractQueuedSynchronizer.isEnqueued(Ljava/util/concurrent/locks/AbstractQueuedSynchronizer$Node;)Z @ 11 c2
Event: 1047.744 Thread 0x000002204bc18fe0 DEOPT PACKING pc=0x000002205bfa7d90 sp=0x000000ad9c7ff3b0
Event: 1047.744 Thread 0x000002204bc194b0 DEOPT PACKING pc=0x000002205b451240 sp=0x000000ad9d1fefb0
Event: 1047.744 Thread 0x000002204bc18fe0 DEOPT UNPACKING pc=0x000002205ae669a3 sp=0x000000ad9c7ff350 mode 2
Event: 1047.744 Thread 0x000002204bc194b0 DEOPT UNPACKING pc=0x000002205ae669a3 sp=0x000000ad9d1fee40 mode 2
Event: 1106.056 Thread 0x000002200f5fb970 Uncommon trap: trap_request=0xffffff45 fr.pc=0x000002205c23605c relative=0x000000000000015c
Event: 1106.056 Thread 0x000002200f5fb970 Uncommon trap: reason=unstable_if action=reinterpret pc=0x000002205c23605c method=java.util.concurrent.locks.ReentrantLock$Sync.tryLock()Z @ 10 c2
Event: 1106.056 Thread 0x000002200f5fb970 DEOPT PACKING pc=0x000002205c23605c sp=0x000000adb14ff270
Event: 1106.056 Thread 0x000002200f5fb970 DEOPT UNPACKING pc=0x000002205ae669a3 sp=0x000000adb14ff1b8 mode 2

Classes unloaded (0 events):
No events

Classes redefined (0 events):
No events

Internal exceptions (20 events):
Event: 1104.770 Thread 0x000002204bc194b0 Exception <a 'java/io/FileNotFoundException'{0x000000071c9ab3e0}> (0x000000071c9ab3e0) 
thrown [s\src\hotspot\share\prims\jni.cpp, line 516]
Event: 1109.650 Thread 0x000002204bc194b0 Exception <a 'java/io/FileNotFoundException'{0x0000000720978800}> (0x0000000720978800) 
thrown [s\src\hotspot\share\prims\jni.cpp, line 516]
Event: 1109.771 Thread 0x000002204bc194b0 Exception <a 'java/io/FileNotFoundException'{0x0000000720983df0}> (0x0000000720983df0) 
thrown [s\src\hotspot\share\prims\jni.cpp, line 516]
Event: 1114.652 Thread 0x000002204bc194b0 Exception <a 'java/io/FileNotFoundException'{0x000000071f2ced50}> (0x000000071f2ced50) 
thrown [s\src\hotspot\share\prims\jni.cpp, line 516]
Event: 1114.772 Thread 0x000002204bc194b0 Exception <a 'java/io/FileNotFoundException'{0x000000071f2f35e0}> (0x000000071f2f35e0) 
thrown [s\src\hotspot\share\prims\jni.cpp, line 516]
Event: 1119.652 Thread 0x000002204bc194b0 Exception <a 'java/io/FileNotFoundException'{0x000000071e7e4e50}> (0x000000071e7e4e50) 
thrown [s\src\hotspot\share\prims\jni.cpp, line 516]
Event: 1119.772 Thread 0x000002204bc194b0 Exception <a 'java/io/FileNotFoundException'{0x000000071e416048}> (0x000000071e416048) 
thrown [s\src\hotspot\share\prims\jni.cpp, line 516]
Event: 1124.653 Thread 0x000002204bc194b0 Exception <a 'java/io/FileNotFoundException'{0x000000071d46a050}> (0x000000071d46a050) 
thrown [s\src\hotspot\share\prims\jni.cpp, line 516]
Event: 1124.774 Thread 0x000002204bc194b0 Exception <a 'java/io/FileNotFoundException'{0x000000071d471d00}> (0x000000071d471d00) 
thrown [s\src\hotspot\share\prims\jni.cpp, line 516]
Event: 1129.653 Thread 0x000002204bc194b0 Exception <a 'java/io/FileNotFoundException'{0x00000007319c7520}> (0x00000007319c7520) 
thrown [s\src\hotspot\share\prims\jni.cpp, line 516]
Event: 1129.776 Thread 0x000002204bc194b0 Exception <a 'java/io/FileNotFoundException'{0x00000007319d4d18}> (0x00000007319d4d18) 
thrown [s\src\hotspot\share\prims\jni.cpp, line 516]
Event: 1134.654 Thread 0x000002204bc194b0 Exception <a 'java/io/FileNotFoundException'{0x0000000720a39268}> (0x0000000720a39268) 
thrown [s\src\hotspot\share\prims\jni.cpp, line 516]
Event: 1134.776 Thread 0x000002204bc194b0 Exception <a 'java/io/FileNotFoundException'{0x0000000720a4d370}> (0x0000000720a4d370) 
thrown [s\src\hotspot\share\prims\jni.cpp, line 516]
Event: 1139.655 Thread 0x000002204bc194b0 Exception <a 'java/io/FileNotFoundException'{0x000000071f9d1960}> (0x000000071f9d1960) 
thrown [s\src\hotspot\share\prims\jni.cpp, line 516]
Event: 1139.777 Thread 0x000002204bc194b0 Exception <a 'java/io/FileNotFoundException'{0x000000071f9df750}> (0x000000071f9df750) 
thrown [s\src\hotspot\share\prims\jni.cpp, line 516]
Event: 1144.656 Thread 0x000002204bc194b0 Exception <a 'java/io/FileNotFoundException'{0x000000071ee4d600}> (0x000000071ee4d600) 
thrown [s\src\hotspot\share\prims\jni.cpp, line 516]
Event: 1144.778 Thread 0x000002204bc194b0 Exception <a 'java/io/FileNotFoundException'{0x000000071ef421b8}> (0x000000071ef421b8) 
thrown [s\src\hotspot\share\prims\jni.cpp, line 516]
Event: 1149.667 Thread 0x000002204bc194b0 Exception <a 'java/io/FileNotFoundException'{0x00000007318f8340}> (0x00000007318f8340) 
thrown [s\src\hotspot\share\prims\jni.cpp, line 516]
Event: 1149.779 Thread 0x000002204bc194b0 Exception <a 'java/io/FileNotFoundException'{0x0000000731928398}> (0x0000000731928398) 
thrown [s\src\hotspot\share\prims\jni.cpp, line 516]
Event: 1152.058 Thread 0x000002200f6049d0 Exception <a 'java/lang/InterruptedException'{0x0000000730215f88}: sleep interrupted> (0x0000000730215f88) 
thrown [s\src\hotspot\share\prims\jvm.cpp, line 3070]

VM Operations (20 events):
Event: 1123.694 Executing VM operation: Cleanup
Event: 1123.694 Executing VM operation: Cleanup done
Event: 1127.696 Executing VM operation: Cleanup
Event: 1127.696 Executing VM operation: Cleanup done
Event: 1128.696 Executing VM operation: Cleanup
Event: 1128.696 Executing VM operation: Cleanup done
Event: 1128.795 Executing VM operation: G1CollectForAllocation
Event: 1128.798 Executing VM operation: G1CollectForAllocation done
Event: 1139.810 Executing VM operation: Cleanup
Event: 1139.810 Executing VM operation: Cleanup done
Event: 1146.814 Executing VM operation: Cleanup
Event: 1146.814 Executing VM operation: Cleanup done
Event: 1148.814 Executing VM operation: Cleanup
Event: 1148.814 Executing VM operation: Cleanup done
Event: 1149.582 Executing VM operation: G1CollectForAllocation
Event: 1149.586 Executing VM operation: G1CollectForAllocation done
Event: 1150.586 Executing VM operation: Cleanup
Event: 1150.586 Executing VM operation: Cleanup done
Event: 1152.587 Executing VM operation: Cleanup
Event: 1152.587 Executing VM operation: Cleanup done

Events (20 events):
Event: 1149.100 Thread 0x000002200f5fb970 Thread exited: 0x000002200f5fb970
Event: 1150.082 Thread 0x000002200f5fb970 Thread added: 0x000002200f5fb970
Event: 1150.099 Thread 0x000002200f5fb970 Thread exited: 0x000002200f5fb970
Event: 1150.141 Thread 0x000002200f5fb970 Thread added: 0x000002200f5fb970
Event: 1151.082 Thread 0x000002200f601e80 Thread added: 0x000002200f601e80
Event: 1151.086 Thread 0x000002200f601e80 Thread exited: 0x000002200f601e80
Event: 1151.182 Thread 0x000002200f5fb970 Thread exited: 0x000002200f5fb970
Event: 1152.058 Thread 0x000002200f6049d0 Thread exited: 0x000002200f6049d0
Event: 1152.060 Thread 0x000002200f5fb970 Thread added: 0x000002200f5fb970
Event: 1152.060 Thread 0x000002200f601e80 Thread added: 0x000002200f601e80
Event: 1152.060 Thread 0x000002200f6049d0 Thread added: 0x000002200f6049d0
Event: 1152.084 Thread 0x000002200f5e8f10 Thread added: 0x000002200f5e8f10
Event: 1152.090 Thread 0x000002200f5e8f10 Thread exited: 0x000002200f5e8f10
Event: 1152.092 Thread 0x000002200f5e98b0 Thread added: 0x000002200f5e98b0
Event: 1152.129 Thread 0x000002200f6049d0 Thread exited: 0x000002200f6049d0
Event: 1152.631 Thread 0x000002200f6049d0 Thread added: 0x000002200f6049d0
Event: 1152.632 Thread 0x000002200f5e6890 Thread added: 0x000002200f5e6890
Event: 1152.633 Thread 0x000002200f5e63c0 Thread added: 0x000002200f5e63c0
Event: 1152.633 Thread 0x000002200f5e6d60 Thread added: 0x000002200f5e6d60
Event: 1152.644 Thread 0x000002200f5e6890 Thread exited: 0x000002200f5e6890


Dynamic libraries:
0x00007ff63c080000 - 0x00007ff63c0b1000 	C:\Xilinx\Vivado\2023.2\bin\unwrapped\win64.o\vivado.exe
0x00007ffd550b0000 - 0x00007ffd552c7000 	C:\WINDOWS\SYSTEM32\ntdll.dll
0x00007ffd542d0000 - 0x00007ffd54394000 	C:\WINDOWS\System32\KERNEL32.DLL
0x00007ffd528f0000 - 0x00007ffd52c9c000 	C:\WINDOWS\System32\KERNELBASE.dll
0x00007ffd527d0000 - 0x00007ffd528e1000 	C:\WINDOWS\System32\ucrtbase.dll
0x00007ffd2e740000 - 0x00007ffd2e7cd000 	C:\WINDOWS\SYSTEM32\MSVCP140.dll
0x00007ffd47d70000 - 0x00007ffd47d8e000 	C:\WINDOWS\SYSTEM32\VCRUNTIME140.dll
0x00007ffd2d8e0000 - 0x00007ffd2d8fc000 	C:\Xilinx\Vivado\2023.2\lib\win64.o\librdi_commonmain.dll
0x00007ffd02c80000 - 0x00007ffd0432a000 	C:\Xilinx\Vivado\2023.2\lib\win64.o\librdi_common.dll
0x00007ffd49f70000 - 0x00007ffd49f7c000 	C:\WINDOWS\SYSTEM32\VCRUNTIME140_1.dll
0x00007ffd54cc0000 - 0x00007ffd54e6e000 	C:\WINDOWS\System32\USER32.dll
0x00007ffd527a0000 - 0x00007ffd527c6000 	C:\WINDOWS\System32\win32u.dll
0x00007ffd53b20000 - 0x00007ffd53b49000 	C:\WINDOWS\System32\GDI32.dll
0x00007ffd52ca0000 - 0x00007ffd52db9000 	C:\WINDOWS\System32\gdi32full.dll
0x00007ffd52510000 - 0x00007ffd525aa000 	C:\WINDOWS\System32\msvcp_win.dll
0x00007ffd02850000 - 0x00007ffd02c80000 	C:\Xilinx\Vivado\2023.2\lib\win64.o\python38.dll
0x00007ffd54c00000 - 0x00007ffd54cb2000 	C:\WINDOWS\System32\ADVAPI32.dll
0x00007ffd53780000 - 0x00007ffd53827000 	C:\WINDOWS\System32\msvcrt.dll
0x00007ffd52df0000 - 0x00007ffd52e9a000 	C:\WINDOWS\System32\sechost.dll
0x00007ffd52dc0000 - 0x00007ffd52de8000 	C:\WINDOWS\System32\bcrypt.dll
0x00007ffd53b70000 - 0x00007ffd53c85000 	C:\WINDOWS\System32\RPCRT4.dll
0x00007ffd339d0000 - 0x00007ffd339f1000 	C:\Xilinx\Vivado\2023.2\lib\win64.o\libboost_filesystem.dll
0x00007ffd543a0000 - 0x00007ffd54bfc000 	C:\WINDOWS\System32\SHELL32.dll
0x00007ffd524a0000 - 0x00007ffd5250b000 	C:\WINDOWS\System32\WINTRUST.dll
0x00007ffd54f60000 - 0x00007ffd54fd1000 	C:\WINDOWS\System32\WS2_32.dll
0x00007ffd54210000 - 0x00007ffd5426e000 	C:\WINDOWS\System32\SHLWAPI.dll
0x00007ffd47cf0000 - 0x00007ffd47cf9000 	C:\Xilinx\Vivado\2023.2\lib\win64.o\librdi_commonversion.dll
0x00007ffd05980000 - 0x00007ffd05b36000 	C:\Xilinx\Vivado\2023.2\lib\win64.o\librdi_commonxillic.dll
0x0000000072040000 - 0x000000007216c000 	C:\Xilinx\Vivado\2023.2\lib\win64.o\tcl85t.dll
0x00007ffcf6310000 - 0x00007ffcf667e000 	C:\Xilinx\Vivado\2023.2\lib\win64.o\libCOIN-all.dll
0x00007ffd3abf0000 - 0x00007ffd3ac01000 	C:\Xilinx\Vivado\2023.2\lib\win64.o\libboost_date_time.dll
0x00007ffd2e6c0000 - 0x00007ffd2e739000 	C:\Xilinx\Vivado\2023.2\lib\win64.o\libboost_program_options.dll
0x00007ffd2d930000 - 0x00007ffd2da44000 	C:\Xilinx\Vivado\2023.2\lib\win64.o\libboost_regex.dll
0x00007ffd339b0000 - 0x00007ffd339cc000 	C:\Xilinx\Vivado\2023.2\lib\win64.o\libboost_thread.dll
0x00007ffd49f30000 - 0x00007ffd49f3c000 	C:\Xilinx\Vivado\2023.2\lib\win64.o\libboost_xilinx.dll
0x00007ffd11e20000 - 0x00007ffd11ea2000 	C:\Xilinx\Vivado\2023.2\lib\win64.o\libhdlpsolve.dll
0x00007ffcd3c50000 - 0x00007ffcd4c74600 	C:\Xilinx\Vivado\2023.2\lib\win64.o\libisl_iostreams.dll
0x00007ffd11650000 - 0x00007ffd116f5000 	C:\Xilinx\Vivado\2023.2\lib\win64.o\libhdxml.dll
0x00007ffd338d0000 - 0x00007ffd338fa000 	C:\Xilinx\Vivado\2023.2\lib\win64.o\libisl_sysinfo.dll
0x00007ffd274f0000 - 0x00007ffd27555000 	C:\Xilinx\Vivado\2023.2\lib\win64.o\liblmx6.0.dll
0x00007ffd33990000 - 0x00007ffd339aa000 	C:\Xilinx\Vivado\2023.2\lib\win64.o\pthreadVC2.dll
0x00007ffd33920000 - 0x00007ffd3393c000 	C:\Xilinx\Vivado\2023.2\lib\win64.o\librdiconfig.dll
0x00007ffd2de10000 - 0x00007ffd2de31000 	C:\Xilinx\Vivado\2023.2\lib\win64.o\librdizlib.dll
0x00007ffcf6fb0000 - 0x00007ffcf7271000 	C:\Xilinx\Vivado\2023.2\lib\win64.o\xerces-c_3_2.dll
0x00007ffd33530000 - 0x00007ffd33549000 	C:\WINDOWS\SYSTEM32\NETAPI32.dll
0x00007ffd368f0000 - 0x00007ffd36de4000 	C:\WINDOWS\SYSTEM32\WININET.dll
0x00007ffd495b0000 - 0x00007ffd496e6000 	C:\WINDOWS\SYSTEM32\WINHTTP.dll
0x00007ffd3b8c0000 - 0x00007ffd3bab0000 	C:\WINDOWS\SYSTEM32\urlmon.dll
0x00007ffd2d900000 - 0x00007ffd2d930000 	C:\WINDOWS\SYSTEM32\VCOMP140.DLL
0x00007ffd47ed0000 - 0x00007ffd47ed9000 	C:\WINDOWS\SYSTEM32\WSOCK32.dll
0x00007ffcbccf0000 - 0x00007ffcbec07000 	C:\Xilinx\Vivado\2023.2\lib\win64.o\gurobi90.dll
0x00007ffd525b0000 - 0x00007ffd52717000 	C:\WINDOWS\System32\CRYPT32.dll
0x00007ffd480e0000 - 0x00007ffd480ea000 	C:\WINDOWS\SYSTEM32\VERSION.dll
0x00007ffd54270000 - 0x00007ffd542d0000 	C:\WINDOWS\System32\WLDAP32.dll
0x00007ffd54f20000 - 0x00007ffd54f28000 	C:\WINDOWS\System32\Normaliz.dll
0x00007ffcf5fe0000 - 0x00007ffcf630d000 	C:\Xilinx\Vivado\2023.2\lib\win64.o\libXil_lmgr11.dll
0x00007ffd54000000 - 0x00007ffd540f6000 	C:\WINDOWS\System32\COMDLG32.dll
0x00007ffd52f20000 - 0x00007ffd532a8000 	C:\WINDOWS\System32\combase.dll
0x00007ffd54110000 - 0x00007ffd54204000 	C:\WINDOWS\System32\shcore.dll
0x00007ffd53880000 - 0x00007ffd53957000 	C:\WINDOWS\System32\OLEAUT32.dll
0x00007ffd53c90000 - 0x00007ffd53e35000 	C:\WINDOWS\System32\ole32.dll
0x00007ffd2e6a0000 - 0x00007ffd2e6b8000 	C:\Xilinx\Vivado\2023.2\lib\win64.o\libboost_iostreams.dll
0x00007ffd275e0000 - 0x00007ffd27604000 	C:\Xilinx\Vivado\2023.2\lib\win64.o\libisl_iosutils.dll
0x00007ffd39ef0000 - 0x00007ffd3a1ae000 	C:\WINDOWS\SYSTEM32\iertutil.dll
0x00007ffd50e40000 - 0x00007ffd50e4c000 	C:\WINDOWS\SYSTEM32\netutils.dll
0x00007ffd2df60000 - 0x00007ffd2df88000 	C:\WINDOWS\SYSTEM32\srvcli.dll
0x00007ffd269f0000 - 0x00007ffd26aa3000 	C:\WINDOWS\WinSxS\amd64_microsoft.windows.common-controls_6595b64144ccf1df_5.82.22621.3527_none_b43b7f4b638cc64f\COMCTL32.dll
0x00007ffd519f0000 - 0x00007ffd51a18000 	C:\WINDOWS\SYSTEM32\USERENV.dll
0x00007ffd49570000 - 0x00007ffd4958f000 	C:\WINDOWS\SYSTEM32\dhcpcsvc.DLL
0x00007ffd51930000 - 0x00007ffd51999000 	C:\WINDOWS\SYSTEM32\MSWSOCK.DLL
0x00007ffd532c0000 - 0x00007ffd532f1000 	C:\WINDOWS\System32\IMM32.DLL
0x00007ffd51bc0000 - 0x00007ffd51bd2000 	C:\WINDOWS\SYSTEM32\MSASN1.dll
0x00007ffd51b60000 - 0x00007ffd51b7b000 	C:\WINDOWS\SYSTEM32\CRYPTSP.dll
0x00007ffd51420000 - 0x00007ffd51455000 	C:\WINDOWS\system32\rsaenh.dll
0x00007ffd51b50000 - 0x00007ffd51b5c000 	C:\WINDOWS\SYSTEM32\CRYPTBASE.dll
0x00007ffd52720000 - 0x00007ffd5279b000 	C:\WINDOWS\System32\bcryptPrimitives.dll
0x00007ffd53b50000 - 0x00007ffd53b6f000 	C:\WINDOWS\System32\imagehlp.dll
0x00007ffd514c0000 - 0x00007ffd514d8000 	C:\WINDOWS\SYSTEM32\kernel.appcore.dll
0x00007ffcf5a90000 - 0x00007ffcf5fdd000 	C:\Xilinx\Vivado\2023.2\lib\win64.o\librdi_commontasks.dll
0x00007ffcd3000000 - 0x00007ffcd3c48000 	C:\Xilinx\Vivado\2023.2\tps\win64\jre17.0.7_7\bin\server\jvm.dll
0x00007ffce1660000 - 0x00007ffce198b800 	C:\Xilinx\Vivado\2023.2\lib\win64.o\librdi_sio.dll
0x00007ffd50f00000 - 0x00007ffd50f2d000 	C:\WINDOWS\SYSTEM32\IPHLPAPI.DLL
0x00007ffd48f30000 - 0x00007ffd48f64000 	C:\WINDOWS\SYSTEM32\WINMM.dll
0x00007ffd519c0000 - 0x00007ffd519e6000 	C:\WINDOWS\SYSTEM32\gpapi.dll
0x00007ffd480a0000 - 0x00007ffd480d2000 	C:\Windows\System32\cryptnet.dll
0x00007ffd52310000 - 0x00007ffd52331000 	C:\WINDOWS\SYSTEM32\profapi.dll
0x00007ffd4c6a0000 - 0x00007ffd4c6ad000 	C:\WINDOWS\SYSTEM32\WINNSI.DLL
0x00007ffd54100000 - 0x00007ffd54109000 	C:\WINDOWS\System32\NSI.dll
0x00007ffd51730000 - 0x00007ffd5177c000 	C:\WINDOWS\SYSTEM32\SspiCli.dll
0x00007ffd49f40000 - 0x00007ffd49f57000 	C:\WINDOWS\system32\napinsp.dll
0x00007ffd497e0000 - 0x00007ffd497fb000 	C:\WINDOWS\system32\pnrpnsp.dll
0x00007ffd50f30000 - 0x00007ffd51028000 	C:\WINDOWS\SYSTEM32\DNSAPI.dll
0x00007ffcf5860000 - 0x00007ffcf5871000 	C:\WINDOWS\System32\winrnr.dll
0x00007ffd48600000 - 0x00007ffd48615000 	C:\WINDOWS\system32\wshbth.dll
0x00007ffd49ed0000 - 0x00007ffd49ef7000 	C:\WINDOWS\system32\nlansp_c.dll
0x00007ffd502f0000 - 0x00007ffd50be7000 	C:\WINDOWS\SYSTEM32\windows.storage.dll
0x00007ffd501b0000 - 0x00007ffd502ef000 	C:\WINDOWS\SYSTEM32\wintypes.dll
0x00007ffcb92e0000 - 0x00007ffcbc0a6000 	C:\Xilinx\Vivado\2023.2\lib\win64.o\librdi_tcltasks.dll
0x00007ffd1d940000 - 0x00007ffd1d9c3000 	C:\Xilinx\Vivado\2023.2\lib\win64.o\librdi_boarddep.dll
0x00007ffd055a0000 - 0x00007ffd057a0000 	C:\Xilinx\Vivado\2023.2\lib\win64.o\librdi_board.dll
0x00007ffcd1690000 - 0x00007ffcd1b71000 	C:\Xilinx\Vivado\2023.2\lib\win64.o\librdi_bitstream.dll
0x00007ffcfe500000 - 0x00007ffcfe62a000 	C:\Xilinx\Vivado\2023.2\lib\win64.o\librdi_chipscope.dll
0x00007ffcfc530000 - 0x00007ffcfc737000 	C:\Xilinx\Vivado\2023.2\lib\win64.o\librdi_chipscopeimpl.dll
0x00007ffcb6be0000 - 0x00007ffcb92d5000 	C:\Xilinx\Vivado\2023.2\lib\win64.o\librdi_constraints.dll
0x00007ffcfd150000 - 0x00007ffcfd2be000 	C:\Xilinx\Vivado\2023.2\lib\win64.o\librdi_containers.dll
0x00007ffcb4dd0000 - 0x00007ffcb6bd7000 	C:\Xilinx\Vivado\2023.2\lib\win64.o\librdi_designutils.dll
0x00007ffcb1080000 - 0x00007ffcb2683000 	C:\Xilinx\Vivado\2023.2\lib\win64.o\librdi_device.dll
0x00007ffcb2690000 - 0x00007ffcb4dc6000 	C:\Xilinx\Vivado\2023.2\lib\win64.o\librdi_coregen.dll
0x00007ffcd6280000 - 0x00007ffcd661f000 	C:\Xilinx\Vivado\2023.2\lib\win64.o\librdi_dlyest.dll
0x00007ffcd0f50000 - 0x00007ffcd1686000 	C:\Xilinx\Vivado\2023.2\lib\win64.o\librdi_drc.dll
0x00007ffd09c10000 - 0x00007ffd09cc4000 	C:\Xilinx\Vivado\2023.2\lib\win64.o\librdi_dsp.dll
0x00007ffcd0790000 - 0x00007ffcd0f4f000 	C:\Xilinx\Vivado\2023.2\lib\win64.o\librdi_filemgmt.dll
0x00007ffd24280000 - 0x00007ffd242eb000 	C:\Xilinx\Vivado\2023.2\lib\win64.o\librdi_hdf.dll
0x00007ffcd5ed0000 - 0x00007ffcd61b4000 	C:\Xilinx\Vivado\2023.2\lib\win64.o\librdi_hip_devdesign.dll
0x00007ffcf7d50000 - 0x00007ffcf7e98000 	C:\Xilinx\Vivado\2023.2\lib\win64.o\librdi_hip_perf_analysis.dll
0x00007ffcae850000 - 0x00007ffcb1074000 	C:\Xilinx\Vivado\2023.2\lib\win64.o\librdi_cdoutil.dll
0x00007ffcad700000 - 0x00007ffcae843000 	C:\Xilinx\Vivado\2023.2\lib\win64.o\librdi_implflow.dll
0x00007ffcac850000 - 0x00007ffcad700000 	C:\Xilinx\Vivado\2023.2\lib\win64.o\librdi_ippcw.dll
0x00007ffcbc450000 - 0x00007ffcbccea000 	C:\Xilinx\Vivado\2023.2\lib\win64.o\librdi_lopt.dll
0x00007ffcac1f0000 - 0x00007ffcac846000 	C:\Xilinx\Vivado\2023.2\lib\win64.o\librdi_memdata.dll
0x00007ffd11170000 - 0x00007ffd111ed000 	C:\Xilinx\Vivado\2023.2\lib\win64.o\librdi_memoryarray.dll
0x00007ffca8f90000 - 0x00007ffca9794000 	C:\Xilinx\Vivado\2023.2\lib\win64.o\librdi_netlist.dll
0x00007ffd08fd0000 - 0x00007ffd09042000 	C:\Xilinx\Vivado\2023.2\lib\win64.o\librdi_noc_frameworks.dll
0x00007ffd0e480000 - 0x00007ffd0e4dc000 	C:\Xilinx\Vivado\2023.2\lib\win64.o\librdi_pfi.dll
0x00007ffca5c50000 - 0x00007ffca60ce000 	C:\Xilinx\Vivado\2023.2\lib\win64.o\librdi_platform.dll
0x00007ffca5350000 - 0x00007ffca5c42000 	C:\Xilinx\Vivado\2023.2\lib\win64.o\librdi_power.dll
0x00007ffcd5510000 - 0x00007ffcd5721000 	C:\Xilinx\Vivado\2023.2\lib\win64.o\librdi_advchipscopeimpl.dll
0x00007ffca60d0000 - 0x00007ffca8f8c000 	C:\Xilinx\Vivado\2023.2\lib\win64.o\librdi_place.dll

dbghelp: loaded successfully - version: 4.0.5 - missing functions: none
symbol engine: initialized successfully - sym options: 0x614 - pdb path: .;C:\Xilinx\Vivado\2023.2\bin\unwrapped\win64.o;C:\WINDOWS\SYSTEM32;C:\Xilinx\Vivado\2023.2\lib\win64.o;C:\WINDOWS\WinSxS\amd64_microsoft.windows.common-controls_6595b64144ccf1df_5.82.22621.3527_none_b43b7f4b638cc64f;C:\Xilinx\Vivado\2023.2\tps\win64\jre17.0.7_7\bin\server;C:\Xilinx\Vivado\2023.2\tps\win64\jre17.0.7_7\bin;C:\WINDOWS\WinSxS\amd64_microsoft.windows.common-controls_6595b64144ccf1df_6.0.22621.3672_none_2713b9d173822955

VM Arguments:
jvm_args: -Dsun.java2d.pmoffscreen=false -Dhttps.protocols=TLSv1,TLSv1.1,TLSv1.2 -Dsun.java2d.xrender=false -Dsun.java2d.d3d=false -Dsun.awt.nopixfmt=true -Dsun.java2d.dpiaware=true -Dsun.java2d.uiScale.enabled=false -Dswing.aatext=true -XX:-UsePerfData -Djdk.map.althashing.threshold=512 -XX:StringTableSize=4072 -XX:+UseStringDeduplication -XX:MaxGCPauseMillis=200 -XX:+ParallelRefProcEnabled --add-opens=java.desktop/javax.swing.plaf.synth=ALL-UNNAMED --add-opens=java.base/java.nio=ALL-UNNAMED --add-opens=java.desktop/sun.swing=ALL-UNNAMED --add-opens=java.desktop/javax.swing=ALL-UNNAMED --add-opens=java.desktop/javax.swing.tree=ALL-UNNAMED --add-opens=java.desktop/javax.swing.plaf.basic=ALL-UNNAMED --add-opens=java.desktop/javax.swing.plaf.synth=ALL-UNNAMED --add-opens=java.desktop/javax.swing.plaf.basic=ALL-UNNAMED --add-opens=java.desktop/javax.swing=ALL-UNNAMED --add-opens=java.desktop/javax.swing.tree=ALL-UNNAMED --add-opens=java.desktop/java.awt.event=ALL-UNNAMED --add-exports=java.desktop/javax.swing.plaf.synth=ALL-UNNAMED --add-exports=java.base/java.nio=ALL-UNNAMED --add-exports=java.desktop/sun.swing=ALL-UNNAMED --add-exports=java.desktop/javax.swing=ALL-UNNAMED --add-exports=java.desktop/javax.swing.tree=ALL-UNNAMED --add-exports=java.desktop/javax.swing.plaf.basic=ALL-UNNAMED --add-exports=java.desktop/sun.swing=ALL-UNNAMED --add-exports=java.desktop/sun.swing.table=ALL-UNNAMED --add-exports=java.desktop/sun.swing.plaf.synth=ALL-UNNAMED --add-exports=java.desktop/sun.awt.shell=ALL-UNNAMED --add-exports=java.base/sun.security.action=ALL-UNNAMED --add-exports=java.desktop/sun.font=ALL-UNNAMED -XX:NewSize=80m -XX:MaxNewSize=80m -Xms512m -Xmx4072m -Xss10m 
java_command: <unknown>
java_class_path (initial): C:/Xilinx/Vivado/2023.2\lib\classes\alloy.jar;C:/Xilinx/Vivado/2023.2\lib\classes\asm-9.3.jar;C:/Xilinx/Vivado/2023.2\lib\classes\asm-analysis-9.3.jar;C:/Xilinx/Vivado/2023.2\lib\classes\asm-commons-9.3.jar;C:/Xilinx/Vivado/2023.2\lib\classes\asm-tree-9.3.jar;C:/Xilinx/Vivado/2023.2\lib\classes\autoesl-models.jar;C:/Xilinx/Vivado/2023.2\lib\classes\batik-anim.jar;C:/Xilinx/Vivado/2023.2\lib\classes\batik-awt-util.jar;C:/Xilinx/Vivado/2023.2\lib\classes\batik-bridge.jar;C:/Xilinx/Vivado/2023.2\lib\classes\batik-codec.jar;C:/Xilinx/Vivado/2023.2\lib\classes\batik-constants.jar;C:/Xilinx/Vivado/2023.2\lib\classes\batik-css.jar;C:/Xilinx/Vivado/2023.2\lib\classes\batik-dom.jar;C:/Xilinx/Vivado/2023.2\lib\classes\batik-ext.jar;C:/Xilinx/Vivado/2023.2\lib\classes\batik-gui-util.jar;C:/Xilinx/Vivado/2023.2\lib\classes\batik-gvt.jar;C:/Xilinx/Vivado/2023.2\lib\classes\batik-i18n.jar;C:/Xilinx/Vivado/2023.2\lib\classes\batik-parser.jar;C:/Xilinx/Vivado/2023.2\lib\classes\batik-script.jar;C:/Xilinx/Vivado/2023.2\lib\classes\batik-svg-dom.jar;C:/Xilinx/Vivado/2023.2\lib\classes\batik-svggen.jar;C:/Xilinx/Vivado/2023.2\lib\classes\batik-swing.jar;C:/Xilinx/Vivado/2023.2\lib\classes\batik-transcoder.jar;C:/Xilinx/Vivado/2023.2\lib\classes\batik-util.jar;C:/Xilinx/Vivado/2023.2\lib\classes\batik-xml.jar;C:/Xilinx/Vivado/2023.2\lib\classes\com.fasterxml.jackson.core.jackson-annotations_2.12.1.v20210128-1726.jar;C:/Xilinx/Vivado/2023.2\lib\classes\com.fasterxml.jackson.core.jackson-core_2.12.1.v20210128-1726.jar;C:/Xilinx/Vivado/2023.2\lib\classes\com.fasterxml.jackson.core.jackson-databind_2.12.1.v20210128-1726.jar;C:/Xilinx/Vivado/2023.2\lib\classes\com.google.gson_2.8.9.v20220111-1409.jar;C:/Xilinx/Vivado/2023.2\lib\classes\com.google.guava_30.1.0.v20210127-2300.jar;C:/Xilinx/Vivado/2023.2\lib\classes\com.sigasi.hdt.connection_4.17.2.202304211001.jar;C:/Xilinx/Vivado/2023.2\lib\classes\com.sigasi.hdt.epl_4.17.2.202304211001.jar;C:/Xilinx/Vivado/2023.
Launcher Type: generic

[Global flags]
     intx CICompilerCount                          = 4                                         {product} {ergonomic}
     uint ConcGCThreads                            = 2                                         {product} {ergonomic}
     uint G1ConcRefinementThreads                  = 8                                         {product} {ergonomic}
   size_t G1HeapRegionSize                         = 2097152                                   {product} {ergonomic}
    uintx GCDrainStackTargetSize                   = 64                                        {product} {ergonomic}
   size_t InitialHeapSize                          = 536870912                                 {product} {command line}
   size_t MarkStackSize                            = 4194304                                   {product} {ergonomic}
    uintx MaxGCPauseMillis                         = 200                                       {product} {command line}
   size_t MaxHeapSize                              = 4269801472                                {product} {command line}
   size_t MaxNewSize                               = 83886080                                  {product} {command line}
   size_t MinHeapDeltaBytes                        = 2097152                                   {product} {ergonomic}
   size_t MinHeapSize                              = 536870912                                 {product} {command line}
   size_t NewSize                                  = 83886080                                  {product} {command line}
    uintx NonNMethodCodeHeapSize                   = 5839372                                {pd product} {ergonomic}
    uintx NonProfiledCodeHeapSize                  = 122909434                              {pd product} {ergonomic}
     bool ParallelRefProcEnabled                   = true                                      {product} {command line}
    uintx ProfiledCodeHeapSize                     = 122909434                              {pd product} {ergonomic}
    uintx ReservedCodeCacheSize                    = 251658240                              {pd product} {ergonomic}
     bool SegmentedCodeCache                       = true                                      {product} {ergonomic}
   size_t SoftMaxHeapSize                          = 4269801472                             {manageable} {ergonomic}
    uintx StringTableSize                          = 4072                                      {product} {command line}
     intx ThreadStackSize                          = 10240                                  {pd product} {command line}
     bool UseCompressedClassPointers               = true                           {product lp64_product} {ergonomic}
     bool UseCompressedOops                        = true                           {product lp64_product} {ergonomic}
     bool UseG1GC                                  = true                                      {product} {ergonomic}
     bool UseLargePagesIndividualAllocation        = false                                  {pd product} {ergonomic}
     bool UsePerfData                              = false                                     {product} {command line}
     bool UseStringDeduplication                   = true                                      {product} {command line}

Logging:
Log output configuration:
 #0: stdout all=warning uptime,level,tags
 #1: stderr all=off uptime,level,tags

Environment Variables:
PATH=C:/Xilinx/Vivado/2023.2/bin;C:/Xilinx/Vivado/2023.2/tps/win64/java-cef-95.0.4638.69/bin/lib/win64;C:/Xilinx/Vivado/2023.2/tps/win64/javafx-sdk-17.0.1/lib;C:/Xilinx/Vivado/2023.2/tps/win64/javafx-sdk-17.0.1/bin;C:/Xilinx/Vivado/2023.2/lib/win64.o;C:/Xilinx/Vivado/2023.2/tps/win64/jre17.0.7_7/bin/server;C:/Xilinx/Vivado/2023.2/tps/win64/jre17.0.7_7/bin;C:/Xilinx/Vitis_HLS/2023.2/bin;C:\Program Files\Python312\Scripts\;C:\Program Files\Python312\;C:\WINDOWS\system32;C:\WINDOWS;C:\WINDOWS\System32\Wbem;C:\WINDOWS\System32\WindowsPowerShell\v1.0\;C:\WINDOWS\System32\OpenSSH\;C:\Program Files\Git\cmd;C:\MinGW\bin;C:\Program Files\CMake\bin;C:\Users\ferna\esp\v5.2\esp-idf\tools\xtensa-esp-elf\bin;C:\Program Files\nodejs\;C:\ProgramData\chocolatey\bin;C:\Users\ferna\AppData\Local\pnpm;C:\Users\ferna\AppData\Local\Microsoft\WindowsApps;C:\Users\ferna\AppData\Local\Programs\Microsoft VS Code\bin;C:\Users\ferna\AppData\Local\GitHubDesktop\bin;C:\Users\ferna\AppData\Roaming\npm;C:/Xilinx/Vivado/2023.2\tps\mingw\6.2.0\win64.o\nt\bin;C:/Xilinx/Vivado/2023.2\tps\mingw\6.2.0\win64.o\nt\libexec\gcc\x86_64-w64-mingw32\6.2.0;C:/Xilinx/Vivado/2023.2\tps\win64\python-3.8.3;C:/Xilinx/Vivado/2023.2\tps\win64\python-3.8.3\bin;C:/Xilinx/Vivado/2023.2\tps\win64\python-3.8.3\lib;C:/Xilinx/Vivado/2023.2\tps\win64\python-3.8.3\lib\site-packages
USERNAME=ferna
OS=Windows_NT
PROCESSOR_IDENTIFIER=Intel64 Family 6 Model 142 Stepping 12, GenuineIntel
TMP=C:\Users\ferna\AppData\Local\Temp
TEMP=C:\Users\ferna\AppData\Local\Temp



---------------  S Y S T E M  ---------------

OS:
 Windows 11 , 64 bit Build 22621 (10.0.22621.3672)
OS uptime: 0 days 5:52 hours
Hyper-V role detected

CPU: total 8 (initial active 8) (4 cores per cpu, 2 threads per core) family 6 model 142 stepping 12 microcode 0xde, cx8, cmov, fxsr, ht, mmx, 3dnowpref, sse, sse2, sse3, ssse3, sse4.1, sse4.2, popcnt, lzcnt, tsc, tscinvbit, avx, avx2, aes, erms, clmul, bmi1, bmi2, adx, fma, vzeroupper, clflush, clflushopt, hv

Memory: 4k page, system-wide physical 8043M (417M free)
TotalPageFile size 20331M (AvailPageFile size 3050M)
current process WorkingSet (physical memory assigned to process): 1237M, peak: 1241M
current process commit charge ("private bytes"): 1461M, peak: 1481M

vm_info: OpenJDK 64-Bit Server VM (17.0.7+7) for windows-amd64 JRE (17.0.7+7), built on Apr 18 2023 22:10:42 by "temurin" with MS VC++ 16.7 (VS2019)

END.
