#
# A fatal error has been detected by the Java Runtime Environment:
#
#  EXCEPTION_ACCESS_VIOLATION (0xc0000005) at pc=0x00007ffca4f82db5, pid=11604, tid=18552
#
# JRE version: OpenJDK Runtime Environment Temurin-17.0.7+7 (17.0.7+7) (build 17.0.7+7)
# Java VM: OpenJDK 64-Bit Server VM Temurin-17.0.7+7 (17.0.7+7, mixed mode, sharing, tiered, compressed oops, compressed class ptrs, g1 gc, windows-amd64)
# Problematic frame:
# C  [librdi_filemgmt.dll+0x342db5]
#
# No core dump will be written. Minidumps are not enabled by default on client versions of Windows
#
# If you would like to submit a bug report, please visit:
#   https://github.com/adoptium/adoptium-support/issues
# The crash happened outside the Java Virtual Machine in native code.
# See problematic frame for where to report the bug.
#

---------------  S U M M A R Y ------------

Command Line: -Dsun.java2d.pmoffscreen=false -Dhttps.protocols=TLSv1,TLSv1.1,TLSv1.2 -Dsun.java2d.xrender=false -Dsun.java2d.d3d=false -Dsun.awt.nopixfmt=true -Dsun.java2d.dpiaware=true -Dsun.java2d.uiScale.enabled=false -Dswing.aatext=true -XX:-UsePerfData -Djdk.map.althashing.threshold=512 -XX:StringTableSize=4072 -XX:+UseStringDeduplication -XX:MaxGCPauseMillis=200 -XX:+ParallelRefProcEnabled --add-opens=java.desktop/javax.swing.plaf.synth=ALL-UNNAMED --add-opens=java.base/java.nio=ALL-UNNAMED --add-opens=java.desktop/sun.swing=ALL-UNNAMED --add-opens=java.desktop/javax.swing=ALL-UNNAMED --add-opens=java.desktop/javax.swing.tree=ALL-UNNAMED --add-opens=java.desktop/javax.swing.plaf.basic=ALL-UNNAMED --add-opens=java.desktop/javax.swing.plaf.synth=ALL-UNNAMED --add-opens=java.desktop/javax.swing.plaf.basic=ALL-UNNAMED --add-opens=java.desktop/javax.swing=ALL-UNNAMED --add-opens=java.desktop/javax.swing.tree=ALL-UNNAMED --add-opens=java.desktop/java.awt.event=ALL-UNNAMED --add-exports=java.desktop/javax.swing.plaf.synth=ALL-UNNAMED --add-exports=java.base/java.nio=ALL-UNNAMED --add-exports=java.desktop/sun.swing=ALL-UNNAMED --add-exports=java.desktop/javax.swing=ALL-UNNAMED --add-exports=java.desktop/javax.swing.tree=ALL-UNNAMED --add-exports=java.desktop/javax.swing.plaf.basic=ALL-UNNAMED --add-exports=java.desktop/sun.swing=ALL-UNNAMED --add-exports=java.desktop/sun.swing.table=ALL-UNNAMED --add-exports=java.desktop/sun.swing.plaf.synth=ALL-UNNAMED --add-exports=java.desktop/sun.awt.shell=ALL-UNNAMED --add-exports=java.base/sun.security.action=ALL-UNNAMED --add-exports=java.desktop/sun.font=ALL-UNNAMED -XX:NewSize=80m -XX:MaxNewSize=80m -Xms512m -Xmx4072m -Xss10m 

Host: Intel(R) Core(TM) i7-8565U CPU @ 1.80GHz, 8 cores, 7G,  Windows 11 , 64 bit Build 22621 (10.0.22621.3672)
Time: Tue Jul  2 19:57:39 2024 Hora oficial do Brasil elapsed time: 5915.734242 seconds (0d 1h 38m 35s)

---------------  T H R E A D  ---------------

Current thread (0x00000162f05dc500):  JavaThread "AWT-EventQueue-0" [_thread_in_native, id=18552, stack(0x0000005ef5e00000,0x0000005ef6800000)]

Stack: [0x0000005ef5e00000,0x0000005ef6800000],  sp=0x0000005ef67feaa0,  free space=10234k
Native frames: (J=compiled Java code, j=interpreted, Vv=VM code, C=native code)
C  [librdi_filemgmt.dll+0x342db5]
C  [librdi_filemgmt.dll+0x341605]
C  [librdi_filemgmt.dll+0x35e57f]
C  0x00000162d6ce689d

Java frames: (J=compiled Java code, j=interpreted, Vv=VM code)
J 25081  ui.data.srcscan.srcscani.EditorAssist_createFoldInfoIter(JLjava/lang/String;)J (0 bytes) @ 0x00000162d6ce67fd [0x00000162d6ce67a0+0x000000000000005d]
J 26246 c1 ui.j.a.c.a(Ljava/net/URI;)V (191 bytes) @ 0x00000162d0b38d94 [0x00000162d0b37cc0+0x00000000000010d4]
J 25908 c1 ui.j.a.a.ZK(Ljava/lang/String;)V (12 bytes) @ 0x00000162d0a6a4fc [0x00000162d0a6a440+0x00000000000000bc]
j  ui.views.W.a.a.ayx(Ljava/lang/String;)V+27
J 25904 c1 ui.views.W.a.a.ldn()V (47 bytes) @ 0x00000162d0a67bb4 [0x00000162d0a673a0+0x0000000000000814]
J 25903 c1 ui.views.W.a.h.aPQ()V (81 bytes) @ 0x00000162d0a669cc [0x00000162d0a667e0+0x00000000000001ec]
J 24791 c2 ui.frmwork.z.run()V (15 bytes) @ 0x00000162d7573080 [0x00000162d7572dc0+0x00000000000002c0]
J 12284 c2 java.awt.EventQueue.dispatchEvent(Ljava/awt/AWTEvent;)V java.desktop@17.0.7 (80 bytes) @ 0x00000162d66c9a60 [0x00000162d66c90e0+0x0000000000000980]
J 20195 c2 ui.frmwork.a.d.dispatchEvent(Ljava/awt/AWTEvent;)V (42 bytes) @ 0x00000162d6bb892c [0x00000162d6bb8840+0x00000000000000ec]
J 23707 c2 java.awt.EventDispatchThread.pumpOneEventForFilters(I)V java.desktop@17.0.7 (113 bytes) @ 0x00000162d68a7ef0 [0x00000162d68a7ae0+0x0000000000000410]
J 19778% c2 java.awt.EventDispatchThread.pumpEventsForFilter(ILjava/awt/Conditional;Ljava/awt/EventFilter;)V java.desktop@17.0.7 (47 bytes) @ 0x00000162d6f1d234 [0x00000162d6f1d100+0x0000000000000134]
j  java.awt.EventDispatchThread.pumpEventsForHierarchy(ILjava/awt/Conditional;Ljava/awt/Component;)V+11 java.desktop@17.0.7
j  java.awt.EventDispatchThread.pumpEvents(ILjava/awt/Conditional;)V+4 java.desktop@17.0.7
j  java.awt.EventDispatchThread.pumpEvents(Ljava/awt/Conditional;)V+3 java.desktop@17.0.7
j  java.awt.EventDispatchThread.run()V+9 java.desktop@17.0.7
v  ~StubRoutines::call_stub

siginfo: EXCEPTION_ACCESS_VIOLATION (0xc0000005), reading address 0x0000005c0073006f


Register to memory mapping:

RIP=0x00007ffca4f82db5 librdi_filemgmt.dll
RAX=0x0000000000000001 is an unknown value
RBX=0x000001628e6e3bd0 points into unknown readable memory: 0x0000003000300030 | 30 00 30 00 30 00 00 00
RCX=0x00000162bbb50000 points into unknown readable memory: 0x0000000000000000 | 00 00 00 00 00 00 00 00
RDX=0x0000005c0073006f is an unknown value
RSP=0x0000005ef67feaa0 is pointing into the stack for thread: 0x00000162f05dc500
RBP=0x0000005ef67febf0 is pointing into the stack for thread: 0x00000162f05dc500
RSI=0x0 is NULL
RDI=0x00000162f3b23210 points into unknown readable memory: 0x00007ffca516c890 | 90 c8 16 a5 fc 7f 00 00
R8 =0x0 is NULL
R9 =0x0000000000000001 is an unknown value
R10=0x0000000000000003 is an unknown value
R11=0x0000005ef67fea00 is pointing into the stack for thread: 0x00000162f05dc500
R12=0x0000005ef67fed08 is pointing into the stack for thread: 0x00000162f05dc500
R13=0x00000162f0e96930 points into unknown readable memory: 0x0000016283e60310 | 10 03 e6 83 62 01 00 00
R14=0x0 is NULL
R15=0x000001628ddb4de0 points into unknown readable memory: 0x005c003f003f005c | 5c 00 3f 00 3f 00 5c 00


Registers:
RAX=0x0000000000000001, RBX=0x000001628e6e3bd0, RCX=0x00000162bbb50000, RDX=0x0000005c0073006f
RSP=0x0000005ef67feaa0, RBP=0x0000005ef67febf0, RSI=0x0000000000000000, RDI=0x00000162f3b23210
R8 =0x0000000000000000, R9 =0x0000000000000001, R10=0x0000000000000003, R11=0x0000005ef67fea00
R12=0x0000005ef67fed08, R13=0x00000162f0e96930, R14=0x0000000000000000, R15=0x000001628ddb4de0
RIP=0x00007ffca4f82db5, EFLAGS=0x0000000000010256

Top of Stack: (sp=0x0000005ef67feaa0)
0x0000005ef67feaa0:   0000000000000000 0000016200000000
0x0000005ef67feab0:   000001628e6e3bc8 0000005ef67febf0
0x0000005ef67feac0:   fffffffffffffffe 00000162fc069500
0x0000005ef67fead0:   5f62745c77656e5c 0000000000000000
0x0000005ef67feae0:   000000000000000f 00000162fc069000
0x0000005ef67feaf0:   0000005ef67fed40 0000000000000000
0x0000005ef67feb00:   000000000000000f 0000ead2189f0f78
0x0000005ef67feb10:   0000000000000084 00000162f0e96930
0x0000005ef67feb20:   0000005ef67febf0 00007ffca4f81605
0x0000005ef67feb30:   0000000000000087 00007ffca4d8a624
0x0000005ef67feb40:   0000000000000084 00000162f3b23210
0x0000005ef67feb50:   00000007575b7190 00007ffc00000000
0x0000005ef67feb60:   000022be7ddb517f 000022be7ddb507f
0x0000005ef67feb70:   000001628ddb4de0 00000162f0e96930
0x0000005ef67feb80:   0000005ef67fed08 0000000000000001
0x0000005ef67feb90:   00000162f05dc7a8 0000005ef67fed40 

Instructions: (pc=0x00007ffca4f82db5)
0x00007ffca4f82cb5:   c2 48 8b 4c 24 30 48 8b c1 48 81 fa 00 10 00 00
0x00007ffca4f82cc5:   72 1c 48 83 c2 27 48 8b 49 f8 48 2b c1 48 83 c0
0x00007ffca4f82cd5:   f8 48 83 f8 1f 76 07 ff 15 4e eb 19 00 cc e8 74
0x00007ffca4f82ce5:   b3 08 00 66 0f 6f 05 d0 33 1a 00 f3 0f 7f 44 24
0x00007ffca4f82cf5:   40 c6 44 24 30 00 48 8b cb e8 33 b2 08 00 85 c0
0x00007ffca4f82d05:   74 08 8b c8 e8 2e b2 08 00 90 48 8b c6 48 8b 4c
0x00007ffca4f82d15:   24 50 48 33 cc e8 81 b7 08 00 48 8b 9c 24 98 00
0x00007ffca4f82d25:   00 00 48 83 c4 60 5f 5e 5d c3 cc b8 02 00 00 00
0x00007ffca4f82d35:   c3 cc cc cc cc cc cc cc cc cc cc 48 8b c4 56 57
0x00007ffca4f82d45:   41 56 48 83 ec 70 48 c7 40 98 fe ff ff ff 48 89
0x00007ffca4f82d55:   58 18 48 89 68 20 48 8b 05 2e bf 3f 00 48 33 c4
0x00007ffca4f82d65:   48 89 44 24 68 48 8b ea 48 8b f9 48 8b 01 ff 50
0x00007ffca4f82d75:   08 8b f0 85 c0 0f 85 1b 01 00 00 48 8b 5f 08 48
0x00007ffca4f82d85:   83 c3 08 48 3b 5f 10 0f 84 09 01 00 00 45 33 f6
0x00007ffca4f82d95:   48 8b 13 4c 89 74 24 38 48 c7 44 24 40 0f 00 00
0x00007ffca4f82da5:   00 c6 44 24 28 00 49 c7 c0 ff ff ff ff 49 ff c0
0x00007ffca4f82db5:   42 80 3c 02 00 75 f6 48 8d 4c 24 28 e8 ea 24 ce
0x00007ffca4f82dc5:   ff 90 48 8d 54 24 28 48 8d 4c 24 48 ff 15 89 f6
0x00007ffca4f82dd5:   19 00 90 48 8b d5 48 8d 4c 24 48 ff 15 ba f3 19
0x00007ffca4f82de5:   00 84 c0 75 55 48 8d 4c 24 48 ff 15 93 f5 19 00
0x00007ffca4f82df5:   90 48 8b 54 24 40 48 83 fa 10 72 2e 48 ff c2 48
0x00007ffca4f82e05:   8b 4c 24 28 48 8b c1 48 81 fa 00 10 00 00 72 15
0x00007ffca4f82e15:   48 83 c2 27 48 8b 49 f8 48 2b c1 48 83 c0 f8 48
0x00007ffca4f82e25:   83 f8 1f 77 65 e8 2d b2 08 00 48 83 c3 08 48 3b
0x00007ffca4f82e35:   5f 10 0f 85 58 ff ff ff eb 5c 48 8b 07 48 8d 54
0x00007ffca4f82e45:   24 28 48 8b cf ff 50 08 8b f0 48 8d 4c 24 48 ff
0x00007ffca4f82e55:   15 2e f5 19 00 90 48 8b 54 24 40 48 83 fa 10 72
0x00007ffca4f82e65:   35 48 ff c2 48 8b 4c 24 28 48 8b c1 48 81 fa 00
0x00007ffca4f82e75:   10 00 00 72 1c 48 83 c2 27 48 8b 49 f8 48 2b c1
0x00007ffca4f82e85:   48 83 c0 f8 48 83 f8 1f 76 07 ff 15 9b e9 19 00
0x00007ffca4f82e95:   cc e8 c1 b1 08 00 8b c6 48 8b 4c 24 68 48 33 cc
0x00007ffca4f82ea5:   e8 f6 b5 08 00 4c 8d 5c 24 70 49 8b 5b 30 49 8b 


Stack slot to memory mapping:
stack at sp + 0 slots: 0x0 is NULL
stack at sp + 1 slots: 0x0000016200000000 is an unknown value
stack at sp + 2 slots: 0x000001628e6e3bc8 points into unknown readable memory: 0x0000000000000000 | 00 00 00 00 00 00 00 00
stack at sp + 3 slots: 0x0000005ef67febf0 is pointing into the stack for thread: 0x00000162f05dc500
stack at sp + 4 slots: 0xfffffffffffffffe is an unknown value
stack at sp + 5 slots: 0x00000162fc069500 points into unknown readable memory: 0x0000007961647275 | 75 72 64 61 79 00 00 00
stack at sp + 6 slots: 0x5f62745c77656e5c is an unknown value
stack at sp + 7 slots: 0x0 is NULL


---------------  P R O C E S S  ---------------

Threads class SMR info:
_java_thread_list=0x000001628d3205b0, length=84, elements={
0x00000162c2d57b30, 0x00000162c675a940, 0x00000162c675ae10, 0x00000162c676d000,
0x00000162c6770130, 0x00000162c6774e20, 0x00000162c676ecf0, 0x00000162c678d1f0,
0x00000162c678dc10, 0x00000162c6790f80, 0x00000162ed0591e0, 0x00000162ed05cb00,
0x00000162edc8beb0, 0x00000162edb446e0, 0x00000162ed5cb7e0, 0x00000162f00a8100,
0x00000162f05dc500, 0x00000162f0cb1240, 0x00000162f0cafa30, 0x00000162f0cb1710,
0x00000162f0caf560, 0x00000162f384ce50, 0x00000162f384bb10, 0x00000162f32c5340,
0x00000162f32c5810, 0x00000162f32c3660, 0x00000162f3b5e520, 0x0000016288a1ac00,
0x0000016288a133b0, 0x0000016288a1d280, 0x0000016288a1ef60, 0x0000016288a1f900,
0x0000016288a1c8e0, 0x0000016288a20c40, 0x0000016288a1fdd0, 0x0000016288a202a0,
0x0000016288a1d750, 0x0000016288a13d50, 0x0000016288a21110, 0x0000016288a1e0f0,
0x0000016288a23790, 0x0000016288a24130, 0x0000016288a23c60, 0x0000016288a24600,
0x000001628c002730, 0x000001628bffe8a0, 0x000001628c003a70, 0x000001628bffe3d0,
0x000001628c003f40, 0x000001628bffdf00, 0x000001628c000f20, 0x000001628c0030d0,
0x000001628bffed70, 0x000001628bffd090, 0x000001628c004db0, 0x000001628bfff240,
0x000001628c0048e0, 0x000001628c0000b0, 0x000001628c005c20, 0x000001628c006a90,
0x000001628c005750, 0x000001628c0013f0, 0x000001628c0060f0, 0x000001628c0065c0,
0x0000016290193d10, 0x0000016290192030, 0x0000016290178250, 0x0000016290179f30,
0x000001629017faa0, 0x0000016290180910, 0x0000016290181c50, 0x0000016290182f90,
0x0000016290183460, 0x0000016290185140, 0x000001629017e760, 0x000001629017c0e0,
0x0000016290183e00, 0x0000016290187c90, 0x0000016290188160, 0x00000162901894a0,
0x0000016290185fb0, 0x0000016290184c70, 0x00000162901877c0, 0x0000016290183930
}

Java Threads: ( => current thread )
  0x00000162c2d57b30 JavaThread "main" [_thread_blocked, id=13276, stack(0x0000005eed100000,0x0000005eed200000)]
  0x00000162c675a940 JavaThread "Reference Handler" daemon [_thread_blocked, id=16736, stack(0x0000005eed900000,0x0000005eee300000)]
  0x00000162c675ae10 JavaThread "Finalizer" daemon [_thread_blocked, id=12788, stack(0x0000005eee300000,0x0000005eeed00000)]
  0x00000162c676d000 JavaThread "Signal Dispatcher" daemon [_thread_blocked, id=16024, stack(0x0000005eeed00000,0x0000005eef700000)]
  0x00000162c6770130 JavaThread "Attach Listener" daemon [_thread_blocked, id=10700, stack(0x0000005eef700000,0x0000005ef0100000)]
  0x00000162c6774e20 JavaThread "Service Thread" daemon [_thread_blocked, id=16484, stack(0x0000005ef0100000,0x0000005ef0b00000)]
  0x00000162c676ecf0 JavaThread "Monitor Deflation Thread" daemon [_thread_blocked, id=18504, stack(0x0000005ef0b00000,0x0000005ef1500000)]
  0x00000162c678d1f0 JavaThread "C2 CompilerThread0" daemon [_thread_blocked, id=12840, stack(0x0000005ef1500000,0x0000005ef1600000)]
  0x00000162c678dc10 JavaThread "C1 CompilerThread0" daemon [_thread_blocked, id=11012, stack(0x0000005ef1600000,0x0000005ef1700000)]
  0x00000162c6790f80 JavaThread "Sweeper thread" daemon [_thread_blocked, id=18456, stack(0x0000005ef1700000,0x0000005ef2100000)]
  0x00000162ed0591e0 JavaThread "Common-Cleaner" daemon [_thread_blocked, id=3308, stack(0x0000005ef2100000,0x0000005ef2b00000)]
  0x00000162ed05cb00 JavaThread "Notification Thread" daemon [_thread_blocked, id=15340, stack(0x0000005ef2b00000,0x0000005ef3500000)]
  0x00000162edc8beb0 JavaThread "Java2D Disposer" daemon [_thread_blocked, id=3436, stack(0x0000005ef3600000,0x0000005ef4000000)]
  0x00000162edb446e0 JavaThread "AWT-Shutdown" [_thread_blocked, id=11880, stack(0x0000005ef4000000,0x0000005ef4a00000)]
  0x00000162ed5cb7e0 JavaThread "AWT-Windows" daemon [_thread_in_native, id=12992, stack(0x0000005ef4a00000,0x0000005ef5400000)]
  0x00000162f00a8100 JavaThread "TimerQueue" daemon [_thread_blocked, id=18948, stack(0x0000005ef5400000,0x0000005ef5e00000)]
=>0x00000162f05dc500 JavaThread "AWT-EventQueue-0" [_thread_in_native, id=18552, stack(0x0000005ef5e00000,0x0000005ef6800000)]
  0x00000162f0cb1240 JavaThread "Thread-1" [_thread_in_native, id=4196, stack(0x0000005eeb900000,0x0000005eecd00000)]
  0x00000162f0cafa30 JavaThread "Process Messages Thread" [_thread_blocked, id=18492, stack(0x0000005ef8600000,0x0000005ef9000000)]
  0x00000162f0cb1710 JavaThread "Batik CleanerThread" daemon [_thread_blocked, id=6116, stack(0x0000005ef7b00000,0x0000005ef8500000)]
  0x00000162f0caf560 JavaThread "SyntheticaCleanerThread" daemon [_thread_blocked, id=9508, stack(0x0000005ef9b00000,0x0000005efa500000)]
  0x00000162f384ce50 JavaThread "Timer-0" [_thread_blocked, id=2740, stack(0x0000005efaf00000,0x0000005efb900000)]
  0x00000162f384bb10 JavaThread "Monitor File Timestamp Swing Worker Thread" [_thread_blocked, id=17848, stack(0x0000005efb900000,0x0000005efc300000)]
  0x00000162f32c5340 JavaThread "Monitor HEventQueue Thread" [_thread_blocked, id=5628, stack(0x0000005efc400000,0x0000005efce00000)]
  0x00000162f32c5810 JavaThread "SyntheticaAnimation 50" daemon [_thread_blocked, id=19276, stack(0x0000005efce00000,0x0000005efd800000)]
  0x00000162f32c3660 JavaThread "SyntheticaAnimation 25" daemon [_thread_blocked, id=6308, stack(0x0000005efd800000,0x0000005efe200000)]
  0x00000162f3b5e520 JavaThread "SyntheticaAnimation 70" daemon [_thread_blocked, id=14328, stack(0x0000005efec00000,0x0000005eff600000)]
  0x0000016288a1ac00 JavaThread "Refresh Filesets Swing Worker Thread" [_thread_blocked, id=7508, stack(0x0000005e80000000,0x0000005e80a00000)]
  0x0000016288a133b0 JavaThread "hw_ila_monitor" [_thread_blocked, id=3564, stack(0x0000005e80a00000,0x0000005e81400000)]
  0x0000016288a1d280 JavaThread "pool-1-thread-1" [_thread_blocked, id=18176, stack(0x0000005e82a00000,0x0000005e83400000)]
  0x0000016288a1ef60 JavaThread "Timer-1" [_thread_blocked, id=4972, stack(0x0000005e83400000,0x0000005e83e00000)]
  0x0000016288a1f900 JavaThread "pool-2-thread-1" [_thread_blocked, id=8428, stack(0x0000005e83e00000,0x0000005e84800000)]
  0x0000016288a1c8e0 JavaThread "Timer-2" [_thread_blocked, id=5828, stack(0x0000005e84800000,0x0000005e85200000)]
  0x0000016288a20c40 JavaThread "pool-3-thread-1" [_thread_blocked, id=14056, stack(0x0000005e85200000,0x0000005e85c00000)]
  0x0000016288a1fdd0 JavaThread "Timer-3" [_thread_blocked, id=14828, stack(0x0000005e85c00000,0x0000005e86600000)]
  0x0000016288a202a0 JavaThread "Update Runs Swing Worker Thread" [_thread_blocked, id=12552, stack(0x0000005e86600000,0x0000005e87000000)]
  0x0000016288a1d750 JavaThread "SyntheticaAnimation 50" daemon [_thread_blocked, id=18056, stack(0x0000005e81400000,0x0000005e81e00000)]
  0x0000016288a13d50 JavaThread "Image Animator 3" daemon [_thread_blocked, id=12216, stack(0x0000005e87000000,0x0000005e87a00000)]
  0x0000016288a21110 JavaThread "Timer-4" [_thread_blocked, id=13284, stack(0x0000005e82000000,0x0000005e82a00000)]
  0x0000016288a1e0f0 JavaThread "Monitor File Timestamp Swing Worker Thread" [_thread_blocked, id=14536, stack(0x0000005e87c00000,0x0000005e88600000)]
  0x0000016288a23790 JavaThread "Timer-6" [_thread_blocked, id=15676, stack(0x0000005e8ae00000,0x0000005e8b800000)]
  0x0000016288a24130 JavaThread "Monitor File Timestamp Swing Worker Thread" [_thread_blocked, id=16624, stack(0x0000005e8b800000,0x0000005e8c200000)]
  0x0000016288a23c60 JavaThread "Timer-7" [_thread_blocked, id=9320, stack(0x0000005e8c200000,0x0000005e8cc00000)]
  0x0000016288a24600 JavaThread "Monitor File Timestamp Swing Worker Thread" [_thread_blocked, id=9600, stack(0x0000005e8cc00000,0x0000005e8d600000)]
  0x000001628c002730 JavaThread "Timer-8" [_thread_blocked, id=8596, stack(0x0000005e89a00000,0x0000005e8a400000)]
  0x000001628bffe8a0 JavaThread "Monitor File Timestamp Swing Worker Thread" [_thread_blocked, id=1924, stack(0x0000005e8d600000,0x0000005e8e000000)]
  0x000001628c003a70 JavaThread "Timer-10" [_thread_blocked, id=12008, stack(0x0000005e8a400000,0x0000005e8ae00000)]
  0x000001628bffe3d0 JavaThread "Monitor File Timestamp Swing Worker Thread" [_thread_blocked, id=17376, stack(0x0000005e8f400000,0x0000005e8fe00000)]
  0x000001628c003f40 JavaThread "Timer-11" [_thread_blocked, id=9772, stack(0x0000005e8fe00000,0x0000005e90800000)]
  0x000001628bffdf00 JavaThread "Monitor File Timestamp Swing Worker Thread" [_thread_blocked, id=10484, stack(0x0000005e90800000,0x0000005e91200000)]
  0x000001628c000f20 JavaThread "Timer-12" [_thread_blocked, id=16400, stack(0x0000005e91c00000,0x0000005e92600000)]
  0x000001628c0030d0 JavaThread "Monitor File Timestamp Swing Worker Thread" [_thread_blocked, id=17572, stack(0x0000005e92600000,0x0000005e93000000)]
  0x000001628bffed70 JavaThread "Timer-13" [_thread_blocked, id=16280, stack(0x0000005e93000000,0x0000005e93a00000)]
  0x000001628bffd090 JavaThread "Monitor File Timestamp Swing Worker Thread" [_thread_blocked, id=13908, stack(0x0000005e93a00000,0x0000005e94400000)]
  0x000001628c004db0 JavaThread "Timer-14" [_thread_blocked, id=16108, stack(0x0000005e94400000,0x0000005e94e00000)]
  0x000001628bfff240 JavaThread "Monitor File Timestamp Swing Worker Thread" [_thread_blocked, id=6904, stack(0x0000005e94e00000,0x0000005e95800000)]
  0x000001628c0048e0 JavaThread "Timer-16" [_thread_blocked, id=9628, stack(0x0000005e96c00000,0x0000005e97600000)]
  0x000001628c0000b0 JavaThread "Monitor File Timestamp Swing Worker Thread" [_thread_blocked, id=3464, stack(0x0000005e97600000,0x0000005e98000000)]
  0x000001628c005c20 JavaThread "Timer-17" [_thread_blocked, id=9572, stack(0x0000005e98000000,0x0000005e98a00000)]
  0x000001628c006a90 JavaThread "Monitor File Timestamp Swing Worker Thread" [_thread_blocked, id=5740, stack(0x0000005e98a00000,0x0000005e99400000)]
  0x000001628c005750 JavaThread "Timer-18" [_thread_blocked, id=18844, stack(0x0000005e91200000,0x0000005e91c00000)]
  0x000001628c0013f0 JavaThread "Monitor File Timestamp Swing Worker Thread" [_thread_blocked, id=11612, stack(0x0000005e99400000,0x0000005e99e00000)]
  0x000001628c0060f0 JavaThread "Timer-19" [_thread_blocked, id=18760, stack(0x0000005e99e00000,0x0000005e9a800000)]
  0x000001628c0065c0 JavaThread "Monitor File Timestamp Swing Worker Thread" [_thread_blocked, id=3356, stack(0x0000005e9a800000,0x0000005e9b200000)]
  0x0000016290193d10 JavaThread "SyntheticaAnimation 50" daemon [_thread_blocked, id=2832, stack(0x0000005e9b200000,0x0000005e9bc00000)]
  0x0000016290192030 JavaThread "Swing-Shell" daemon [_thread_blocked, id=19220, stack(0x0000005e9bc00000,0x0000005e9c600000)]
  0x0000016290178250 JavaThread "Timer-21" [_thread_blocked, id=7612, stack(0x0000005e95800000,0x0000005e96200000)]
  0x0000016290179f30 JavaThread "Monitor File Timestamp Swing Worker Thread" [_thread_blocked, id=15988, stack(0x0000005e96200000,0x0000005e96c00000)]
  0x000001629017faa0 JavaThread "Timer-22" [_thread_blocked, id=10888, stack(0x0000005e9d400000,0x0000005e9de00000)]
  0x0000016290180910 JavaThread "Monitor File Timestamp Swing Worker Thread" [_thread_blocked, id=4316, stack(0x0000005e9de00000,0x0000005e9e800000)]
  0x0000016290181c50 JavaThread "Timer-25" [_thread_blocked, id=14756, stack(0x0000005e88900000,0x0000005e89300000)]
  0x0000016290182f90 JavaThread "Timer-27" [_thread_blocked, id=9724, stack(0x0000005ea0600000,0x0000005ea1000000)]
  0x0000016290183460 JavaThread "Monitor File Timestamp Swing Worker Thread" [_thread_blocked, id=19344, stack(0x0000005ea1a00000,0x0000005ea2400000)]
  0x0000016290185140 JavaThread "Timer-29" [_thread_blocked, id=16868, stack(0x0000005e9c600000,0x0000005e9d000000)]
  0x000001629017e760 JavaThread "Timer-30" [_thread_blocked, id=6860, stack(0x0000005e9f200000,0x0000005e9fc00000)]
  0x000001629017c0e0 JavaThread "Monitor File Timestamp Swing Worker Thread" [_thread_blocked, id=1560, stack(0x0000005e9fc00000,0x0000005ea0600000)]
  0x0000016290183e00 JavaThread "Timer-31" [_thread_blocked, id=13456, stack(0x0000005e8e000000,0x0000005e8ea00000)]
  0x0000016290187c90 JavaThread "Monitor File Timestamp Swing Worker Thread" [_thread_blocked, id=5156, stack(0x0000005e8ea00000,0x0000005e8f400000)]
  0x0000016290188160 JavaThread "Image Animator 0" daemon [_thread_blocked, id=16064, stack(0x0000005e9e800000,0x0000005e9f200000)]
  0x00000162901894a0 JavaThread "Code Inspector Thread" [_thread_in_native, id=9468, stack(0x0000005ea1000000,0x0000005ea1a00000)]
  0x0000016290185fb0 JavaThread "Code Inspector Thread" [_thread_in_native, id=2604, stack(0x0000005ea2e00000,0x0000005ea3800000)]
  0x0000016290184c70 JavaThread "Code Inspector Thread" [_thread_in_native, id=12616, stack(0x0000005ea4200000,0x0000005ea4c00000)]
  0x00000162901877c0 JavaThread "Code Inspector Thread" [_thread_in_native, id=14488, stack(0x0000005ea5600000,0x0000005ea6000000)]
  0x0000016290183930 JavaThread "Code Inspector Thread" [_thread_in_native, id=15348, stack(0x0000005ea6a00000,0x0000005ea7400000)]

Other Threads:
  0x00000162c4dff990 VMThread "VM Thread" [stack: 0x0000005eed800000,0x0000005eed900000] [id=18460]
  0x00000162c2dcd270 WatcherThread [stack: 0x0000005ef3500000,0x0000005ef3600000] [id=4672]
  0x00000162c48f53f0 GCTaskThread "GC Thread#0" [stack: 0x0000005eed200000,0x0000005eed300000] [id=14460]
  0x00000162c48f66c0 GCTaskThread "GC Thread#1" [stack: 0x0000005ef7200000,0x0000005ef7300000] [id=4308]
  0x00000162c48f76e0 GCTaskThread "GC Thread#2" [stack: 0x0000005ef7300000,0x0000005ef7400000] [id=17688]
  0x00000162c48f6c20 GCTaskThread "GC Thread#3" [stack: 0x0000005ef7400000,0x0000005ef7500000] [id=9856]
  0x00000162c48f0350 GCTaskThread "GC Thread#4" [stack: 0x0000005ef7500000,0x0000005ef7600000] [id=19096]
  0x00000162c48f8450 GCTaskThread "GC Thread#5" [stack: 0x0000005ef7600000,0x0000005ef7700000] [id=3724]
  0x00000162c48f28f0 GCTaskThread "GC Thread#6" [stack: 0x0000005ef7700000,0x0000005ef7800000] [id=18372]
  0x00000162c48f1620 GCTaskThread "GC Thread#7" [stack: 0x0000005ef7800000,0x0000005ef7900000] [id=11592]
  0x00000162c64de3c0 ConcurrentGCThread "G1 Main Marker" [stack: 0x0000005eed300000,0x0000005eed400000] [id=11932]
  0x00000162c48f56a0 ConcurrentGCThread "G1 Conc#0" [stack: 0x0000005eed400000,0x0000005eed500000] [id=1196]
  0x00000162c48f8f10 ConcurrentGCThread "G1 Conc#1" [stack: 0x0000005ef8500000,0x0000005ef8600000] [id=320]
  0x00000162c6673010 ConcurrentGCThread "G1 Refine#0" [stack: 0x0000005eed500000,0x0000005eed600000] [id=18980]
  0x00000162efef9a50 ConcurrentGCThread "G1 Refine#1" [stack: 0x0000005ef7900000,0x0000005ef7a00000] [id=6028]
  0x00000162c4abe320 ConcurrentGCThread "G1 Service" [stack: 0x0000005eed600000,0x0000005eed700000] [id=7064]
  0x00000162c48f2640 ConcurrentGCThread "StringDedupProcessor" [stack: 0x0000005eed700000,0x0000005eed800000] [id=19388]

Threads with active compile tasks:

VM state: not at safepoint (normal execution)

VM Mutex/Monitor currently owned by a thread: None

Heap address: 0x0000000701800000, size: 4072 MB, Compressed Oops mode: Zero based, Oop shift amount: 3

CDS archive(s) mapped at: [0x0000000800000000-0x0000000800bc0000-0x0000000800bc0000), size 12320768, SharedBaseAddress: 0x0000000800000000, ArchiveRelocationMode: 0.
Compressed class space mapped at: 0x0000000801000000-0x0000000841000000, reserved size: 1073741824
Narrow klass base: 0x0000000800000000, Narrow klass shift: 0, Narrow klass range: 0x100000000

GC Precious Log:
 CPUs: 8 total, 8 available
 Memory: 8043M
 Large Page Support: Disabled
 NUMA Support: Disabled
 Compressed Oops: Enabled (Zero based)
 Heap Region Size: 2M
 Heap Min Capacity: 512M
 Heap Initial Capacity: 512M
 Heap Max Capacity: 4072M
 Pre-touch: Disabled
 Parallel Workers: 8
 Concurrent Workers: 2
 Concurrent Refinement Workers: 8
 Periodic GC: Disabled
 String Deduplication is enabled

Heap:
 garbage-first heap   total 1474560K, used 174523K [0x0000000701800000, 0x0000000800000000)
  region size 2048K, 36 young (73728K), 1 survivors (2048K)
 Metaspace       used 94455K, committed 95168K, reserved 1179648K
  class space    used 13465K, committed 13888K, reserved 1048576K

Heap Regions: E=young(eden), S=young(survivor), O=old, HS=humongous(starts), HC=humongous(continues), CS=collection set, F=free, OA=open archive, CA=closed archive, TAMS=top-at-mark-start (previous, next)
|   0|0x0000000701800000, 0x0000000701a00000, 0x0000000701a00000|100%|HS|  |TAMS 0x0000000701a00000, 0x0000000701800000| Untracked 
|   1|0x0000000701a00000, 0x0000000701c00000, 0x0000000701c00000|100%| O|  |TAMS 0x0000000701c00000, 0x0000000701a00000| Untracked 
|   2|0x0000000701c00000, 0x0000000701dffe08, 0x0000000701e00000| 99%| O|  |TAMS 0x0000000701dffe08, 0x0000000701c00000| Untracked 
|   3|0x0000000701e00000, 0x0000000701fffff0, 0x0000000702000000| 99%| O|  |TAMS 0x0000000701fffff0, 0x0000000701e00000| Untracked 
|   4|0x0000000702000000, 0x00000007021ffff0, 0x0000000702200000| 99%| O|  |TAMS 0x00000007021ffff0, 0x0000000702000000| Untracked 
|   5|0x0000000702200000, 0x0000000702400000, 0x0000000702400000|100%| O|  |TAMS 0x0000000702400000, 0x0000000702200000| Untracked 
|   6|0x0000000702400000, 0x0000000702600000, 0x0000000702600000|100%| O|  |TAMS 0x0000000702600000, 0x0000000702400000| Untracked 
|   7|0x0000000702600000, 0x0000000702800000, 0x0000000702800000|100%| O|  |TAMS 0x0000000702800000, 0x0000000702600000| Untracked 
|   8|0x0000000702800000, 0x0000000702a00000, 0x0000000702a00000|100%| O|  |TAMS 0x0000000702a00000, 0x0000000702800000| Untracked 
|   9|0x0000000702a00000, 0x0000000702bfff98, 0x0000000702c00000| 99%| O|  |TAMS 0x0000000702bfff98, 0x0000000702a00000| Untracked 
|  10|0x0000000702c00000, 0x0000000702dfffa8, 0x0000000702e00000| 99%| O|  |TAMS 0x0000000702dfffa8, 0x0000000702c00000| Untracked 
|  11|0x0000000702e00000, 0x0000000702fffff8, 0x0000000703000000| 99%| O|  |TAMS 0x0000000702fffff8, 0x0000000702e00000| Untracked 
|  12|0x0000000703000000, 0x00000007031fffe8, 0x0000000703200000| 99%| O|  |TAMS 0x00000007031fffe8, 0x0000000703000000| Untracked 
|  13|0x0000000703200000, 0x00000007033e6020, 0x0000000703400000| 94%| O|  |TAMS 0x0000000703200000, 0x0000000703200000| Untracked 
|  14|0x0000000703400000, 0x00000007035fff88, 0x0000000703600000| 99%| O|  |TAMS 0x00000007035fff88, 0x0000000703400000| Untracked 
|  15|0x0000000703600000, 0x0000000703800000, 0x0000000703800000|100%| O|  |TAMS 0x0000000703800000, 0x0000000703600000| Untracked 
|  16|0x0000000703800000, 0x00000007039ffff8, 0x0000000703a00000| 99%| O|  |TAMS 0x00000007039ffff8, 0x0000000703800000| Untracked 
|  17|0x0000000703a00000, 0x0000000703bffff8, 0x0000000703c00000| 99%| O|  |TAMS 0x0000000703bffff8, 0x0000000703a00000| Untracked 
|  18|0x0000000703c00000, 0x0000000703df5d58, 0x0000000703e00000| 98%| O|  |TAMS 0x0000000703df5d58, 0x0000000703c00000| Untracked 
|  19|0x0000000703e00000, 0x0000000703ffecf0, 0x0000000704000000| 99%| O|  |TAMS 0x0000000703ffecf0, 0x0000000703e00000| Untracked 
|  20|0x0000000704000000, 0x00000007041ff188, 0x0000000704200000| 99%| O|  |TAMS 0x00000007041ff188, 0x0000000704000000| Untracked 
|  21|0x0000000704200000, 0x00000007043ffff0, 0x0000000704400000| 99%| O|  |TAMS 0x00000007043ffff0, 0x0000000704200000| Untracked 
|  22|0x0000000704400000, 0x00000007045fffe8, 0x0000000704600000| 99%| O|  |TAMS 0x00000007045fffe8, 0x0000000704400000| Untracked 
|  23|0x0000000704600000, 0x00000007047fffe8, 0x0000000704800000| 99%| O|  |TAMS 0x00000007047fffe8, 0x0000000704600000| Untracked 
|  24|0x0000000704800000, 0x00000007049fffd8, 0x0000000704a00000| 99%| O|  |TAMS 0x00000007049fffd8, 0x0000000704800000| Untracked 
|  25|0x0000000704a00000, 0x0000000704be43d0, 0x0000000704c00000| 94%| O|  |TAMS 0x0000000704a00000, 0x0000000704a00000| Untracked 
|  26|0x0000000704c00000, 0x0000000704dfffe8, 0x0000000704e00000| 99%| O|  |TAMS 0x0000000704dfffe8, 0x0000000704c00000| Untracked 
|  27|0x0000000704e00000, 0x0000000704ff62b0, 0x0000000705000000| 98%| O|  |TAMS 0x0000000704ff62b0, 0x0000000704e00000| Untracked 
|  28|0x0000000705000000, 0x00000007051ccb68, 0x0000000705200000| 89%| O|  |TAMS 0x0000000705000000, 0x0000000705000000| Untracked 
|  29|0x0000000705200000, 0x00000007053ffeb8, 0x0000000705400000| 99%| O|  |TAMS 0x00000007053ffeb8, 0x0000000705200000| Untracked 
|  30|0x0000000705400000, 0x00000007055cf778, 0x0000000705600000| 90%| O|  |TAMS 0x0000000705400000, 0x0000000705400000| Untracked 
|  31|0x0000000705600000, 0x00000007057ac640, 0x0000000705800000| 83%| O|  |TAMS 0x0000000705600000, 0x0000000705600000| Untracked 
|  32|0x0000000705800000, 0x0000000705a00000, 0x0000000705a00000|100%| O|  |TAMS 0x0000000705a00000, 0x0000000705800000| Untracked 
|  33|0x0000000705a00000, 0x0000000705bffff8, 0x0000000705c00000| 99%| O|  |TAMS 0x0000000705bffff8, 0x0000000705a00000| Untracked 
|  34|0x0000000705c00000, 0x0000000705cdba20, 0x0000000705e00000| 42%| O|  |TAMS 0x0000000705c00000, 0x0000000705c00000| Untracked 
|  35|0x0000000705e00000, 0x0000000705fffff8, 0x0000000706000000| 99%| O|  |TAMS 0x0000000705fffff8, 0x0000000705e00000| Untracked 
|  36|0x0000000706000000, 0x0000000706200000, 0x0000000706200000|100%| O|  |TAMS 0x0000000706000000, 0x0000000706000000| Untracked 
|  37|0x0000000706200000, 0x0000000706400000, 0x0000000706400000|100%| O|  |TAMS 0x0000000706200000, 0x0000000706200000| Untracked 
|  38|0x0000000706400000, 0x00000007065ffb40, 0x0000000706600000| 99%| O|  |TAMS 0x00000007065ffb40, 0x0000000706400000| Untracked 
|  39|0x0000000706600000, 0x0000000706800000, 0x0000000706800000|100%| O|  |TAMS 0x0000000706800000, 0x0000000706600000| Untracked 
|  40|0x0000000706800000, 0x0000000706a00000, 0x0000000706a00000|100%| O|  |TAMS 0x0000000706800000, 0x0000000706800000| Untracked 
|  41|0x0000000706a00000, 0x0000000706bfffe0, 0x0000000706c00000| 99%| O|  |TAMS 0x0000000706bfffe0, 0x0000000706a00000| Untracked 
|  42|0x0000000706c00000, 0x0000000706dffff8, 0x0000000706e00000| 99%| O|  |TAMS 0x0000000706dffff8, 0x0000000706c00000| Untracked 
|  43|0x0000000706e00000, 0x0000000706f18400, 0x0000000707000000| 54%| O|  |TAMS 0x0000000706e00000, 0x0000000706e00000| Untracked 
|  44|0x0000000707000000, 0x0000000707000000, 0x0000000707200000|  0%| F|  |TAMS 0x0000000707000000, 0x0000000707000000| Untracked 
|  45|0x0000000707200000, 0x0000000707200000, 0x0000000707400000|  0%| F|  |TAMS 0x0000000707200000, 0x0000000707200000| Untracked 
|  46|0x0000000707400000, 0x0000000707400000, 0x0000000707600000|  0%| F|  |TAMS 0x0000000707400000, 0x0000000707400000| Untracked 
|  47|0x0000000707600000, 0x0000000707800000, 0x0000000707800000|100%|HS|  |TAMS 0x0000000707800000, 0x0000000707600000| Untracked 
|  48|0x0000000707800000, 0x0000000707a00000, 0x0000000707a00000|100%|HC|  |TAMS 0x0000000707a00000, 0x0000000707800000| Untracked 
|  49|0x0000000707a00000, 0x0000000707a00000, 0x0000000707c00000|  0%| F|  |TAMS 0x0000000707a00000, 0x0000000707a00000| Untracked 
|  50|0x0000000707c00000, 0x0000000707c00000, 0x0000000707e00000|  0%| F|  |TAMS 0x0000000707c00000, 0x0000000707c00000| Untracked 
|  51|0x0000000707e00000, 0x0000000707e00000, 0x0000000708000000|  0%| F|  |TAMS 0x0000000707e00000, 0x0000000707e00000| Untracked 
|  52|0x0000000708000000, 0x0000000708000000, 0x0000000708200000|  0%| F|  |TAMS 0x0000000708000000, 0x0000000708000000| Untracked 
|  53|0x0000000708200000, 0x0000000708200000, 0x0000000708400000|  0%| F|  |TAMS 0x0000000708200000, 0x0000000708200000| Untracked 
|  54|0x0000000708400000, 0x0000000708400000, 0x0000000708600000|  0%| F|  |TAMS 0x0000000708400000, 0x0000000708400000| Untracked 
|  55|0x0000000708600000, 0x0000000708600000, 0x0000000708800000|  0%| F|  |TAMS 0x0000000708600000, 0x0000000708600000| Untracked 
|  56|0x0000000708800000, 0x0000000708800000, 0x0000000708a00000|  0%| F|  |TAMS 0x0000000708800000, 0x0000000708800000| Untracked 
|  57|0x0000000708a00000, 0x0000000708a00000, 0x0000000708c00000|  0%| F|  |TAMS 0x0000000708a00000, 0x0000000708a00000| Untracked 
|  58|0x0000000708c00000, 0x0000000708c00000, 0x0000000708e00000|  0%| F|  |TAMS 0x0000000708c00000, 0x0000000708c00000| Untracked 
|  59|0x0000000708e00000, 0x0000000708e00000, 0x0000000709000000|  0%| F|  |TAMS 0x0000000708e00000, 0x0000000708e00000| Untracked 
|  60|0x0000000709000000, 0x0000000709000000, 0x0000000709200000|  0%| F|  |TAMS 0x0000000709000000, 0x0000000709000000| Untracked 
|  61|0x0000000709200000, 0x0000000709200000, 0x0000000709400000|  0%| F|  |TAMS 0x0000000709200000, 0x0000000709200000| Untracked 
|  62|0x0000000709400000, 0x0000000709400000, 0x0000000709600000|  0%| F|  |TAMS 0x0000000709400000, 0x0000000709400000| Untracked 
|  63|0x0000000709600000, 0x0000000709600000, 0x0000000709800000|  0%| F|  |TAMS 0x0000000709600000, 0x0000000709600000| Untracked 
|  64|0x0000000709800000, 0x0000000709800000, 0x0000000709a00000|  0%| F|  |TAMS 0x0000000709800000, 0x0000000709800000| Untracked 
|  65|0x0000000709a00000, 0x0000000709a00000, 0x0000000709c00000|  0%| F|  |TAMS 0x0000000709a00000, 0x0000000709a00000| Untracked 
|  66|0x0000000709c00000, 0x0000000709c00000, 0x0000000709e00000|  0%| F|  |TAMS 0x0000000709c00000, 0x0000000709c00000| Untracked 
|  67|0x0000000709e00000, 0x0000000709e00000, 0x000000070a000000|  0%| F|  |TAMS 0x0000000709e00000, 0x0000000709e00000| Untracked 
|  68|0x000000070a000000, 0x000000070a000000, 0x000000070a200000|  0%| F|  |TAMS 0x000000070a000000, 0x000000070a000000| Untracked 
|  69|0x000000070a200000, 0x000000070a200000, 0x000000070a400000|  0%| F|  |TAMS 0x000000070a200000, 0x000000070a200000| Untracked 
|  70|0x000000070a400000, 0x000000070a400000, 0x000000070a600000|  0%| F|  |TAMS 0x000000070a400000, 0x000000070a400000| Untracked 
|  71|0x000000070a600000, 0x000000070a600000, 0x000000070a800000|  0%| F|  |TAMS 0x000000070a600000, 0x000000070a600000| Untracked 
|  72|0x000000070a800000, 0x000000070a800000, 0x000000070aa00000|  0%| F|  |TAMS 0x000000070a800000, 0x000000070a800000| Untracked 
|  73|0x000000070aa00000, 0x000000070aa00000, 0x000000070ac00000|  0%| F|  |TAMS 0x000000070aa00000, 0x000000070aa00000| Untracked 
|  74|0x000000070ac00000, 0x000000070ac00000, 0x000000070ae00000|  0%| F|  |TAMS 0x000000070ac00000, 0x000000070ac00000| Untracked 
|  75|0x000000070ae00000, 0x000000070b000000, 0x000000070b000000|100%| O|  |TAMS 0x000000070b000000, 0x000000070ae00000| Untracked 
|  76|0x000000070b000000, 0x000000070b000000, 0x000000070b200000|  0%| F|  |TAMS 0x000000070b000000, 0x000000070b000000| Untracked 
|  77|0x000000070b200000, 0x000000070b200000, 0x000000070b400000|  0%| F|  |TAMS 0x000000070b200000, 0x000000070b200000| Untracked 
|  78|0x000000070b400000, 0x000000070b400000, 0x000000070b600000|  0%| F|  |TAMS 0x000000070b400000, 0x000000070b400000| Untracked 
|  79|0x000000070b600000, 0x000000070b600000, 0x000000070b800000|  0%| F|  |TAMS 0x000000070b600000, 0x000000070b600000| Untracked 
|  80|0x000000070b800000, 0x000000070b800000, 0x000000070ba00000|  0%| F|  |TAMS 0x000000070b800000, 0x000000070b800000| Untracked 
|  81|0x000000070ba00000, 0x000000070ba00000, 0x000000070bc00000|  0%| F|  |TAMS 0x000000070ba00000, 0x000000070ba00000| Untracked 
|  82|0x000000070bc00000, 0x000000070bc00000, 0x000000070be00000|  0%| F|  |TAMS 0x000000070bc00000, 0x000000070bc00000| Untracked 
|  83|0x000000070be00000, 0x000000070be00000, 0x000000070c000000|  0%| F|  |TAMS 0x000000070be00000, 0x000000070be00000| Untracked 
|  84|0x000000070c000000, 0x000000070c000000, 0x000000070c200000|  0%| F|  |TAMS 0x000000070c000000, 0x000000070c000000| Untracked 
|  85|0x000000070c200000, 0x000000070c200000, 0x000000070c400000|  0%| F|  |TAMS 0x000000070c200000, 0x000000070c200000| Untracked 
|  86|0x000000070c400000, 0x000000070c400000, 0x000000070c600000|  0%| F|  |TAMS 0x000000070c400000, 0x000000070c400000| Untracked 
|  87|0x000000070c600000, 0x000000070c600000, 0x000000070c800000|  0%| F|  |TAMS 0x000000070c600000, 0x000000070c600000| Untracked 
|  88|0x000000070c800000, 0x000000070c800000, 0x000000070ca00000|  0%| F|  |TAMS 0x000000070c800000, 0x000000070c800000| Untracked 
|  89|0x000000070ca00000, 0x000000070ca00000, 0x000000070cc00000|  0%| F|  |TAMS 0x000000070ca00000, 0x000000070ca00000| Untracked 
|  90|0x000000070cc00000, 0x000000070cc00000, 0x000000070ce00000|  0%| F|  |TAMS 0x000000070cc00000, 0x000000070cc00000| Untracked 
|  91|0x000000070ce00000, 0x000000070ce00000, 0x000000070d000000|  0%| F|  |TAMS 0x000000070ce00000, 0x000000070ce00000| Untracked 
|  92|0x000000070d000000, 0x000000070d000000, 0x000000070d200000|  0%| F|  |TAMS 0x000000070d000000, 0x000000070d000000| Untracked 
|  93|0x000000070d200000, 0x000000070d200000, 0x000000070d400000|  0%| F|  |TAMS 0x000000070d200000, 0x000000070d200000| Untracked 
|  94|0x000000070d400000, 0x000000070d400000, 0x000000070d600000|  0%| F|  |TAMS 0x000000070d400000, 0x000000070d400000| Untracked 
|  95|0x000000070d600000, 0x000000070d600000, 0x000000070d800000|  0%| F|  |TAMS 0x000000070d600000, 0x000000070d600000| Untracked 
|  96|0x000000070d800000, 0x000000070d800000, 0x000000070da00000|  0%| F|  |TAMS 0x000000070d800000, 0x000000070d800000| Untracked 
|  97|0x000000070da00000, 0x000000070da00000, 0x000000070dc00000|  0%| F|  |TAMS 0x000000070da00000, 0x000000070da00000| Untracked 
|  98|0x000000070dc00000, 0x000000070dc00000, 0x000000070de00000|  0%| F|  |TAMS 0x000000070dc00000, 0x000000070dc00000| Untracked 
|  99|0x000000070de00000, 0x000000070de00000, 0x000000070e000000|  0%| F|  |TAMS 0x000000070de00000, 0x000000070de00000| Untracked 
| 100|0x000000070e000000, 0x000000070e200000, 0x000000070e200000|100%|HS|  |TAMS 0x000000070e200000, 0x000000070e000000| Untracked 
| 101|0x000000070e200000, 0x000000070e400000, 0x000000070e400000|100%|HC|  |TAMS 0x000000070e400000, 0x000000070e200000| Untracked 
| 102|0x000000070e400000, 0x000000070e600000, 0x000000070e600000|100%|HC|  |TAMS 0x000000070e600000, 0x000000070e400000| Untracked 
| 103|0x000000070e600000, 0x000000070e800000, 0x000000070e800000|100%|HC|  |TAMS 0x000000070e800000, 0x000000070e600000| Untracked 
| 104|0x000000070e800000, 0x000000070ea00000, 0x000000070ea00000|100%|HC|  |TAMS 0x000000070ea00000, 0x000000070e800000| Untracked 
| 105|0x000000070ea00000, 0x000000070ea00000, 0x000000070ec00000|  0%| F|  |TAMS 0x000000070ea00000, 0x000000070ea00000| Untracked 
| 106|0x000000070ec00000, 0x000000070ec00000, 0x000000070ee00000|  0%| F|  |TAMS 0x000000070ec00000, 0x000000070ec00000| Untracked 
| 107|0x000000070ee00000, 0x000000070ee00000, 0x000000070f000000|  0%| F|  |TAMS 0x000000070ee00000, 0x000000070ee00000| Untracked 
| 108|0x000000070f000000, 0x000000070f000000, 0x000000070f200000|  0%| F|  |TAMS 0x000000070f000000, 0x000000070f000000| Untracked 
| 109|0x000000070f200000, 0x000000070f200000, 0x000000070f400000|  0%| F|  |TAMS 0x000000070f200000, 0x000000070f200000| Untracked 
| 110|0x000000070f400000, 0x000000070f400000, 0x000000070f600000|  0%| F|  |TAMS 0x000000070f400000, 0x000000070f400000| Untracked 
| 111|0x000000070f600000, 0x000000070f600000, 0x000000070f800000|  0%| F|  |TAMS 0x000000070f600000, 0x000000070f600000| Untracked 
| 112|0x000000070f800000, 0x000000070f800000, 0x000000070fa00000|  0%| F|  |TAMS 0x000000070f800000, 0x000000070f800000| Untracked 
| 113|0x000000070fa00000, 0x000000070fa00000, 0x000000070fc00000|  0%| F|  |TAMS 0x000000070fa00000, 0x000000070fa00000| Untracked 
| 114|0x000000070fc00000, 0x000000070fc00000, 0x000000070fe00000|  0%| F|  |TAMS 0x000000070fc00000, 0x000000070fc00000| Untracked 
| 115|0x000000070fe00000, 0x000000070fe00000, 0x0000000710000000|  0%| F|  |TAMS 0x000000070fe00000, 0x000000070fe00000| Untracked 
| 116|0x0000000710000000, 0x0000000710000000, 0x0000000710200000|  0%| F|  |TAMS 0x0000000710000000, 0x0000000710000000| Untracked 
| 117|0x0000000710200000, 0x0000000710200000, 0x0000000710400000|  0%| F|  |TAMS 0x0000000710200000, 0x0000000710200000| Untracked 
| 118|0x0000000710400000, 0x0000000710400000, 0x0000000710600000|  0%| F|  |TAMS 0x0000000710400000, 0x0000000710400000| Untracked 
| 119|0x0000000710600000, 0x0000000710600000, 0x0000000710800000|  0%| F|  |TAMS 0x0000000710600000, 0x0000000710600000| Untracked 
| 120|0x0000000710800000, 0x0000000710800000, 0x0000000710a00000|  0%| F|  |TAMS 0x0000000710800000, 0x0000000710800000| Untracked 
| 121|0x0000000710a00000, 0x0000000710a00000, 0x0000000710c00000|  0%| F|  |TAMS 0x0000000710a00000, 0x0000000710a00000| Untracked 
| 122|0x0000000710c00000, 0x0000000710c00000, 0x0000000710e00000|  0%| F|  |TAMS 0x0000000710c00000, 0x0000000710c00000| Untracked 
| 123|0x0000000710e00000, 0x0000000710e00000, 0x0000000711000000|  0%| F|  |TAMS 0x0000000710e00000, 0x0000000710e00000| Untracked 
| 124|0x0000000711000000, 0x0000000711000000, 0x0000000711200000|  0%| F|  |TAMS 0x0000000711000000, 0x0000000711000000| Untracked 
| 125|0x0000000711200000, 0x0000000711200000, 0x0000000711400000|  0%| F|  |TAMS 0x0000000711200000, 0x0000000711200000| Untracked 
| 126|0x0000000711400000, 0x0000000711400000, 0x0000000711600000|  0%| F|  |TAMS 0x0000000711400000, 0x0000000711400000| Untracked 
| 127|0x0000000711600000, 0x0000000711600000, 0x0000000711800000|  0%| F|  |TAMS 0x0000000711600000, 0x0000000711600000| Untracked 
| 128|0x0000000711800000, 0x0000000711800000, 0x0000000711a00000|  0%| F|  |TAMS 0x0000000711800000, 0x0000000711800000| Untracked 
| 129|0x0000000711a00000, 0x0000000711a00000, 0x0000000711c00000|  0%| F|  |TAMS 0x0000000711a00000, 0x0000000711a00000| Untracked 
| 130|0x0000000711c00000, 0x0000000711c00000, 0x0000000711e00000|  0%| F|  |TAMS 0x0000000711c00000, 0x0000000711c00000| Untracked 
| 131|0x0000000711e00000, 0x0000000711e00000, 0x0000000712000000|  0%| F|  |TAMS 0x0000000711e00000, 0x0000000711e00000| Untracked 
| 132|0x0000000712000000, 0x0000000712000000, 0x0000000712200000|  0%| F|  |TAMS 0x0000000712000000, 0x0000000712000000| Untracked 
| 133|0x0000000712200000, 0x0000000712200000, 0x0000000712400000|  0%| F|  |TAMS 0x0000000712200000, 0x0000000712200000| Untracked 
| 134|0x0000000712400000, 0x0000000712400000, 0x0000000712600000|  0%| F|  |TAMS 0x0000000712400000, 0x0000000712400000| Untracked 
| 135|0x0000000712600000, 0x0000000712600000, 0x0000000712800000|  0%| F|  |TAMS 0x0000000712600000, 0x0000000712600000| Untracked 
| 136|0x0000000712800000, 0x0000000712800000, 0x0000000712a00000|  0%| F|  |TAMS 0x0000000712800000, 0x0000000712800000| Untracked 
| 137|0x0000000712a00000, 0x0000000712a00000, 0x0000000712c00000|  0%| F|  |TAMS 0x0000000712a00000, 0x0000000712a00000| Untracked 
| 138|0x0000000712c00000, 0x0000000712c00000, 0x0000000712e00000|  0%| F|  |TAMS 0x0000000712c00000, 0x0000000712c00000| Untracked 
| 139|0x0000000712e00000, 0x0000000712e00000, 0x0000000713000000|  0%| F|  |TAMS 0x0000000712e00000, 0x0000000712e00000| Untracked 
| 140|0x0000000713000000, 0x0000000713000000, 0x0000000713200000|  0%| F|  |TAMS 0x0000000713000000, 0x0000000713000000| Untracked 
| 141|0x0000000713200000, 0x0000000713200000, 0x0000000713400000|  0%| F|  |TAMS 0x0000000713200000, 0x0000000713200000| Untracked 
| 142|0x0000000713400000, 0x0000000713400000, 0x0000000713600000|  0%| F|  |TAMS 0x0000000713400000, 0x0000000713400000| Untracked 
| 143|0x0000000713600000, 0x0000000713600000, 0x0000000713800000|  0%| F|  |TAMS 0x0000000713600000, 0x0000000713600000| Untracked 
| 144|0x0000000713800000, 0x0000000713800000, 0x0000000713a00000|  0%| F|  |TAMS 0x0000000713800000, 0x0000000713800000| Untracked 
| 145|0x0000000713a00000, 0x0000000713a00000, 0x0000000713c00000|  0%| F|  |TAMS 0x0000000713a00000, 0x0000000713a00000| Untracked 
| 146|0x0000000713c00000, 0x0000000713c00000, 0x0000000713e00000|  0%| F|  |TAMS 0x0000000713c00000, 0x0000000713c00000| Untracked 
| 147|0x0000000713e00000, 0x0000000713e00000, 0x0000000714000000|  0%| F|  |TAMS 0x0000000713e00000, 0x0000000713e00000| Untracked 
| 148|0x0000000714000000, 0x0000000714000000, 0x0000000714200000|  0%| F|  |TAMS 0x0000000714000000, 0x0000000714000000| Untracked 
| 149|0x0000000714200000, 0x0000000714200000, 0x0000000714400000|  0%| F|  |TAMS 0x0000000714200000, 0x0000000714200000| Untracked 
| 150|0x0000000714400000, 0x0000000714400000, 0x0000000714600000|  0%| F|  |TAMS 0x0000000714400000, 0x0000000714400000| Untracked 
| 151|0x0000000714600000, 0x0000000714600000, 0x0000000714800000|  0%| F|  |TAMS 0x0000000714600000, 0x0000000714600000| Untracked 
| 152|0x0000000714800000, 0x0000000714800000, 0x0000000714a00000|  0%| F|  |TAMS 0x0000000714800000, 0x0000000714800000| Untracked 
| 153|0x0000000714a00000, 0x0000000714a00000, 0x0000000714c00000|  0%| F|  |TAMS 0x0000000714a00000, 0x0000000714a00000| Untracked 
| 154|0x0000000714c00000, 0x0000000714c00000, 0x0000000714e00000|  0%| F|  |TAMS 0x0000000714c00000, 0x0000000714c00000| Untracked 
| 155|0x0000000714e00000, 0x0000000714e00000, 0x0000000715000000|  0%| F|  |TAMS 0x0000000714e00000, 0x0000000714e00000| Untracked 
| 156|0x0000000715000000, 0x0000000715000000, 0x0000000715200000|  0%| F|  |TAMS 0x0000000715000000, 0x0000000715000000| Untracked 
| 157|0x0000000715200000, 0x0000000715200000, 0x0000000715400000|  0%| F|  |TAMS 0x0000000715200000, 0x0000000715200000| Untracked 
| 158|0x0000000715400000, 0x0000000715400000, 0x0000000715600000|  0%| F|  |TAMS 0x0000000715400000, 0x0000000715400000| Untracked 
| 159|0x0000000715600000, 0x0000000715600000, 0x0000000715800000|  0%| F|  |TAMS 0x0000000715600000, 0x0000000715600000| Untracked 
| 160|0x0000000715800000, 0x0000000715800000, 0x0000000715a00000|  0%| F|  |TAMS 0x0000000715800000, 0x0000000715800000| Untracked 
| 161|0x0000000715a00000, 0x0000000715a00000, 0x0000000715c00000|  0%| F|  |TAMS 0x0000000715a00000, 0x0000000715a00000| Untracked 
| 162|0x0000000715c00000, 0x0000000715c00000, 0x0000000715e00000|  0%| F|  |TAMS 0x0000000715c00000, 0x0000000715c00000| Untracked 
| 163|0x0000000715e00000, 0x0000000715e00000, 0x0000000716000000|  0%| F|  |TAMS 0x0000000715e00000, 0x0000000715e00000| Untracked 
| 164|0x0000000716000000, 0x0000000716000000, 0x0000000716200000|  0%| F|  |TAMS 0x0000000716000000, 0x0000000716000000| Untracked 
| 165|0x0000000716200000, 0x0000000716200000, 0x0000000716400000|  0%| F|  |TAMS 0x0000000716200000, 0x0000000716200000| Untracked 
| 166|0x0000000716400000, 0x0000000716400000, 0x0000000716600000|  0%| F|  |TAMS 0x0000000716400000, 0x0000000716400000| Untracked 
| 167|0x0000000716600000, 0x0000000716600000, 0x0000000716800000|  0%| F|  |TAMS 0x0000000716600000, 0x0000000716600000| Untracked 
| 168|0x0000000716800000, 0x0000000716800000, 0x0000000716a00000|  0%| F|  |TAMS 0x0000000716800000, 0x0000000716800000| Untracked 
| 169|0x0000000716a00000, 0x0000000716a00000, 0x0000000716c00000|  0%| F|  |TAMS 0x0000000716a00000, 0x0000000716a00000| Untracked 
| 170|0x0000000716c00000, 0x0000000716c00000, 0x0000000716e00000|  0%| F|  |TAMS 0x0000000716c00000, 0x0000000716c00000| Untracked 
| 171|0x0000000716e00000, 0x0000000716e00000, 0x0000000717000000|  0%| F|  |TAMS 0x0000000716e00000, 0x0000000716e00000| Untracked 
| 172|0x0000000717000000, 0x0000000717000000, 0x0000000717200000|  0%| F|  |TAMS 0x0000000717000000, 0x0000000717000000| Untracked 
| 173|0x0000000717200000, 0x0000000717200000, 0x0000000717400000|  0%| F|  |TAMS 0x0000000717200000, 0x0000000717200000| Untracked 
| 174|0x0000000717400000, 0x0000000717400000, 0x0000000717600000|  0%| F|  |TAMS 0x0000000717400000, 0x0000000717400000| Untracked 
| 175|0x0000000717600000, 0x0000000717600000, 0x0000000717800000|  0%| F|  |TAMS 0x0000000717600000, 0x0000000717600000| Untracked 
| 176|0x0000000717800000, 0x0000000717800000, 0x0000000717a00000|  0%| F|  |TAMS 0x0000000717800000, 0x0000000717800000| Untracked 
| 177|0x0000000717a00000, 0x0000000717a00000, 0x0000000717c00000|  0%| F|  |TAMS 0x0000000717a00000, 0x0000000717a00000| Untracked 
| 178|0x0000000717c00000, 0x0000000717c00000, 0x0000000717e00000|  0%| F|  |TAMS 0x0000000717c00000, 0x0000000717c00000| Untracked 
| 179|0x0000000717e00000, 0x0000000717e00000, 0x0000000718000000|  0%| F|  |TAMS 0x0000000717e00000, 0x0000000717e00000| Untracked 
| 180|0x0000000718000000, 0x0000000718000000, 0x0000000718200000|  0%| F|  |TAMS 0x0000000718000000, 0x0000000718000000| Untracked 
| 181|0x0000000718200000, 0x0000000718200000, 0x0000000718400000|  0%| F|  |TAMS 0x0000000718200000, 0x0000000718200000| Untracked 
| 182|0x0000000718400000, 0x0000000718400000, 0x0000000718600000|  0%| F|  |TAMS 0x0000000718400000, 0x0000000718400000| Untracked 
| 183|0x0000000718600000, 0x0000000718600000, 0x0000000718800000|  0%| F|  |TAMS 0x0000000718600000, 0x0000000718600000| Untracked 
| 184|0x0000000718800000, 0x0000000718800000, 0x0000000718a00000|  0%| F|  |TAMS 0x0000000718800000, 0x0000000718800000| Untracked 
| 185|0x0000000718a00000, 0x0000000718a00000, 0x0000000718c00000|  0%| F|  |TAMS 0x0000000718a00000, 0x0000000718a00000| Untracked 
| 186|0x0000000718c00000, 0x0000000718c00000, 0x0000000718e00000|  0%| F|  |TAMS 0x0000000718c00000, 0x0000000718c00000| Untracked 
| 187|0x0000000718e00000, 0x0000000718e00000, 0x0000000719000000|  0%| F|  |TAMS 0x0000000718e00000, 0x0000000718e00000| Untracked 
| 188|0x0000000719000000, 0x0000000719000000, 0x0000000719200000|  0%| F|  |TAMS 0x0000000719000000, 0x0000000719000000| Untracked 
| 189|0x0000000719200000, 0x0000000719200478, 0x0000000719400000|  0%| O|  |TAMS 0x0000000719200000, 0x0000000719200000| Untracked 
| 190|0x0000000719400000, 0x0000000719400000, 0x0000000719600000|  0%| F|  |TAMS 0x0000000719400000, 0x0000000719400000| Untracked 
| 191|0x0000000719600000, 0x0000000719600000, 0x0000000719800000|  0%| F|  |TAMS 0x0000000719600000, 0x0000000719600000| Untracked 
| 192|0x0000000719800000, 0x0000000719800000, 0x0000000719a00000|  0%| F|  |TAMS 0x0000000719800000, 0x0000000719800000| Untracked 
| 193|0x0000000719a00000, 0x0000000719a00000, 0x0000000719c00000|  0%| F|  |TAMS 0x0000000719a00000, 0x0000000719a00000| Untracked 
| 194|0x0000000719c00000, 0x0000000719c00000, 0x0000000719e00000|  0%| F|  |TAMS 0x0000000719c00000, 0x0000000719c00000| Untracked 
| 195|0x0000000719e00000, 0x0000000719e00000, 0x000000071a000000|  0%| F|  |TAMS 0x0000000719e00000, 0x0000000719e00000| Untracked 
| 196|0x000000071a000000, 0x000000071a000000, 0x000000071a200000|  0%| F|  |TAMS 0x000000071a000000, 0x000000071a000000| Untracked 
| 197|0x000000071a200000, 0x000000071a200000, 0x000000071a400000|  0%| F|  |TAMS 0x000000071a200000, 0x000000071a200000| Untracked 
| 198|0x000000071a400000, 0x000000071a400000, 0x000000071a600000|  0%| F|  |TAMS 0x000000071a400000, 0x000000071a400000| Untracked 
| 199|0x000000071a600000, 0x000000071a600000, 0x000000071a800000|  0%| F|  |TAMS 0x000000071a600000, 0x000000071a600000| Untracked 
| 200|0x000000071a800000, 0x000000071a800000, 0x000000071aa00000|  0%| F|  |TAMS 0x000000071a800000, 0x000000071a800000| Untracked 
| 201|0x000000071aa00000, 0x000000071aa00000, 0x000000071ac00000|  0%| F|  |TAMS 0x000000071aa00000, 0x000000071aa00000| Untracked 
| 202|0x000000071ac00000, 0x000000071ac00000, 0x000000071ae00000|  0%| F|  |TAMS 0x000000071ac00000, 0x000000071ac00000| Untracked 
| 203|0x000000071ae00000, 0x000000071ae00000, 0x000000071b000000|  0%| F|  |TAMS 0x000000071ae00000, 0x000000071ae00000| Untracked 
| 204|0x000000071b000000, 0x000000071b000000, 0x000000071b200000|  0%| F|  |TAMS 0x000000071b000000, 0x000000071b000000| Untracked 
| 205|0x000000071b200000, 0x000000071b200000, 0x000000071b400000|  0%| F|  |TAMS 0x000000071b200000, 0x000000071b200000| Untracked 
| 206|0x000000071b400000, 0x000000071b400000, 0x000000071b600000|  0%| F|  |TAMS 0x000000071b400000, 0x000000071b400000| Untracked 
| 207|0x000000071b600000, 0x000000071b600000, 0x000000071b800000|  0%| F|  |TAMS 0x000000071b600000, 0x000000071b600000| Untracked 
| 208|0x000000071b800000, 0x000000071b800000, 0x000000071ba00000|  0%| F|  |TAMS 0x000000071b800000, 0x000000071b800000| Untracked 
| 209|0x000000071ba00000, 0x000000071ba00000, 0x000000071bc00000|  0%| F|  |TAMS 0x000000071ba00000, 0x000000071ba00000| Untracked 
| 210|0x000000071bc00000, 0x000000071bc00000, 0x000000071be00000|  0%| F|  |TAMS 0x000000071bc00000, 0x000000071bc00000| Untracked 
| 211|0x000000071be00000, 0x000000071be00000, 0x000000071c000000|  0%| F|  |TAMS 0x000000071be00000, 0x000000071be00000| Untracked 
| 212|0x000000071c000000, 0x000000071c000000, 0x000000071c200000|  0%| F|  |TAMS 0x000000071c000000, 0x000000071c000000| Untracked 
| 213|0x000000071c200000, 0x000000071c200000, 0x000000071c400000|  0%| F|  |TAMS 0x000000071c200000, 0x000000071c200000| Untracked 
| 214|0x000000071c400000, 0x000000071c400000, 0x000000071c600000|  0%| F|  |TAMS 0x000000071c400000, 0x000000071c400000| Untracked 
| 215|0x000000071c600000, 0x000000071c600000, 0x000000071c800000|  0%| F|  |TAMS 0x000000071c600000, 0x000000071c600000| Untracked 
| 216|0x000000071c800000, 0x000000071c800000, 0x000000071ca00000|  0%| F|  |TAMS 0x000000071c800000, 0x000000071c800000| Untracked 
| 217|0x000000071ca00000, 0x000000071ca00000, 0x000000071cc00000|  0%| F|  |TAMS 0x000000071ca00000, 0x000000071ca00000| Untracked 
| 218|0x000000071cc00000, 0x000000071cc00000, 0x000000071ce00000|  0%| F|  |TAMS 0x000000071cc00000, 0x000000071cc00000| Untracked 
| 219|0x000000071ce00000, 0x000000071ce00000, 0x000000071d000000|  0%| F|  |TAMS 0x000000071ce00000, 0x000000071ce00000| Untracked 
| 220|0x000000071d000000, 0x000000071d000000, 0x000000071d200000|  0%| F|  |TAMS 0x000000071d000000, 0x000000071d000000| Untracked 
| 221|0x000000071d200000, 0x000000071d200000, 0x000000071d400000|  0%| F|  |TAMS 0x000000071d200000, 0x000000071d200000| Untracked 
| 222|0x000000071d400000, 0x000000071d400000, 0x000000071d600000|  0%| F|  |TAMS 0x000000071d400000, 0x000000071d400000| Untracked 
| 223|0x000000071d600000, 0x000000071d600000, 0x000000071d800000|  0%| F|  |TAMS 0x000000071d600000, 0x000000071d600000| Untracked 
| 224|0x000000071d800000, 0x000000071d800000, 0x000000071da00000|  0%| F|  |TAMS 0x000000071d800000, 0x000000071d800000| Untracked 
| 225|0x000000071da00000, 0x000000071da00000, 0x000000071dc00000|  0%| F|  |TAMS 0x000000071da00000, 0x000000071da00000| Untracked 
| 226|0x000000071dc00000, 0x000000071dc00000, 0x000000071de00000|  0%| F|  |TAMS 0x000000071dc00000, 0x000000071dc00000| Untracked 
| 227|0x000000071de00000, 0x000000071de00000, 0x000000071e000000|  0%| F|  |TAMS 0x000000071de00000, 0x000000071de00000| Untracked 
| 228|0x000000071e000000, 0x000000071e000000, 0x000000071e200000|  0%| F|  |TAMS 0x000000071e000000, 0x000000071e000000| Untracked 
| 229|0x000000071e200000, 0x000000071e200000, 0x000000071e400000|  0%| F|  |TAMS 0x000000071e200000, 0x000000071e200000| Untracked 
| 230|0x000000071e400000, 0x000000071e400000, 0x000000071e600000|  0%| F|  |TAMS 0x000000071e400000, 0x000000071e400000| Untracked 
| 231|0x000000071e600000, 0x000000071e600000, 0x000000071e800000|  0%| F|  |TAMS 0x000000071e600000, 0x000000071e600000| Untracked 
| 232|0x000000071e800000, 0x000000071e800000, 0x000000071ea00000|  0%| F|  |TAMS 0x000000071e800000, 0x000000071e800000| Untracked 
| 233|0x000000071ea00000, 0x000000071ea00000, 0x000000071ec00000|  0%| F|  |TAMS 0x000000071ea00000, 0x000000071ea00000| Untracked 
| 234|0x000000071ec00000, 0x000000071ec00000, 0x000000071ee00000|  0%| F|  |TAMS 0x000000071ec00000, 0x000000071ec00000| Untracked 
| 235|0x000000071ee00000, 0x000000071ee00000, 0x000000071f000000|  0%| F|  |TAMS 0x000000071ee00000, 0x000000071ee00000| Untracked 
| 236|0x000000071f000000, 0x000000071f000000, 0x000000071f200000|  0%| F|  |TAMS 0x000000071f000000, 0x000000071f000000| Untracked 
| 237|0x000000071f200000, 0x000000071f200000, 0x000000071f400000|  0%| F|  |TAMS 0x000000071f200000, 0x000000071f200000| Untracked 
| 238|0x000000071f400000, 0x000000071f400000, 0x000000071f600000|  0%| F|  |TAMS 0x000000071f400000, 0x000000071f400000| Untracked 
| 239|0x000000071f600000, 0x000000071f600000, 0x000000071f800000|  0%| F|  |TAMS 0x000000071f600000, 0x000000071f600000| Untracked 
| 240|0x000000071f800000, 0x000000071f800000, 0x000000071fa00000|  0%| F|  |TAMS 0x000000071f800000, 0x000000071f800000| Untracked 
| 241|0x000000071fa00000, 0x000000071fa00000, 0x000000071fc00000|  0%| F|  |TAMS 0x000000071fa00000, 0x000000071fa00000| Untracked 
| 242|0x000000071fc00000, 0x000000071fc00000, 0x000000071fe00000|  0%| F|  |TAMS 0x000000071fc00000, 0x000000071fc00000| Untracked 
| 243|0x000000071fe00000, 0x000000071fe00000, 0x0000000720000000|  0%| F|  |TAMS 0x000000071fe00000, 0x000000071fe00000| Untracked 
| 244|0x0000000720000000, 0x0000000720000000, 0x0000000720200000|  0%| F|  |TAMS 0x0000000720000000, 0x0000000720000000| Untracked 
| 245|0x0000000720200000, 0x0000000720200000, 0x0000000720400000|  0%| F|  |TAMS 0x0000000720200000, 0x0000000720200000| Untracked 
| 246|0x0000000720400000, 0x0000000720400000, 0x0000000720600000|  0%| F|  |TAMS 0x0000000720400000, 0x0000000720400000| Untracked 
| 247|0x0000000720600000, 0x0000000720600000, 0x0000000720800000|  0%| F|  |TAMS 0x0000000720600000, 0x0000000720600000| Untracked 
| 248|0x0000000720800000, 0x0000000720800000, 0x0000000720a00000|  0%| F|  |TAMS 0x0000000720800000, 0x0000000720800000| Untracked 
| 249|0x0000000720a00000, 0x0000000720a00000, 0x0000000720c00000|  0%| F|  |TAMS 0x0000000720a00000, 0x0000000720a00000| Untracked 
| 250|0x0000000720c00000, 0x0000000720c00000, 0x0000000720e00000|  0%| F|  |TAMS 0x0000000720c00000, 0x0000000720c00000| Untracked 
| 251|0x0000000720e00000, 0x0000000720e00000, 0x0000000721000000|  0%| F|  |TAMS 0x0000000720e00000, 0x0000000720e00000| Untracked 
| 252|0x0000000721000000, 0x0000000721000000, 0x0000000721200000|  0%| F|  |TAMS 0x0000000721000000, 0x0000000721000000| Untracked 
| 253|0x0000000721200000, 0x0000000721200000, 0x0000000721400000|  0%| F|  |TAMS 0x0000000721200000, 0x0000000721200000| Untracked 
| 254|0x0000000721400000, 0x0000000721400000, 0x0000000721600000|  0%| F|  |TAMS 0x0000000721400000, 0x0000000721400000| Untracked 
| 255|0x0000000721600000, 0x0000000721600000, 0x0000000721800000|  0%| F|  |TAMS 0x0000000721600000, 0x0000000721600000| Untracked 
| 256|0x0000000721800000, 0x0000000721800000, 0x0000000721a00000|  0%| F|  |TAMS 0x0000000721800000, 0x0000000721800000| Untracked 
| 257|0x0000000721a00000, 0x0000000721a00000, 0x0000000721c00000|  0%| F|  |TAMS 0x0000000721a00000, 0x0000000721a00000| Untracked 
| 258|0x0000000721c00000, 0x0000000721c00000, 0x0000000721e00000|  0%| F|  |TAMS 0x0000000721c00000, 0x0000000721c00000| Untracked 
| 259|0x0000000721e00000, 0x0000000721e00000, 0x0000000722000000|  0%| F|  |TAMS 0x0000000721e00000, 0x0000000721e00000| Untracked 
| 260|0x0000000722000000, 0x0000000722000000, 0x0000000722200000|  0%| F|  |TAMS 0x0000000722000000, 0x0000000722000000| Untracked 
| 261|0x0000000722200000, 0x0000000722200000, 0x0000000722400000|  0%| F|  |TAMS 0x0000000722200000, 0x0000000722200000| Untracked 
| 262|0x0000000722400000, 0x0000000722400000, 0x0000000722600000|  0%| F|  |TAMS 0x0000000722400000, 0x0000000722400000| Untracked 
| 263|0x0000000722600000, 0x0000000722600000, 0x0000000722800000|  0%| F|  |TAMS 0x0000000722600000, 0x0000000722600000| Untracked 
| 264|0x0000000722800000, 0x0000000722800000, 0x0000000722a00000|  0%| F|  |TAMS 0x0000000722800000, 0x0000000722800000| Untracked 
| 265|0x0000000722a00000, 0x0000000722a00000, 0x0000000722c00000|  0%| F|  |TAMS 0x0000000722a00000, 0x0000000722a00000| Untracked 
| 266|0x0000000722c00000, 0x0000000722c00000, 0x0000000722e00000|  0%| F|  |TAMS 0x0000000722c00000, 0x0000000722c00000| Untracked 
| 267|0x0000000722e00000, 0x0000000722e00000, 0x0000000723000000|  0%| F|  |TAMS 0x0000000722e00000, 0x0000000722e00000| Untracked 
| 268|0x0000000723000000, 0x0000000723000000, 0x0000000723200000|  0%| F|  |TAMS 0x0000000723000000, 0x0000000723000000| Untracked 
| 269|0x0000000723200000, 0x0000000723200000, 0x0000000723400000|  0%| F|  |TAMS 0x0000000723200000, 0x0000000723200000| Untracked 
| 270|0x0000000723400000, 0x0000000723400000, 0x0000000723600000|  0%| F|  |TAMS 0x0000000723400000, 0x0000000723400000| Untracked 
| 271|0x0000000723600000, 0x0000000723600000, 0x0000000723800000|  0%| F|  |TAMS 0x0000000723600000, 0x0000000723600000| Untracked 
| 272|0x0000000723800000, 0x0000000723800000, 0x0000000723a00000|  0%| F|  |TAMS 0x0000000723800000, 0x0000000723800000| Untracked 
| 273|0x0000000723a00000, 0x0000000723a00000, 0x0000000723c00000|  0%| F|  |TAMS 0x0000000723a00000, 0x0000000723a00000| Untracked 
| 274|0x0000000723c00000, 0x0000000723c00000, 0x0000000723e00000|  0%| F|  |TAMS 0x0000000723c00000, 0x0000000723c00000| Untracked 
| 275|0x0000000723e00000, 0x0000000723e00000, 0x0000000724000000|  0%| F|  |TAMS 0x0000000723e00000, 0x0000000723e00000| Untracked 
| 276|0x0000000724000000, 0x0000000724000000, 0x0000000724200000|  0%| F|  |TAMS 0x0000000724000000, 0x0000000724000000| Untracked 
| 277|0x0000000724200000, 0x0000000724200000, 0x0000000724400000|  0%| F|  |TAMS 0x0000000724200000, 0x0000000724200000| Untracked 
| 278|0x0000000724400000, 0x0000000724400000, 0x0000000724600000|  0%| F|  |TAMS 0x0000000724400000, 0x0000000724400000| Untracked 
| 279|0x0000000724600000, 0x0000000724600000, 0x0000000724800000|  0%| F|  |TAMS 0x0000000724600000, 0x0000000724600000| Untracked 
| 280|0x0000000724800000, 0x0000000724800000, 0x0000000724a00000|  0%| F|  |TAMS 0x0000000724800000, 0x0000000724800000| Untracked 
| 281|0x0000000724a00000, 0x0000000724a00000, 0x0000000724c00000|  0%| F|  |TAMS 0x0000000724a00000, 0x0000000724a00000| Untracked 
| 282|0x0000000724c00000, 0x0000000724c00000, 0x0000000724e00000|  0%| F|  |TAMS 0x0000000724c00000, 0x0000000724c00000| Untracked 
| 283|0x0000000724e00000, 0x0000000724e00000, 0x0000000725000000|  0%| F|  |TAMS 0x0000000724e00000, 0x0000000724e00000| Untracked 
| 284|0x0000000725000000, 0x0000000725000000, 0x0000000725200000|  0%| F|  |TAMS 0x0000000725000000, 0x0000000725000000| Untracked 
| 285|0x0000000725200000, 0x0000000725200000, 0x0000000725400000|  0%| F|  |TAMS 0x0000000725200000, 0x0000000725200000| Untracked 
| 286|0x0000000725400000, 0x0000000725400000, 0x0000000725600000|  0%| F|  |TAMS 0x0000000725400000, 0x0000000725400000| Untracked 
| 287|0x0000000725600000, 0x0000000725600000, 0x0000000725800000|  0%| F|  |TAMS 0x0000000725600000, 0x0000000725600000| Untracked 
| 288|0x0000000725800000, 0x0000000725800000, 0x0000000725a00000|  0%| F|  |TAMS 0x0000000725800000, 0x0000000725800000| Untracked 
| 289|0x0000000725a00000, 0x0000000725a00000, 0x0000000725c00000|  0%| F|  |TAMS 0x0000000725a00000, 0x0000000725a00000| Untracked 
| 290|0x0000000725c00000, 0x0000000725c00000, 0x0000000725e00000|  0%| F|  |TAMS 0x0000000725c00000, 0x0000000725c00000| Untracked 
| 291|0x0000000725e00000, 0x0000000725e00000, 0x0000000726000000|  0%| F|  |TAMS 0x0000000725e00000, 0x0000000725e00000| Untracked 
| 292|0x0000000726000000, 0x0000000726000000, 0x0000000726200000|  0%| F|  |TAMS 0x0000000726000000, 0x0000000726000000| Untracked 
| 293|0x0000000726200000, 0x0000000726200000, 0x0000000726400000|  0%| F|  |TAMS 0x0000000726200000, 0x0000000726200000| Untracked 
| 294|0x0000000726400000, 0x0000000726400000, 0x0000000726600000|  0%| F|  |TAMS 0x0000000726400000, 0x0000000726400000| Untracked 
| 295|0x0000000726600000, 0x0000000726600000, 0x0000000726800000|  0%| F|  |TAMS 0x0000000726600000, 0x0000000726600000| Untracked 
| 296|0x0000000726800000, 0x0000000726800000, 0x0000000726a00000|  0%| F|  |TAMS 0x0000000726800000, 0x0000000726800000| Untracked 
| 297|0x0000000726a00000, 0x0000000726a00000, 0x0000000726c00000|  0%| F|  |TAMS 0x0000000726a00000, 0x0000000726a00000| Untracked 
| 298|0x0000000726c00000, 0x0000000726c00000, 0x0000000726e00000|  0%| F|  |TAMS 0x0000000726c00000, 0x0000000726c00000| Untracked 
| 299|0x0000000726e00000, 0x0000000726e00000, 0x0000000727000000|  0%| F|  |TAMS 0x0000000726e00000, 0x0000000726e00000| Untracked 
| 300|0x0000000727000000, 0x0000000727000000, 0x0000000727200000|  0%| F|  |TAMS 0x0000000727000000, 0x0000000727000000| Untracked 
| 301|0x0000000727200000, 0x0000000727200000, 0x0000000727400000|  0%| F|  |TAMS 0x0000000727200000, 0x0000000727200000| Untracked 
| 302|0x0000000727400000, 0x0000000727400000, 0x0000000727600000|  0%| F|  |TAMS 0x0000000727400000, 0x0000000727400000| Untracked 
| 303|0x0000000727600000, 0x0000000727600000, 0x0000000727800000|  0%| F|  |TAMS 0x0000000727600000, 0x0000000727600000| Untracked 
| 304|0x0000000727800000, 0x0000000727800000, 0x0000000727a00000|  0%| F|  |TAMS 0x0000000727800000, 0x0000000727800000| Untracked 
| 305|0x0000000727a00000, 0x0000000727a00000, 0x0000000727c00000|  0%| F|  |TAMS 0x0000000727a00000, 0x0000000727a00000| Untracked 
| 306|0x0000000727c00000, 0x0000000727c00000, 0x0000000727e00000|  0%| F|  |TAMS 0x0000000727c00000, 0x0000000727c00000| Untracked 
| 307|0x0000000727e00000, 0x0000000727e00000, 0x0000000728000000|  0%| F|  |TAMS 0x0000000727e00000, 0x0000000727e00000| Untracked 
| 308|0x0000000728000000, 0x0000000728000000, 0x0000000728200000|  0%| F|  |TAMS 0x0000000728000000, 0x0000000728000000| Untracked 
| 309|0x0000000728200000, 0x0000000728200000, 0x0000000728400000|  0%| F|  |TAMS 0x0000000728200000, 0x0000000728200000| Untracked 
| 310|0x0000000728400000, 0x0000000728400000, 0x0000000728600000|  0%| F|  |TAMS 0x0000000728400000, 0x0000000728400000| Untracked 
| 311|0x0000000728600000, 0x0000000728600000, 0x0000000728800000|  0%| F|  |TAMS 0x0000000728600000, 0x0000000728600000| Untracked 
| 312|0x0000000728800000, 0x0000000728800000, 0x0000000728a00000|  0%| F|  |TAMS 0x0000000728800000, 0x0000000728800000| Untracked 
| 313|0x0000000728a00000, 0x0000000728a00000, 0x0000000728c00000|  0%| F|  |TAMS 0x0000000728a00000, 0x0000000728a00000| Untracked 
| 314|0x0000000728c00000, 0x0000000728c00000, 0x0000000728e00000|  0%| F|  |TAMS 0x0000000728c00000, 0x0000000728c00000| Untracked 
| 315|0x0000000728e00000, 0x0000000728e00000, 0x0000000729000000|  0%| F|  |TAMS 0x0000000728e00000, 0x0000000728e00000| Untracked 
| 316|0x0000000729000000, 0x0000000729000000, 0x0000000729200000|  0%| F|  |TAMS 0x0000000729000000, 0x0000000729000000| Untracked 
| 317|0x0000000729200000, 0x0000000729200000, 0x0000000729400000|  0%| F|  |TAMS 0x0000000729200000, 0x0000000729200000| Untracked 
| 318|0x0000000729400000, 0x0000000729400000, 0x0000000729600000|  0%| F|  |TAMS 0x0000000729400000, 0x0000000729400000| Untracked 
| 319|0x0000000729600000, 0x0000000729600000, 0x0000000729800000|  0%| F|  |TAMS 0x0000000729600000, 0x0000000729600000| Untracked 
| 320|0x0000000729800000, 0x0000000729800000, 0x0000000729a00000|  0%| F|  |TAMS 0x0000000729800000, 0x0000000729800000| Untracked 
| 321|0x0000000729a00000, 0x0000000729a00000, 0x0000000729c00000|  0%| F|  |TAMS 0x0000000729a00000, 0x0000000729a00000| Untracked 
| 322|0x0000000729c00000, 0x0000000729c00000, 0x0000000729e00000|  0%| F|  |TAMS 0x0000000729c00000, 0x0000000729c00000| Untracked 
| 323|0x0000000729e00000, 0x0000000729e00000, 0x000000072a000000|  0%| F|  |TAMS 0x0000000729e00000, 0x0000000729e00000| Untracked 
| 324|0x000000072a000000, 0x000000072a000000, 0x000000072a200000|  0%| F|  |TAMS 0x000000072a000000, 0x000000072a000000| Untracked 
| 325|0x000000072a200000, 0x000000072a200000, 0x000000072a400000|  0%| F|  |TAMS 0x000000072a200000, 0x000000072a200000| Untracked 
| 326|0x000000072a400000, 0x000000072a400000, 0x000000072a600000|  0%| F|  |TAMS 0x000000072a400000, 0x000000072a400000| Untracked 
| 327|0x000000072a600000, 0x000000072a600000, 0x000000072a800000|  0%| F|  |TAMS 0x000000072a600000, 0x000000072a600000| Untracked 
| 328|0x000000072a800000, 0x000000072a800000, 0x000000072aa00000|  0%| F|  |TAMS 0x000000072a800000, 0x000000072a800000| Untracked 
| 329|0x000000072aa00000, 0x000000072aa00000, 0x000000072ac00000|  0%| F|  |TAMS 0x000000072aa00000, 0x000000072aa00000| Untracked 
| 330|0x000000072ac00000, 0x000000072ac00000, 0x000000072ae00000|  0%| F|  |TAMS 0x000000072ac00000, 0x000000072ac00000| Untracked 
| 331|0x000000072ae00000, 0x000000072ae00000, 0x000000072b000000|  0%| F|  |TAMS 0x000000072ae00000, 0x000000072ae00000| Untracked 
| 332|0x000000072b000000, 0x000000072b000000, 0x000000072b200000|  0%| F|  |TAMS 0x000000072b000000, 0x000000072b000000| Untracked 
| 333|0x000000072b200000, 0x000000072b200000, 0x000000072b400000|  0%| F|  |TAMS 0x000000072b200000, 0x000000072b200000| Untracked 
| 334|0x000000072b400000, 0x000000072b400000, 0x000000072b600000|  0%| F|  |TAMS 0x000000072b400000, 0x000000072b400000| Untracked 
| 335|0x000000072b600000, 0x000000072b600000, 0x000000072b800000|  0%| F|  |TAMS 0x000000072b600000, 0x000000072b600000| Untracked 
| 336|0x000000072b800000, 0x000000072b800000, 0x000000072ba00000|  0%| F|  |TAMS 0x000000072b800000, 0x000000072b800000| Untracked 
| 337|0x000000072ba00000, 0x000000072ba00000, 0x000000072bc00000|  0%| F|  |TAMS 0x000000072ba00000, 0x000000072ba00000| Untracked 
| 338|0x000000072bc00000, 0x000000072bc00000, 0x000000072be00000|  0%| F|  |TAMS 0x000000072bc00000, 0x000000072bc00000| Untracked 
| 339|0x000000072be00000, 0x000000072be00000, 0x000000072c000000|  0%| F|  |TAMS 0x000000072be00000, 0x000000072be00000| Untracked 
| 340|0x000000072c000000, 0x000000072c000000, 0x000000072c200000|  0%| F|  |TAMS 0x000000072c000000, 0x000000072c000000| Untracked 
| 341|0x000000072c200000, 0x000000072c200000, 0x000000072c400000|  0%| F|  |TAMS 0x000000072c200000, 0x000000072c200000| Untracked 
| 342|0x000000072c400000, 0x000000072c400000, 0x000000072c600000|  0%| F|  |TAMS 0x000000072c400000, 0x000000072c400000| Untracked 
| 343|0x000000072c600000, 0x000000072c600000, 0x000000072c800000|  0%| F|  |TAMS 0x000000072c600000, 0x000000072c600000| Untracked 
| 344|0x000000072c800000, 0x000000072c800000, 0x000000072ca00000|  0%| F|  |TAMS 0x000000072c800000, 0x000000072c800000| Untracked 
| 345|0x000000072ca00000, 0x000000072ca00000, 0x000000072cc00000|  0%| F|  |TAMS 0x000000072ca00000, 0x000000072ca00000| Untracked 
| 346|0x000000072cc00000, 0x000000072cc00000, 0x000000072ce00000|  0%| F|  |TAMS 0x000000072cc00000, 0x000000072cc00000| Untracked 
| 347|0x000000072ce00000, 0x000000072ce00000, 0x000000072d000000|  0%| F|  |TAMS 0x000000072ce00000, 0x000000072ce00000| Untracked 
| 348|0x000000072d000000, 0x000000072d000000, 0x000000072d200000|  0%| F|  |TAMS 0x000000072d000000, 0x000000072d000000| Untracked 
| 349|0x000000072d200000, 0x000000072d200000, 0x000000072d400000|  0%| F|  |TAMS 0x000000072d200000, 0x000000072d200000| Untracked 
| 350|0x000000072d400000, 0x000000072d400000, 0x000000072d600000|  0%| F|  |TAMS 0x000000072d400000, 0x000000072d400000| Untracked 
| 351|0x000000072d600000, 0x000000072d600000, 0x000000072d800000|  0%| F|  |TAMS 0x000000072d600000, 0x000000072d600000| Untracked 
| 352|0x000000072d800000, 0x000000072d800000, 0x000000072da00000|  0%| F|  |TAMS 0x000000072d800000, 0x000000072d800000| Untracked 
| 353|0x000000072da00000, 0x000000072da00000, 0x000000072dc00000|  0%| F|  |TAMS 0x000000072da00000, 0x000000072da00000| Untracked 
| 354|0x000000072dc00000, 0x000000072dc00000, 0x000000072de00000|  0%| F|  |TAMS 0x000000072dc00000, 0x000000072dc00000| Untracked 
| 355|0x000000072de00000, 0x000000072de00000, 0x000000072e000000|  0%| F|  |TAMS 0x000000072de00000, 0x000000072de00000| Untracked 
| 356|0x000000072e000000, 0x000000072e000000, 0x000000072e200000|  0%| F|  |TAMS 0x000000072e000000, 0x000000072e000000| Untracked 
| 357|0x000000072e200000, 0x000000072e200000, 0x000000072e400000|  0%| F|  |TAMS 0x000000072e200000, 0x000000072e200000| Untracked 
| 358|0x000000072e400000, 0x000000072e400000, 0x000000072e600000|  0%| F|  |TAMS 0x000000072e400000, 0x000000072e400000| Untracked 
| 359|0x000000072e600000, 0x000000072e600000, 0x000000072e800000|  0%| F|  |TAMS 0x000000072e600000, 0x000000072e600000| Untracked 
| 360|0x000000072e800000, 0x000000072e800000, 0x000000072ea00000|  0%| F|  |TAMS 0x000000072e800000, 0x000000072e800000| Untracked 
| 361|0x000000072ea00000, 0x000000072ea00000, 0x000000072ec00000|  0%| F|  |TAMS 0x000000072ea00000, 0x000000072ea00000| Untracked 
| 362|0x000000072ec00000, 0x000000072ec00000, 0x000000072ee00000|  0%| F|  |TAMS 0x000000072ec00000, 0x000000072ec00000| Untracked 
| 363|0x000000072ee00000, 0x000000072ee00000, 0x000000072f000000|  0%| F|  |TAMS 0x000000072ee00000, 0x000000072ee00000| Untracked 
| 364|0x000000072f000000, 0x000000072f000000, 0x000000072f200000|  0%| F|  |TAMS 0x000000072f000000, 0x000000072f000000| Untracked 
| 365|0x000000072f200000, 0x000000072f200000, 0x000000072f400000|  0%| F|  |TAMS 0x000000072f200000, 0x000000072f200000| Untracked 
| 366|0x000000072f400000, 0x000000072f400000, 0x000000072f600000|  0%| F|  |TAMS 0x000000072f400000, 0x000000072f400000| Untracked 
| 367|0x000000072f600000, 0x000000072f600000, 0x000000072f800000|  0%| F|  |TAMS 0x000000072f600000, 0x000000072f600000| Untracked 
| 368|0x000000072f800000, 0x000000072f800000, 0x000000072fa00000|  0%| F|  |TAMS 0x000000072f800000, 0x000000072f800000| Untracked 
| 369|0x000000072fa00000, 0x000000072fa00000, 0x000000072fc00000|  0%| F|  |TAMS 0x000000072fa00000, 0x000000072fa00000| Untracked 
| 370|0x000000072fc00000, 0x000000072fc00000, 0x000000072fe00000|  0%| F|  |TAMS 0x000000072fc00000, 0x000000072fc00000| Untracked 
| 371|0x000000072fe00000, 0x000000072fe00000, 0x0000000730000000|  0%| F|  |TAMS 0x000000072fe00000, 0x000000072fe00000| Untracked 
| 372|0x0000000730000000, 0x0000000730000000, 0x0000000730200000|  0%| F|  |TAMS 0x0000000730000000, 0x0000000730000000| Untracked 
| 373|0x0000000730200000, 0x0000000730200000, 0x0000000730400000|  0%| F|  |TAMS 0x0000000730200000, 0x0000000730200000| Untracked 
| 374|0x0000000730400000, 0x0000000730400000, 0x0000000730600000|  0%| F|  |TAMS 0x0000000730400000, 0x0000000730400000| Untracked 
| 375|0x0000000730600000, 0x0000000730600000, 0x0000000730800000|  0%| F|  |TAMS 0x0000000730600000, 0x0000000730600000| Untracked 
| 376|0x0000000730800000, 0x0000000730800000, 0x0000000730a00000|  0%| F|  |TAMS 0x0000000730800000, 0x0000000730800000| Untracked 
| 377|0x0000000730a00000, 0x0000000730a00000, 0x0000000730c00000|  0%| F|  |TAMS 0x0000000730a00000, 0x0000000730a00000| Untracked 
| 378|0x0000000730c00000, 0x0000000730c00000, 0x0000000730e00000|  0%| F|  |TAMS 0x0000000730c00000, 0x0000000730c00000| Untracked 
| 379|0x0000000730e00000, 0x0000000730e00000, 0x0000000731000000|  0%| F|  |TAMS 0x0000000730e00000, 0x0000000730e00000| Untracked 
| 380|0x0000000731000000, 0x0000000731000000, 0x0000000731200000|  0%| F|  |TAMS 0x0000000731000000, 0x0000000731000000| Untracked 
| 381|0x0000000731200000, 0x0000000731200000, 0x0000000731400000|  0%| F|  |TAMS 0x0000000731200000, 0x0000000731200000| Untracked 
| 382|0x0000000731400000, 0x0000000731400000, 0x0000000731600000|  0%| F|  |TAMS 0x0000000731400000, 0x0000000731400000| Untracked 
| 383|0x0000000731600000, 0x0000000731600000, 0x0000000731800000|  0%| F|  |TAMS 0x0000000731600000, 0x0000000731600000| Untracked 
| 384|0x0000000731800000, 0x0000000731800000, 0x0000000731a00000|  0%| F|  |TAMS 0x0000000731800000, 0x0000000731800000| Untracked 
| 385|0x0000000731a00000, 0x0000000731a00000, 0x0000000731c00000|  0%| F|  |TAMS 0x0000000731a00000, 0x0000000731a00000| Untracked 
| 386|0x0000000731c00000, 0x0000000731c00000, 0x0000000731e00000|  0%| F|  |TAMS 0x0000000731c00000, 0x0000000731c00000| Untracked 
| 387|0x0000000731e00000, 0x0000000731e00000, 0x0000000732000000|  0%| F|  |TAMS 0x0000000731e00000, 0x0000000731e00000| Untracked 
| 388|0x0000000732000000, 0x0000000732000000, 0x0000000732200000|  0%| F|  |TAMS 0x0000000732000000, 0x0000000732000000| Untracked 
| 389|0x0000000732200000, 0x0000000732200000, 0x0000000732400000|  0%| F|  |TAMS 0x0000000732200000, 0x0000000732200000| Untracked 
| 390|0x0000000732400000, 0x0000000732400000, 0x0000000732600000|  0%| F|  |TAMS 0x0000000732400000, 0x0000000732400000| Untracked 
| 391|0x0000000732600000, 0x0000000732600000, 0x0000000732800000|  0%| F|  |TAMS 0x0000000732600000, 0x0000000732600000| Untracked 
| 392|0x0000000732800000, 0x0000000732800000, 0x0000000732a00000|  0%| F|  |TAMS 0x0000000732800000, 0x0000000732800000| Untracked 
| 393|0x0000000732a00000, 0x0000000732a00000, 0x0000000732c00000|  0%| F|  |TAMS 0x0000000732a00000, 0x0000000732a00000| Untracked 
| 394|0x0000000732c00000, 0x0000000732c00000, 0x0000000732e00000|  0%| F|  |TAMS 0x0000000732c00000, 0x0000000732c00000| Untracked 
| 395|0x0000000732e00000, 0x0000000732e00000, 0x0000000733000000|  0%| F|  |TAMS 0x0000000732e00000, 0x0000000732e00000| Untracked 
| 396|0x0000000733000000, 0x0000000733000000, 0x0000000733200000|  0%| F|  |TAMS 0x0000000733000000, 0x0000000733000000| Untracked 
| 397|0x0000000733200000, 0x0000000733200000, 0x0000000733400000|  0%| F|  |TAMS 0x0000000733200000, 0x0000000733200000| Untracked 
| 398|0x0000000733400000, 0x0000000733400000, 0x0000000733600000|  0%| F|  |TAMS 0x0000000733400000, 0x0000000733400000| Untracked 
| 399|0x0000000733600000, 0x0000000733600000, 0x0000000733800000|  0%| F|  |TAMS 0x0000000733600000, 0x0000000733600000| Untracked 
| 400|0x0000000733800000, 0x0000000733800000, 0x0000000733a00000|  0%| F|  |TAMS 0x0000000733800000, 0x0000000733800000| Untracked 
| 401|0x0000000733a00000, 0x0000000733a00000, 0x0000000733c00000|  0%| F|  |TAMS 0x0000000733a00000, 0x0000000733a00000| Untracked 
| 402|0x0000000733c00000, 0x0000000733c00000, 0x0000000733e00000|  0%| F|  |TAMS 0x0000000733c00000, 0x0000000733c00000| Untracked 
| 403|0x0000000733e00000, 0x0000000733e00000, 0x0000000734000000|  0%| F|  |TAMS 0x0000000733e00000, 0x0000000733e00000| Untracked 
| 404|0x0000000734000000, 0x0000000734000000, 0x0000000734200000|  0%| F|  |TAMS 0x0000000734000000, 0x0000000734000000| Untracked 
| 405|0x0000000734200000, 0x0000000734200000, 0x0000000734400000|  0%| F|  |TAMS 0x0000000734200000, 0x0000000734200000| Untracked 
| 406|0x0000000734400000, 0x0000000734400000, 0x0000000734600000|  0%| F|  |TAMS 0x0000000734400000, 0x0000000734400000| Untracked 
| 407|0x0000000734600000, 0x0000000734600000, 0x0000000734800000|  0%| F|  |TAMS 0x0000000734600000, 0x0000000734600000| Untracked 
| 408|0x0000000734800000, 0x0000000734800000, 0x0000000734a00000|  0%| F|  |TAMS 0x0000000734800000, 0x0000000734800000| Untracked 
| 409|0x0000000734a00000, 0x0000000734a00000, 0x0000000734c00000|  0%| F|  |TAMS 0x0000000734a00000, 0x0000000734a00000| Untracked 
| 410|0x0000000734c00000, 0x0000000734c00000, 0x0000000734e00000|  0%| F|  |TAMS 0x0000000734c00000, 0x0000000734c00000| Untracked 
| 411|0x0000000734e00000, 0x0000000734e00000, 0x0000000735000000|  0%| F|  |TAMS 0x0000000734e00000, 0x0000000734e00000| Untracked 
| 412|0x0000000735000000, 0x0000000735000000, 0x0000000735200000|  0%| F|  |TAMS 0x0000000735000000, 0x0000000735000000| Untracked 
| 413|0x0000000735200000, 0x0000000735200000, 0x0000000735400000|  0%| F|  |TAMS 0x0000000735200000, 0x0000000735200000| Untracked 
| 414|0x0000000735400000, 0x0000000735400000, 0x0000000735600000|  0%| F|  |TAMS 0x0000000735400000, 0x0000000735400000| Untracked 
| 415|0x0000000735600000, 0x0000000735600000, 0x0000000735800000|  0%| F|  |TAMS 0x0000000735600000, 0x0000000735600000| Untracked 
| 416|0x0000000735800000, 0x0000000735800000, 0x0000000735a00000|  0%| F|  |TAMS 0x0000000735800000, 0x0000000735800000| Untracked 
| 417|0x0000000735a00000, 0x0000000735a00000, 0x0000000735c00000|  0%| F|  |TAMS 0x0000000735a00000, 0x0000000735a00000| Untracked 
| 418|0x0000000735c00000, 0x0000000735c00000, 0x0000000735e00000|  0%| F|  |TAMS 0x0000000735c00000, 0x0000000735c00000| Untracked 
| 419|0x0000000735e00000, 0x0000000735e00000, 0x0000000736000000|  0%| F|  |TAMS 0x0000000735e00000, 0x0000000735e00000| Untracked 
| 420|0x0000000736000000, 0x0000000736000000, 0x0000000736200000|  0%| F|  |TAMS 0x0000000736000000, 0x0000000736000000| Untracked 
| 421|0x0000000736200000, 0x0000000736200000, 0x0000000736400000|  0%| F|  |TAMS 0x0000000736200000, 0x0000000736200000| Untracked 
| 422|0x0000000736400000, 0x0000000736400000, 0x0000000736600000|  0%| F|  |TAMS 0x0000000736400000, 0x0000000736400000| Untracked 
| 423|0x0000000736600000, 0x0000000736600000, 0x0000000736800000|  0%| F|  |TAMS 0x0000000736600000, 0x0000000736600000| Untracked 
| 424|0x0000000736800000, 0x0000000736800000, 0x0000000736a00000|  0%| F|  |TAMS 0x0000000736800000, 0x0000000736800000| Untracked 
| 425|0x0000000736a00000, 0x0000000736a00000, 0x0000000736c00000|  0%| F|  |TAMS 0x0000000736a00000, 0x0000000736a00000| Untracked 
| 426|0x0000000736c00000, 0x0000000736c00000, 0x0000000736e00000|  0%| F|  |TAMS 0x0000000736c00000, 0x0000000736c00000| Untracked 
| 427|0x0000000736e00000, 0x0000000736e00000, 0x0000000737000000|  0%| F|  |TAMS 0x0000000736e00000, 0x0000000736e00000| Untracked 
| 428|0x0000000737000000, 0x0000000737000000, 0x0000000737200000|  0%| F|  |TAMS 0x0000000737000000, 0x0000000737000000| Untracked 
| 429|0x0000000737200000, 0x0000000737200000, 0x0000000737400000|  0%| F|  |TAMS 0x0000000737200000, 0x0000000737200000| Untracked 
| 430|0x0000000737400000, 0x0000000737400000, 0x0000000737600000|  0%| F|  |TAMS 0x0000000737400000, 0x0000000737400000| Untracked 
| 431|0x0000000737600000, 0x0000000737600000, 0x0000000737800000|  0%| F|  |TAMS 0x0000000737600000, 0x0000000737600000| Untracked 
| 432|0x0000000737800000, 0x0000000737800000, 0x0000000737a00000|  0%| F|  |TAMS 0x0000000737800000, 0x0000000737800000| Untracked 
| 433|0x0000000737a00000, 0x0000000737a00000, 0x0000000737c00000|  0%| F|  |TAMS 0x0000000737a00000, 0x0000000737a00000| Untracked 
| 434|0x0000000737c00000, 0x0000000737c00000, 0x0000000737e00000|  0%| F|  |TAMS 0x0000000737c00000, 0x0000000737c00000| Untracked 
| 435|0x0000000737e00000, 0x0000000737e00000, 0x0000000738000000|  0%| F|  |TAMS 0x0000000737e00000, 0x0000000737e00000| Untracked 
| 436|0x0000000738000000, 0x0000000738000000, 0x0000000738200000|  0%| F|  |TAMS 0x0000000738000000, 0x0000000738000000| Untracked 
| 437|0x0000000738200000, 0x0000000738200000, 0x0000000738400000|  0%| F|  |TAMS 0x0000000738200000, 0x0000000738200000| Untracked 
| 438|0x0000000738400000, 0x0000000738400000, 0x0000000738600000|  0%| F|  |TAMS 0x0000000738400000, 0x0000000738400000| Untracked 
| 439|0x0000000738600000, 0x0000000738600000, 0x0000000738800000|  0%| F|  |TAMS 0x0000000738600000, 0x0000000738600000| Untracked 
| 440|0x0000000738800000, 0x0000000738800000, 0x0000000738a00000|  0%| F|  |TAMS 0x0000000738800000, 0x0000000738800000| Untracked 
| 441|0x0000000738a00000, 0x0000000738a00000, 0x0000000738c00000|  0%| F|  |TAMS 0x0000000738a00000, 0x0000000738a00000| Untracked 
| 442|0x0000000738c00000, 0x0000000738c00000, 0x0000000738e00000|  0%| F|  |TAMS 0x0000000738c00000, 0x0000000738c00000| Untracked 
| 443|0x0000000738e00000, 0x0000000738e00000, 0x0000000739000000|  0%| F|  |TAMS 0x0000000738e00000, 0x0000000738e00000| Untracked 
| 444|0x0000000739000000, 0x0000000739000000, 0x0000000739200000|  0%| F|  |TAMS 0x0000000739000000, 0x0000000739000000| Untracked 
| 445|0x0000000739200000, 0x0000000739200000, 0x0000000739400000|  0%| F|  |TAMS 0x0000000739200000, 0x0000000739200000| Untracked 
| 446|0x0000000739400000, 0x0000000739400000, 0x0000000739600000|  0%| F|  |TAMS 0x0000000739400000, 0x0000000739400000| Untracked 
| 447|0x0000000739600000, 0x0000000739600000, 0x0000000739800000|  0%| F|  |TAMS 0x0000000739600000, 0x0000000739600000| Untracked 
| 448|0x0000000739800000, 0x0000000739800000, 0x0000000739a00000|  0%| F|  |TAMS 0x0000000739800000, 0x0000000739800000| Untracked 
| 449|0x0000000739a00000, 0x0000000739a00000, 0x0000000739c00000|  0%| F|  |TAMS 0x0000000739a00000, 0x0000000739a00000| Untracked 
| 450|0x0000000739c00000, 0x0000000739c00000, 0x0000000739e00000|  0%| F|  |TAMS 0x0000000739c00000, 0x0000000739c00000| Untracked 
| 451|0x0000000739e00000, 0x0000000739e00000, 0x000000073a000000|  0%| F|  |TAMS 0x0000000739e00000, 0x0000000739e00000| Untracked 
| 452|0x000000073a000000, 0x000000073a000000, 0x000000073a200000|  0%| F|  |TAMS 0x000000073a000000, 0x000000073a000000| Untracked 
| 453|0x000000073a200000, 0x000000073a200000, 0x000000073a400000|  0%| F|  |TAMS 0x000000073a200000, 0x000000073a200000| Untracked 
| 454|0x000000073a400000, 0x000000073a400000, 0x000000073a600000|  0%| F|  |TAMS 0x000000073a400000, 0x000000073a400000| Untracked 
| 455|0x000000073a600000, 0x000000073a600000, 0x000000073a800000|  0%| F|  |TAMS 0x000000073a600000, 0x000000073a600000| Untracked 
| 456|0x000000073a800000, 0x000000073a800000, 0x000000073aa00000|  0%| F|  |TAMS 0x000000073a800000, 0x000000073a800000| Untracked 
| 457|0x000000073aa00000, 0x000000073aa00000, 0x000000073ac00000|  0%| F|  |TAMS 0x000000073aa00000, 0x000000073aa00000| Untracked 
| 458|0x000000073ac00000, 0x000000073ac00000, 0x000000073ae00000|  0%| F|  |TAMS 0x000000073ac00000, 0x000000073ac00000| Untracked 
| 459|0x000000073ae00000, 0x000000073ae00000, 0x000000073b000000|  0%| F|  |TAMS 0x000000073ae00000, 0x000000073ae00000| Untracked 
| 460|0x000000073b000000, 0x000000073b000000, 0x000000073b200000|  0%| F|  |TAMS 0x000000073b000000, 0x000000073b000000| Untracked 
| 461|0x000000073b200000, 0x000000073b200000, 0x000000073b400000|  0%| F|  |TAMS 0x000000073b200000, 0x000000073b200000| Untracked 
| 462|0x000000073b400000, 0x000000073b400000, 0x000000073b600000|  0%| F|  |TAMS 0x000000073b400000, 0x000000073b400000| Untracked 
| 463|0x000000073b600000, 0x000000073b600000, 0x000000073b800000|  0%| F|  |TAMS 0x000000073b600000, 0x000000073b600000| Untracked 
| 464|0x000000073b800000, 0x000000073b800000, 0x000000073ba00000|  0%| F|  |TAMS 0x000000073b800000, 0x000000073b800000| Untracked 
| 465|0x000000073ba00000, 0x000000073ba00000, 0x000000073bc00000|  0%| F|  |TAMS 0x000000073ba00000, 0x000000073ba00000| Untracked 
| 466|0x000000073bc00000, 0x000000073bc00000, 0x000000073be00000|  0%| F|  |TAMS 0x000000073bc00000, 0x000000073bc00000| Untracked 
| 467|0x000000073be00000, 0x000000073be00000, 0x000000073c000000|  0%| F|  |TAMS 0x000000073be00000, 0x000000073be00000| Untracked 
| 468|0x000000073c000000, 0x000000073c000000, 0x000000073c200000|  0%| F|  |TAMS 0x000000073c000000, 0x000000073c000000| Untracked 
| 469|0x000000073c200000, 0x000000073c200000, 0x000000073c400000|  0%| F|  |TAMS 0x000000073c200000, 0x000000073c200000| Untracked 
| 470|0x000000073c400000, 0x000000073c400000, 0x000000073c600000|  0%| F|  |TAMS 0x000000073c400000, 0x000000073c400000| Untracked 
| 471|0x000000073c600000, 0x000000073c600000, 0x000000073c800000|  0%| F|  |TAMS 0x000000073c600000, 0x000000073c600000| Untracked 
| 472|0x000000073c800000, 0x000000073c800000, 0x000000073ca00000|  0%| F|  |TAMS 0x000000073c800000, 0x000000073c800000| Untracked 
| 473|0x000000073ca00000, 0x000000073ca00000, 0x000000073cc00000|  0%| F|  |TAMS 0x000000073ca00000, 0x000000073ca00000| Untracked 
| 474|0x000000073cc00000, 0x000000073cc00000, 0x000000073ce00000|  0%| F|  |TAMS 0x000000073cc00000, 0x000000073cc00000| Untracked 
| 475|0x000000073ce00000, 0x000000073ce00000, 0x000000073d000000|  0%| F|  |TAMS 0x000000073ce00000, 0x000000073ce00000| Untracked 
| 476|0x000000073d000000, 0x000000073d000000, 0x000000073d200000|  0%| F|  |TAMS 0x000000073d000000, 0x000000073d000000| Untracked 
| 477|0x000000073d200000, 0x000000073d200000, 0x000000073d400000|  0%| F|  |TAMS 0x000000073d200000, 0x000000073d200000| Untracked 
| 478|0x000000073d400000, 0x000000073d400000, 0x000000073d600000|  0%| F|  |TAMS 0x000000073d400000, 0x000000073d400000| Untracked 
| 479|0x000000073d600000, 0x000000073d600000, 0x000000073d800000|  0%| F|  |TAMS 0x000000073d600000, 0x000000073d600000| Untracked 
| 480|0x000000073d800000, 0x000000073d800000, 0x000000073da00000|  0%| F|  |TAMS 0x000000073d800000, 0x000000073d800000| Untracked 
| 481|0x000000073da00000, 0x000000073da00000, 0x000000073dc00000|  0%| F|  |TAMS 0x000000073da00000, 0x000000073da00000| Untracked 
| 482|0x000000073dc00000, 0x000000073dc00000, 0x000000073de00000|  0%| F|  |TAMS 0x000000073dc00000, 0x000000073dc00000| Untracked 
| 483|0x000000073de00000, 0x000000073de00000, 0x000000073e000000|  0%| F|  |TAMS 0x000000073de00000, 0x000000073de00000| Untracked 
| 484|0x000000073e000000, 0x000000073e000000, 0x000000073e200000|  0%| F|  |TAMS 0x000000073e000000, 0x000000073e000000| Untracked 
| 485|0x000000073e200000, 0x000000073e200000, 0x000000073e400000|  0%| F|  |TAMS 0x000000073e200000, 0x000000073e200000| Untracked 
| 486|0x000000073e400000, 0x000000073e400000, 0x000000073e600000|  0%| F|  |TAMS 0x000000073e400000, 0x000000073e400000| Untracked 
| 487|0x000000073e600000, 0x000000073e600000, 0x000000073e800000|  0%| F|  |TAMS 0x000000073e600000, 0x000000073e600000| Untracked 
| 488|0x000000073e800000, 0x000000073e800000, 0x000000073ea00000|  0%| F|  |TAMS 0x000000073e800000, 0x000000073e800000| Untracked 
| 489|0x000000073ea00000, 0x000000073ea00000, 0x000000073ec00000|  0%| F|  |TAMS 0x000000073ea00000, 0x000000073ea00000| Untracked 
| 490|0x000000073ec00000, 0x000000073ec00000, 0x000000073ee00000|  0%| F|  |TAMS 0x000000073ec00000, 0x000000073ec00000| Untracked 
| 491|0x000000073ee00000, 0x000000073ee00000, 0x000000073f000000|  0%| F|  |TAMS 0x000000073ee00000, 0x000000073ee00000| Untracked 
| 492|0x000000073f000000, 0x000000073f000000, 0x000000073f200000|  0%| F|  |TAMS 0x000000073f000000, 0x000000073f000000| Untracked 
| 493|0x000000073f200000, 0x000000073f200000, 0x000000073f400000|  0%| F|  |TAMS 0x000000073f200000, 0x000000073f200000| Untracked 
| 494|0x000000073f400000, 0x000000073f400000, 0x000000073f600000|  0%| F|  |TAMS 0x000000073f400000, 0x000000073f400000| Untracked 
| 495|0x000000073f600000, 0x000000073f600000, 0x000000073f800000|  0%| F|  |TAMS 0x000000073f600000, 0x000000073f600000| Untracked 
| 496|0x000000073f800000, 0x000000073f800000, 0x000000073fa00000|  0%| F|  |TAMS 0x000000073f800000, 0x000000073f800000| Untracked 
| 497|0x000000073fa00000, 0x000000073fa00000, 0x000000073fc00000|  0%| F|  |TAMS 0x000000073fa00000, 0x000000073fa00000| Untracked 
| 498|0x000000073fc00000, 0x000000073fc00000, 0x000000073fe00000|  0%| F|  |TAMS 0x000000073fc00000, 0x000000073fc00000| Untracked 
| 499|0x000000073fe00000, 0x000000073fe00000, 0x0000000740000000|  0%| F|  |TAMS 0x000000073fe00000, 0x000000073fe00000| Untracked 
| 500|0x0000000740000000, 0x0000000740000000, 0x0000000740200000|  0%| F|  |TAMS 0x0000000740000000, 0x0000000740000000| Untracked 
| 501|0x0000000740200000, 0x0000000740200000, 0x0000000740400000|  0%| F|  |TAMS 0x0000000740200000, 0x0000000740200000| Untracked 
| 502|0x0000000740400000, 0x0000000740400000, 0x0000000740600000|  0%| F|  |TAMS 0x0000000740400000, 0x0000000740400000| Untracked 
| 503|0x0000000740600000, 0x0000000740600000, 0x0000000740800000|  0%| F|  |TAMS 0x0000000740600000, 0x0000000740600000| Untracked 
| 504|0x0000000740800000, 0x0000000740800000, 0x0000000740a00000|  0%| F|  |TAMS 0x0000000740800000, 0x0000000740800000| Untracked 
| 505|0x0000000740a00000, 0x0000000740a00000, 0x0000000740c00000|  0%| F|  |TAMS 0x0000000740a00000, 0x0000000740a00000| Untracked 
| 506|0x0000000740c00000, 0x0000000740c00000, 0x0000000740e00000|  0%| F|  |TAMS 0x0000000740c00000, 0x0000000740c00000| Untracked 
| 507|0x0000000740e00000, 0x0000000740e00000, 0x0000000741000000|  0%| F|  |TAMS 0x0000000740e00000, 0x0000000740e00000| Untracked 
| 508|0x0000000741000000, 0x0000000741000000, 0x0000000741200000|  0%| F|  |TAMS 0x0000000741000000, 0x0000000741000000| Untracked 
| 509|0x0000000741200000, 0x0000000741200000, 0x0000000741400000|  0%| F|  |TAMS 0x0000000741200000, 0x0000000741200000| Untracked 
| 510|0x0000000741400000, 0x0000000741400000, 0x0000000741600000|  0%| F|  |TAMS 0x0000000741400000, 0x0000000741400000| Untracked 
| 511|0x0000000741600000, 0x0000000741600000, 0x0000000741800000|  0%| F|  |TAMS 0x0000000741600000, 0x0000000741600000| Untracked 
| 512|0x0000000741800000, 0x0000000741800000, 0x0000000741a00000|  0%| F|  |TAMS 0x0000000741800000, 0x0000000741800000| Untracked 
| 513|0x0000000741a00000, 0x0000000741a00000, 0x0000000741c00000|  0%| F|  |TAMS 0x0000000741a00000, 0x0000000741a00000| Untracked 
| 514|0x0000000741c00000, 0x0000000741c00000, 0x0000000741e00000|  0%| F|  |TAMS 0x0000000741c00000, 0x0000000741c00000| Untracked 
| 515|0x0000000741e00000, 0x0000000741e00000, 0x0000000742000000|  0%| F|  |TAMS 0x0000000741e00000, 0x0000000741e00000| Untracked 
| 516|0x0000000742000000, 0x0000000742000000, 0x0000000742200000|  0%| F|  |TAMS 0x0000000742000000, 0x0000000742000000| Untracked 
| 517|0x0000000742200000, 0x0000000742200000, 0x0000000742400000|  0%| F|  |TAMS 0x0000000742200000, 0x0000000742200000| Untracked 
| 518|0x0000000742400000, 0x0000000742400000, 0x0000000742600000|  0%| F|  |TAMS 0x0000000742400000, 0x0000000742400000| Untracked 
| 519|0x0000000742600000, 0x0000000742600000, 0x0000000742800000|  0%| F|  |TAMS 0x0000000742600000, 0x0000000742600000| Untracked 
| 520|0x0000000742800000, 0x0000000742800000, 0x0000000742a00000|  0%| F|  |TAMS 0x0000000742800000, 0x0000000742800000| Untracked 
| 521|0x0000000742a00000, 0x0000000742a00000, 0x0000000742c00000|  0%| F|  |TAMS 0x0000000742a00000, 0x0000000742a00000| Untracked 
| 522|0x0000000742c00000, 0x0000000742c00000, 0x0000000742e00000|  0%| F|  |TAMS 0x0000000742c00000, 0x0000000742c00000| Untracked 
| 523|0x0000000742e00000, 0x0000000742e00000, 0x0000000743000000|  0%| F|  |TAMS 0x0000000742e00000, 0x0000000742e00000| Untracked 
| 524|0x0000000743000000, 0x0000000743000000, 0x0000000743200000|  0%| F|  |TAMS 0x0000000743000000, 0x0000000743000000| Untracked 
| 525|0x0000000743200000, 0x0000000743200000, 0x0000000743400000|  0%| F|  |TAMS 0x0000000743200000, 0x0000000743200000| Untracked 
| 526|0x0000000743400000, 0x0000000743400000, 0x0000000743600000|  0%| F|  |TAMS 0x0000000743400000, 0x0000000743400000| Untracked 
| 527|0x0000000743600000, 0x0000000743600000, 0x0000000743800000|  0%| F|  |TAMS 0x0000000743600000, 0x0000000743600000| Untracked 
| 528|0x0000000743800000, 0x0000000743800000, 0x0000000743a00000|  0%| F|  |TAMS 0x0000000743800000, 0x0000000743800000| Untracked 
| 529|0x0000000743a00000, 0x0000000743a00000, 0x0000000743c00000|  0%| F|  |TAMS 0x0000000743a00000, 0x0000000743a00000| Untracked 
| 530|0x0000000743c00000, 0x0000000743c00000, 0x0000000743e00000|  0%| F|  |TAMS 0x0000000743c00000, 0x0000000743c00000| Untracked 
| 531|0x0000000743e00000, 0x0000000743e00000, 0x0000000744000000|  0%| F|  |TAMS 0x0000000743e00000, 0x0000000743e00000| Untracked 
| 532|0x0000000744000000, 0x0000000744000000, 0x0000000744200000|  0%| F|  |TAMS 0x0000000744000000, 0x0000000744000000| Untracked 
| 533|0x0000000744200000, 0x0000000744200000, 0x0000000744400000|  0%| F|  |TAMS 0x0000000744200000, 0x0000000744200000| Untracked 
| 534|0x0000000744400000, 0x0000000744400000, 0x0000000744600000|  0%| F|  |TAMS 0x0000000744400000, 0x0000000744400000| Untracked 
| 535|0x0000000744600000, 0x0000000744600000, 0x0000000744800000|  0%| F|  |TAMS 0x0000000744600000, 0x0000000744600000| Untracked 
| 536|0x0000000744800000, 0x0000000744800000, 0x0000000744a00000|  0%| F|  |TAMS 0x0000000744800000, 0x0000000744800000| Untracked 
| 537|0x0000000744a00000, 0x0000000744a00000, 0x0000000744c00000|  0%| F|  |TAMS 0x0000000744a00000, 0x0000000744a00000| Untracked 
| 538|0x0000000744c00000, 0x0000000744c00000, 0x0000000744e00000|  0%| F|  |TAMS 0x0000000744c00000, 0x0000000744c00000| Untracked 
| 539|0x0000000744e00000, 0x0000000744e00000, 0x0000000745000000|  0%| F|  |TAMS 0x0000000744e00000, 0x0000000744e00000| Untracked 
| 540|0x0000000745000000, 0x0000000745000000, 0x0000000745200000|  0%| F|  |TAMS 0x0000000745000000, 0x0000000745000000| Untracked 
| 541|0x0000000745200000, 0x0000000745200000, 0x0000000745400000|  0%| F|  |TAMS 0x0000000745200000, 0x0000000745200000| Untracked 
| 542|0x0000000745400000, 0x0000000745400000, 0x0000000745600000|  0%| F|  |TAMS 0x0000000745400000, 0x0000000745400000| Untracked 
| 543|0x0000000745600000, 0x0000000745600000, 0x0000000745800000|  0%| F|  |TAMS 0x0000000745600000, 0x0000000745600000| Untracked 
| 544|0x0000000745800000, 0x0000000745800000, 0x0000000745a00000|  0%| F|  |TAMS 0x0000000745800000, 0x0000000745800000| Untracked 
| 545|0x0000000745a00000, 0x0000000745a00000, 0x0000000745c00000|  0%| F|  |TAMS 0x0000000745a00000, 0x0000000745a00000| Untracked 
| 546|0x0000000745c00000, 0x0000000745c00000, 0x0000000745e00000|  0%| F|  |TAMS 0x0000000745c00000, 0x0000000745c00000| Untracked 
| 547|0x0000000745e00000, 0x0000000745e00000, 0x0000000746000000|  0%| F|  |TAMS 0x0000000745e00000, 0x0000000745e00000| Untracked 
| 548|0x0000000746000000, 0x0000000746000000, 0x0000000746200000|  0%| F|  |TAMS 0x0000000746000000, 0x0000000746000000| Untracked 
| 549|0x0000000746200000, 0x0000000746200000, 0x0000000746400000|  0%| F|  |TAMS 0x0000000746200000, 0x0000000746200000| Untracked 
| 550|0x0000000746400000, 0x0000000746400000, 0x0000000746600000|  0%| F|  |TAMS 0x0000000746400000, 0x0000000746400000| Untracked 
| 551|0x0000000746600000, 0x0000000746600000, 0x0000000746800000|  0%| F|  |TAMS 0x0000000746600000, 0x0000000746600000| Untracked 
| 552|0x0000000746800000, 0x0000000746800000, 0x0000000746a00000|  0%| F|  |TAMS 0x0000000746800000, 0x0000000746800000| Untracked 
| 553|0x0000000746a00000, 0x0000000746a00000, 0x0000000746c00000|  0%| F|  |TAMS 0x0000000746a00000, 0x0000000746a00000| Untracked 
| 554|0x0000000746c00000, 0x0000000746c00000, 0x0000000746e00000|  0%| F|  |TAMS 0x0000000746c00000, 0x0000000746c00000| Untracked 
| 555|0x0000000746e00000, 0x0000000746e00000, 0x0000000747000000|  0%| F|  |TAMS 0x0000000746e00000, 0x0000000746e00000| Untracked 
| 556|0x0000000747000000, 0x0000000747000000, 0x0000000747200000|  0%| F|  |TAMS 0x0000000747000000, 0x0000000747000000| Untracked 
| 557|0x0000000747200000, 0x0000000747200000, 0x0000000747400000|  0%| F|  |TAMS 0x0000000747200000, 0x0000000747200000| Untracked 
| 558|0x0000000747400000, 0x0000000747400000, 0x0000000747600000|  0%| F|  |TAMS 0x0000000747400000, 0x0000000747400000| Untracked 
| 559|0x0000000747600000, 0x0000000747600000, 0x0000000747800000|  0%| F|  |TAMS 0x0000000747600000, 0x0000000747600000| Untracked 
| 560|0x0000000747800000, 0x0000000747800000, 0x0000000747a00000|  0%| F|  |TAMS 0x0000000747800000, 0x0000000747800000| Untracked 
| 561|0x0000000747a00000, 0x0000000747a00000, 0x0000000747c00000|  0%| F|  |TAMS 0x0000000747a00000, 0x0000000747a00000| Untracked 
| 562|0x0000000747c00000, 0x0000000747c00000, 0x0000000747e00000|  0%| F|  |TAMS 0x0000000747c00000, 0x0000000747c00000| Untracked 
| 563|0x0000000747e00000, 0x0000000747e00000, 0x0000000748000000|  0%| F|  |TAMS 0x0000000747e00000, 0x0000000747e00000| Untracked 
| 564|0x0000000748000000, 0x0000000748000000, 0x0000000748200000|  0%| F|  |TAMS 0x0000000748000000, 0x0000000748000000| Untracked 
| 565|0x0000000748200000, 0x0000000748200000, 0x0000000748400000|  0%| F|  |TAMS 0x0000000748200000, 0x0000000748200000| Untracked 
| 566|0x0000000748400000, 0x0000000748400000, 0x0000000748600000|  0%| F|  |TAMS 0x0000000748400000, 0x0000000748400000| Untracked 
| 567|0x0000000748600000, 0x0000000748600000, 0x0000000748800000|  0%| F|  |TAMS 0x0000000748600000, 0x0000000748600000| Untracked 
| 568|0x0000000748800000, 0x0000000748800000, 0x0000000748a00000|  0%| F|  |TAMS 0x0000000748800000, 0x0000000748800000| Untracked 
| 569|0x0000000748a00000, 0x0000000748a00000, 0x0000000748c00000|  0%| F|  |TAMS 0x0000000748a00000, 0x0000000748a00000| Untracked 
| 570|0x0000000748c00000, 0x0000000748c00000, 0x0000000748e00000|  0%| F|  |TAMS 0x0000000748c00000, 0x0000000748c00000| Untracked 
| 571|0x0000000748e00000, 0x0000000748e00000, 0x0000000749000000|  0%| F|  |TAMS 0x0000000748e00000, 0x0000000748e00000| Untracked 
| 572|0x0000000749000000, 0x0000000749000000, 0x0000000749200000|  0%| F|  |TAMS 0x0000000749000000, 0x0000000749000000| Untracked 
| 573|0x0000000749200000, 0x0000000749200000, 0x0000000749400000|  0%| F|  |TAMS 0x0000000749200000, 0x0000000749200000| Untracked 
| 574|0x0000000749400000, 0x0000000749400000, 0x0000000749600000|  0%| F|  |TAMS 0x0000000749400000, 0x0000000749400000| Untracked 
| 575|0x0000000749600000, 0x0000000749600000, 0x0000000749800000|  0%| F|  |TAMS 0x0000000749600000, 0x0000000749600000| Untracked 
| 576|0x0000000749800000, 0x0000000749800000, 0x0000000749a00000|  0%| F|  |TAMS 0x0000000749800000, 0x0000000749800000| Untracked 
| 577|0x0000000749a00000, 0x0000000749a00000, 0x0000000749c00000|  0%| F|  |TAMS 0x0000000749a00000, 0x0000000749a00000| Untracked 
| 578|0x0000000749c00000, 0x0000000749c00000, 0x0000000749e00000|  0%| F|  |TAMS 0x0000000749c00000, 0x0000000749c00000| Untracked 
| 579|0x0000000749e00000, 0x0000000749e00000, 0x000000074a000000|  0%| F|  |TAMS 0x0000000749e00000, 0x0000000749e00000| Untracked 
| 580|0x000000074a000000, 0x000000074a000000, 0x000000074a200000|  0%| F|  |TAMS 0x000000074a000000, 0x000000074a000000| Untracked 
| 581|0x000000074a200000, 0x000000074a200000, 0x000000074a400000|  0%| F|  |TAMS 0x000000074a200000, 0x000000074a200000| Untracked 
| 582|0x000000074a400000, 0x000000074a400000, 0x000000074a600000|  0%| F|  |TAMS 0x000000074a400000, 0x000000074a400000| Untracked 
| 583|0x000000074a600000, 0x000000074a600000, 0x000000074a800000|  0%| F|  |TAMS 0x000000074a600000, 0x000000074a600000| Untracked 
| 584|0x000000074a800000, 0x000000074a800000, 0x000000074aa00000|  0%| F|  |TAMS 0x000000074a800000, 0x000000074a800000| Untracked 
| 585|0x000000074aa00000, 0x000000074aa00000, 0x000000074ac00000|  0%| F|  |TAMS 0x000000074aa00000, 0x000000074aa00000| Untracked 
| 586|0x000000074ac00000, 0x000000074ac00000, 0x000000074ae00000|  0%| F|  |TAMS 0x000000074ac00000, 0x000000074ac00000| Untracked 
| 587|0x000000074ae00000, 0x000000074ae00000, 0x000000074b000000|  0%| F|  |TAMS 0x000000074ae00000, 0x000000074ae00000| Untracked 
| 588|0x000000074b000000, 0x000000074b000000, 0x000000074b200000|  0%| F|  |TAMS 0x000000074b000000, 0x000000074b000000| Untracked 
| 589|0x000000074b200000, 0x000000074b200000, 0x000000074b400000|  0%| F|  |TAMS 0x000000074b200000, 0x000000074b200000| Untracked 
| 590|0x000000074b400000, 0x000000074b400000, 0x000000074b600000|  0%| F|  |TAMS 0x000000074b400000, 0x000000074b400000| Untracked 
| 591|0x000000074b600000, 0x000000074b600000, 0x000000074b800000|  0%| F|  |TAMS 0x000000074b600000, 0x000000074b600000| Untracked 
| 592|0x000000074b800000, 0x000000074b800000, 0x000000074ba00000|  0%| F|  |TAMS 0x000000074b800000, 0x000000074b800000| Untracked 
| 593|0x000000074ba00000, 0x000000074ba00000, 0x000000074bc00000|  0%| F|  |TAMS 0x000000074ba00000, 0x000000074ba00000| Untracked 
| 594|0x000000074bc00000, 0x000000074bc00000, 0x000000074be00000|  0%| F|  |TAMS 0x000000074bc00000, 0x000000074bc00000| Untracked 
| 595|0x000000074be00000, 0x000000074be00000, 0x000000074c000000|  0%| F|  |TAMS 0x000000074be00000, 0x000000074be00000| Untracked 
| 596|0x000000074c000000, 0x000000074c000000, 0x000000074c200000|  0%| F|  |TAMS 0x000000074c000000, 0x000000074c000000| Untracked 
| 597|0x000000074c200000, 0x000000074c200000, 0x000000074c400000|  0%| F|  |TAMS 0x000000074c200000, 0x000000074c200000| Untracked 
| 598|0x000000074c400000, 0x000000074c400000, 0x000000074c600000|  0%| F|  |TAMS 0x000000074c400000, 0x000000074c400000| Untracked 
| 599|0x000000074c600000, 0x000000074c600000, 0x000000074c800000|  0%| F|  |TAMS 0x000000074c600000, 0x000000074c600000| Untracked 
| 600|0x000000074c800000, 0x000000074c800000, 0x000000074ca00000|  0%| F|  |TAMS 0x000000074c800000, 0x000000074c800000| Untracked 
| 601|0x000000074ca00000, 0x000000074ca00000, 0x000000074cc00000|  0%| F|  |TAMS 0x000000074ca00000, 0x000000074ca00000| Untracked 
| 602|0x000000074cc00000, 0x000000074cc00000, 0x000000074ce00000|  0%| F|  |TAMS 0x000000074cc00000, 0x000000074cc00000| Untracked 
| 603|0x000000074ce00000, 0x000000074ce00000, 0x000000074d000000|  0%| F|  |TAMS 0x000000074ce00000, 0x000000074ce00000| Untracked 
| 604|0x000000074d000000, 0x000000074d000000, 0x000000074d200000|  0%| F|  |TAMS 0x000000074d000000, 0x000000074d000000| Untracked 
| 605|0x000000074d200000, 0x000000074d200000, 0x000000074d400000|  0%| F|  |TAMS 0x000000074d200000, 0x000000074d200000| Untracked 
| 606|0x000000074d400000, 0x000000074d400000, 0x000000074d600000|  0%| F|  |TAMS 0x000000074d400000, 0x000000074d400000| Untracked 
| 607|0x000000074d600000, 0x000000074d600000, 0x000000074d800000|  0%| F|  |TAMS 0x000000074d600000, 0x000000074d600000| Untracked 
| 608|0x000000074d800000, 0x000000074d800000, 0x000000074da00000|  0%| F|  |TAMS 0x000000074d800000, 0x000000074d800000| Untracked 
| 609|0x000000074da00000, 0x000000074da00000, 0x000000074dc00000|  0%| F|  |TAMS 0x000000074da00000, 0x000000074da00000| Untracked 
| 610|0x000000074dc00000, 0x000000074dc00000, 0x000000074de00000|  0%| F|  |TAMS 0x000000074dc00000, 0x000000074dc00000| Untracked 
| 611|0x000000074de00000, 0x000000074de00000, 0x000000074e000000|  0%| F|  |TAMS 0x000000074de00000, 0x000000074de00000| Untracked 
| 612|0x000000074e000000, 0x000000074e000000, 0x000000074e200000|  0%| F|  |TAMS 0x000000074e000000, 0x000000074e000000| Untracked 
| 613|0x000000074e200000, 0x000000074e200000, 0x000000074e400000|  0%| F|  |TAMS 0x000000074e200000, 0x000000074e200000| Untracked 
| 614|0x000000074e400000, 0x000000074e400000, 0x000000074e600000|  0%| F|  |TAMS 0x000000074e400000, 0x000000074e400000| Untracked 
| 615|0x000000074e600000, 0x000000074e600000, 0x000000074e800000|  0%| F|  |TAMS 0x000000074e600000, 0x000000074e600000| Untracked 
| 616|0x000000074e800000, 0x000000074e800000, 0x000000074ea00000|  0%| F|  |TAMS 0x000000074e800000, 0x000000074e800000| Untracked 
| 617|0x000000074ea00000, 0x000000074ea00000, 0x000000074ec00000|  0%| F|  |TAMS 0x000000074ea00000, 0x000000074ea00000| Untracked 
| 618|0x000000074ec00000, 0x000000074ec00000, 0x000000074ee00000|  0%| F|  |TAMS 0x000000074ec00000, 0x000000074ec00000| Untracked 
| 619|0x000000074ee00000, 0x000000074ee00000, 0x000000074f000000|  0%| F|  |TAMS 0x000000074ee00000, 0x000000074ee00000| Untracked 
| 620|0x000000074f000000, 0x000000074f000000, 0x000000074f200000|  0%| F|  |TAMS 0x000000074f000000, 0x000000074f000000| Untracked 
| 621|0x000000074f200000, 0x000000074f200000, 0x000000074f400000|  0%| F|  |TAMS 0x000000074f200000, 0x000000074f200000| Untracked 
| 622|0x000000074f400000, 0x000000074f400000, 0x000000074f600000|  0%| F|  |TAMS 0x000000074f400000, 0x000000074f400000| Untracked 
| 623|0x000000074f600000, 0x000000074f600000, 0x000000074f800000|  0%| F|  |TAMS 0x000000074f600000, 0x000000074f600000| Untracked 
| 624|0x000000074f800000, 0x000000074f800000, 0x000000074fa00000|  0%| F|  |TAMS 0x000000074f800000, 0x000000074f800000| Untracked 
| 625|0x000000074fa00000, 0x000000074fa00000, 0x000000074fc00000|  0%| F|  |TAMS 0x000000074fa00000, 0x000000074fa00000| Untracked 
| 626|0x000000074fc00000, 0x000000074fc00000, 0x000000074fe00000|  0%| F|  |TAMS 0x000000074fc00000, 0x000000074fc00000| Untracked 
| 627|0x000000074fe00000, 0x000000074fe00000, 0x0000000750000000|  0%| F|  |TAMS 0x000000074fe00000, 0x000000074fe00000| Untracked 
| 628|0x0000000750000000, 0x0000000750000000, 0x0000000750200000|  0%| F|  |TAMS 0x0000000750000000, 0x0000000750000000| Untracked 
| 629|0x0000000750200000, 0x0000000750200000, 0x0000000750400000|  0%| F|  |TAMS 0x0000000750200000, 0x0000000750200000| Untracked 
| 630|0x0000000750400000, 0x0000000750400000, 0x0000000750600000|  0%| F|  |TAMS 0x0000000750400000, 0x0000000750400000| Untracked 
| 631|0x0000000750600000, 0x0000000750600000, 0x0000000750800000|  0%| F|  |TAMS 0x0000000750600000, 0x0000000750600000| Untracked 
| 632|0x0000000750800000, 0x0000000750800000, 0x0000000750a00000|  0%| F|  |TAMS 0x0000000750800000, 0x0000000750800000| Untracked 
| 633|0x0000000750a00000, 0x0000000750a00000, 0x0000000750c00000|  0%| F|  |TAMS 0x0000000750a00000, 0x0000000750a00000| Untracked 
| 634|0x0000000750c00000, 0x0000000750c00000, 0x0000000750e00000|  0%| F|  |TAMS 0x0000000750c00000, 0x0000000750c00000| Untracked 
| 635|0x0000000750e00000, 0x0000000750e00000, 0x0000000751000000|  0%| F|  |TAMS 0x0000000750e00000, 0x0000000750e00000| Untracked 
| 636|0x0000000751000000, 0x0000000751000000, 0x0000000751200000|  0%| F|  |TAMS 0x0000000751000000, 0x0000000751000000| Untracked 
| 637|0x0000000751200000, 0x0000000751200000, 0x0000000751400000|  0%| F|  |TAMS 0x0000000751200000, 0x0000000751200000| Untracked 
| 638|0x0000000751400000, 0x0000000751400000, 0x0000000751600000|  0%| F|  |TAMS 0x0000000751400000, 0x0000000751400000| Untracked 
| 639|0x0000000751600000, 0x0000000751600000, 0x0000000751800000|  0%| F|  |TAMS 0x0000000751600000, 0x0000000751600000| Untracked 
| 640|0x0000000751800000, 0x0000000751800000, 0x0000000751a00000|  0%| F|  |TAMS 0x0000000751800000, 0x0000000751800000| Untracked 
| 641|0x0000000751a00000, 0x0000000751a00000, 0x0000000751c00000|  0%| F|  |TAMS 0x0000000751a00000, 0x0000000751a00000| Untracked 
| 642|0x0000000751c00000, 0x0000000751c00000, 0x0000000751e00000|  0%| F|  |TAMS 0x0000000751c00000, 0x0000000751c00000| Untracked 
| 643|0x0000000751e00000, 0x0000000751e00000, 0x0000000752000000|  0%| F|  |TAMS 0x0000000751e00000, 0x0000000751e00000| Untracked 
| 644|0x0000000752000000, 0x0000000752000000, 0x0000000752200000|  0%| F|  |TAMS 0x0000000752000000, 0x0000000752000000| Untracked 
| 645|0x0000000752200000, 0x0000000752200000, 0x0000000752400000|  0%| F|  |TAMS 0x0000000752200000, 0x0000000752200000| Untracked 
| 646|0x0000000752400000, 0x0000000752400000, 0x0000000752600000|  0%| F|  |TAMS 0x0000000752400000, 0x0000000752400000| Untracked 
| 647|0x0000000752600000, 0x0000000752600000, 0x0000000752800000|  0%| F|  |TAMS 0x0000000752600000, 0x0000000752600000| Untracked 
| 648|0x0000000752800000, 0x0000000752800000, 0x0000000752a00000|  0%| F|  |TAMS 0x0000000752800000, 0x0000000752800000| Untracked 
| 649|0x0000000752a00000, 0x0000000752a00000, 0x0000000752c00000|  0%| F|  |TAMS 0x0000000752a00000, 0x0000000752a00000| Untracked 
| 650|0x0000000752c00000, 0x0000000752c00000, 0x0000000752e00000|  0%| F|  |TAMS 0x0000000752c00000, 0x0000000752c00000| Untracked 
| 651|0x0000000752e00000, 0x0000000752e00000, 0x0000000753000000|  0%| F|  |TAMS 0x0000000752e00000, 0x0000000752e00000| Untracked 
| 652|0x0000000753000000, 0x0000000753000000, 0x0000000753200000|  0%| F|  |TAMS 0x0000000753000000, 0x0000000753000000| Untracked 
| 653|0x0000000753200000, 0x0000000753200000, 0x0000000753400000|  0%| F|  |TAMS 0x0000000753200000, 0x0000000753200000| Untracked 
| 654|0x0000000753400000, 0x0000000753400000, 0x0000000753600000|  0%| F|  |TAMS 0x0000000753400000, 0x0000000753400000| Untracked 
| 655|0x0000000753600000, 0x0000000753600000, 0x0000000753800000|  0%| F|  |TAMS 0x0000000753600000, 0x0000000753600000| Untracked 
| 656|0x0000000753800000, 0x0000000753800000, 0x0000000753a00000|  0%| F|  |TAMS 0x0000000753800000, 0x0000000753800000| Untracked 
| 657|0x0000000753a00000, 0x0000000753a00000, 0x0000000753c00000|  0%| F|  |TAMS 0x0000000753a00000, 0x0000000753a00000| Untracked 
| 658|0x0000000753c00000, 0x0000000753c00000, 0x0000000753e00000|  0%| F|  |TAMS 0x0000000753c00000, 0x0000000753c00000| Untracked 
| 659|0x0000000753e00000, 0x0000000753e00000, 0x0000000754000000|  0%| F|  |TAMS 0x0000000753e00000, 0x0000000753e00000| Untracked 
| 660|0x0000000754000000, 0x0000000754000000, 0x0000000754200000|  0%| F|  |TAMS 0x0000000754000000, 0x0000000754000000| Untracked 
| 661|0x0000000754200000, 0x0000000754200000, 0x0000000754400000|  0%| F|  |TAMS 0x0000000754200000, 0x0000000754200000| Untracked 
| 662|0x0000000754400000, 0x0000000754400000, 0x0000000754600000|  0%| F|  |TAMS 0x0000000754400000, 0x0000000754400000| Untracked 
| 663|0x0000000754600000, 0x0000000754600000, 0x0000000754800000|  0%| F|  |TAMS 0x0000000754600000, 0x0000000754600000| Untracked 
| 664|0x0000000754800000, 0x0000000754800000, 0x0000000754a00000|  0%| F|  |TAMS 0x0000000754800000, 0x0000000754800000| Untracked 
| 665|0x0000000754a00000, 0x0000000754a00000, 0x0000000754c00000|  0%| F|  |TAMS 0x0000000754a00000, 0x0000000754a00000| Untracked 
| 666|0x0000000754c00000, 0x0000000754c00000, 0x0000000754e00000|  0%| F|  |TAMS 0x0000000754c00000, 0x0000000754c00000| Untracked 
| 667|0x0000000754e00000, 0x0000000754e00000, 0x0000000755000000|  0%| F|  |TAMS 0x0000000754e00000, 0x0000000754e00000| Untracked 
| 668|0x0000000755000000, 0x0000000755000000, 0x0000000755200000|  0%| F|  |TAMS 0x0000000755000000, 0x0000000755000000| Untracked 
| 669|0x0000000755200000, 0x0000000755200000, 0x0000000755400000|  0%| F|  |TAMS 0x0000000755200000, 0x0000000755200000| Untracked 
| 670|0x0000000755400000, 0x0000000755400000, 0x0000000755600000|  0%| F|  |TAMS 0x0000000755400000, 0x0000000755400000| Untracked 
| 671|0x0000000755600000, 0x0000000755600000, 0x0000000755800000|  0%| F|  |TAMS 0x0000000755600000, 0x0000000755600000| Untracked 
| 672|0x0000000755800000, 0x0000000755800000, 0x0000000755a00000|  0%| F|  |TAMS 0x0000000755800000, 0x0000000755800000| Untracked 
| 673|0x0000000755a00000, 0x0000000755a00000, 0x0000000755c00000|  0%| F|  |TAMS 0x0000000755a00000, 0x0000000755a00000| Untracked 
| 674|0x0000000755c00000, 0x0000000755c00000, 0x0000000755e00000|  0%| F|  |TAMS 0x0000000755c00000, 0x0000000755c00000| Untracked 
| 675|0x0000000755e00000, 0x0000000755e00000, 0x0000000756000000|  0%| F|  |TAMS 0x0000000755e00000, 0x0000000755e00000| Untracked 
| 676|0x0000000756000000, 0x0000000756000000, 0x0000000756200000|  0%| F|  |TAMS 0x0000000756000000, 0x0000000756000000| Untracked 
| 677|0x0000000756200000, 0x0000000756200000, 0x0000000756400000|  0%| F|  |TAMS 0x0000000756200000, 0x0000000756200000| Untracked 
| 678|0x0000000756400000, 0x0000000756400000, 0x0000000756600000|  0%| F|  |TAMS 0x0000000756400000, 0x0000000756400000| Untracked 
| 679|0x0000000756600000, 0x000000075677ea58, 0x0000000756800000| 74%| S|CS|TAMS 0x0000000756600000, 0x0000000756600000| Complete 
| 680|0x0000000756800000, 0x0000000756800000, 0x0000000756a00000|  0%| F|  |TAMS 0x0000000756800000, 0x0000000756800000| Untracked 
| 681|0x0000000756a00000, 0x0000000756a00000, 0x0000000756c00000|  0%| F|  |TAMS 0x0000000756a00000, 0x0000000756a00000| Untracked 
| 682|0x0000000756c00000, 0x0000000756c00000, 0x0000000756e00000|  0%| F|  |TAMS 0x0000000756c00000, 0x0000000756c00000| Untracked 
| 683|0x0000000756e00000, 0x0000000756e00000, 0x0000000757000000|  0%| F|  |TAMS 0x0000000756e00000, 0x0000000756e00000| Untracked 
| 684|0x0000000757000000, 0x0000000757000000, 0x0000000757200000|  0%| F|  |TAMS 0x0000000757000000, 0x0000000757000000| Untracked 
| 685|0x0000000757200000, 0x000000075722e008, 0x0000000757400000|  8%| E|  |TAMS 0x0000000757200000, 0x0000000757200000| Complete 
| 686|0x0000000757400000, 0x0000000757600000, 0x0000000757600000|100%| E|CS|TAMS 0x0000000757400000, 0x0000000757400000| Complete 
| 687|0x0000000757600000, 0x0000000757800000, 0x0000000757800000|100%| E|CS|TAMS 0x0000000757600000, 0x0000000757600000| Complete 
| 688|0x0000000757800000, 0x0000000757a00000, 0x0000000757a00000|100%| E|CS|TAMS 0x0000000757800000, 0x0000000757800000| Complete 
| 689|0x0000000757a00000, 0x0000000757c00000, 0x0000000757c00000|100%| E|CS|TAMS 0x0000000757a00000, 0x0000000757a00000| Complete 
| 690|0x0000000757c00000, 0x0000000757e00000, 0x0000000757e00000|100%| E|CS|TAMS 0x0000000757c00000, 0x0000000757c00000| Complete 
| 691|0x0000000757e00000, 0x0000000758000000, 0x0000000758000000|100%| E|CS|TAMS 0x0000000757e00000, 0x0000000757e00000| Complete 
| 692|0x0000000758000000, 0x0000000758200000, 0x0000000758200000|100%| E|CS|TAMS 0x0000000758000000, 0x0000000758000000| Complete 
| 693|0x0000000758200000, 0x0000000758400000, 0x0000000758400000|100%| E|CS|TAMS 0x0000000758200000, 0x0000000758200000| Complete 
| 694|0x0000000758400000, 0x0000000758600000, 0x0000000758600000|100%| E|CS|TAMS 0x0000000758400000, 0x0000000758400000| Complete 
| 695|0x0000000758600000, 0x0000000758800000, 0x0000000758800000|100%| E|CS|TAMS 0x0000000758600000, 0x0000000758600000| Complete 
| 696|0x0000000758800000, 0x0000000758a00000, 0x0000000758a00000|100%| E|CS|TAMS 0x0000000758800000, 0x0000000758800000| Complete 
| 697|0x0000000758a00000, 0x0000000758c00000, 0x0000000758c00000|100%| E|CS|TAMS 0x0000000758a00000, 0x0000000758a00000| Complete 
| 698|0x0000000758c00000, 0x0000000758e00000, 0x0000000758e00000|100%| E|CS|TAMS 0x0000000758c00000, 0x0000000758c00000| Complete 
| 699|0x0000000758e00000, 0x0000000759000000, 0x0000000759000000|100%| E|CS|TAMS 0x0000000758e00000, 0x0000000758e00000| Complete 
| 700|0x0000000759000000, 0x0000000759200000, 0x0000000759200000|100%| E|CS|TAMS 0x0000000759000000, 0x0000000759000000| Complete 
| 701|0x0000000759200000, 0x0000000759400000, 0x0000000759400000|100%| E|CS|TAMS 0x0000000759200000, 0x0000000759200000| Complete 
| 702|0x0000000759400000, 0x0000000759600000, 0x0000000759600000|100%| E|CS|TAMS 0x0000000759400000, 0x0000000759400000| Complete 
| 703|0x0000000759600000, 0x0000000759800000, 0x0000000759800000|100%| E|CS|TAMS 0x0000000759600000, 0x0000000759600000| Complete 
| 704|0x0000000759800000, 0x0000000759a00000, 0x0000000759a00000|100%| E|CS|TAMS 0x0000000759800000, 0x0000000759800000| Complete 
| 705|0x0000000759a00000, 0x0000000759c00000, 0x0000000759c00000|100%| E|CS|TAMS 0x0000000759a00000, 0x0000000759a00000| Complete 
| 706|0x0000000759c00000, 0x0000000759e00000, 0x0000000759e00000|100%| E|CS|TAMS 0x0000000759c00000, 0x0000000759c00000| Complete 
| 707|0x0000000759e00000, 0x000000075a000000, 0x000000075a000000|100%| E|CS|TAMS 0x0000000759e00000, 0x0000000759e00000| Complete 
| 708|0x000000075a000000, 0x000000075a200000, 0x000000075a200000|100%| E|CS|TAMS 0x000000075a000000, 0x000000075a000000| Complete 
| 709|0x000000075a200000, 0x000000075a400000, 0x000000075a400000|100%| E|CS|TAMS 0x000000075a200000, 0x000000075a200000| Complete 
| 710|0x000000075a400000, 0x000000075a600000, 0x000000075a600000|100%| E|CS|TAMS 0x000000075a400000, 0x000000075a400000| Complete 
| 711|0x000000075a600000, 0x000000075a800000, 0x000000075a800000|100%| E|CS|TAMS 0x000000075a600000, 0x000000075a600000| Complete 
| 712|0x000000075a800000, 0x000000075aa00000, 0x000000075aa00000|100%| E|CS|TAMS 0x000000075a800000, 0x000000075a800000| Complete 
| 713|0x000000075aa00000, 0x000000075ac00000, 0x000000075ac00000|100%| E|CS|TAMS 0x000000075aa00000, 0x000000075aa00000| Complete 
| 714|0x000000075ac00000, 0x000000075ae00000, 0x000000075ae00000|100%| E|CS|TAMS 0x000000075ac00000, 0x000000075ac00000| Complete 
| 715|0x000000075ae00000, 0x000000075b000000, 0x000000075b000000|100%| E|CS|TAMS 0x000000075ae00000, 0x000000075ae00000| Complete 
| 716|0x000000075b000000, 0x000000075b200000, 0x000000075b200000|100%| E|CS|TAMS 0x000000075b000000, 0x000000075b000000| Complete 
| 717|0x000000075b200000, 0x000000075b400000, 0x000000075b400000|100%| E|CS|TAMS 0x000000075b200000, 0x000000075b200000| Complete 
| 718|0x000000075b400000, 0x000000075b600000, 0x000000075b600000|100%| E|CS|TAMS 0x000000075b400000, 0x000000075b400000| Complete 
| 719|0x000000075b600000, 0x000000075b800000, 0x000000075b800000|100%| E|CS|TAMS 0x000000075b600000, 0x000000075b600000| Complete 

Card table byte_map: [0x00000162ddbd0000,0x00000162de3d0000] _byte_map_base: 0x00000162da3c4000

Marking Bits (Prev, Next): (CMBitMap*) 0x00000162c64cde50, (CMBitMap*) 0x00000162c64cde90
 Prev Bits: [0x00000162debd0000, 0x00000162e2b70000)
 Next Bits: [0x00000162e2b70000, 0x00000162e6b10000)

Polling page: 0x00000162bbe10000

Metaspace:

Usage:
  Non-class:     79.09 MB used.
      Class:     13.15 MB used.
       Both:     92.24 MB used.

Virtual space:
  Non-class space:      128.00 MB reserved,      79.38 MB ( 62%) committed,  2 nodes.
      Class space:        1.00 GB reserved,      13.56 MB (  1%) committed,  1 nodes.
             Both:        1.12 GB reserved,      92.94 MB (  8%) committed. 

Chunk freelists:
   Non-Class:  528.00 KB
       Class:  2.59 MB
        Both:  3.11 MB

MaxMetaspaceSize: unlimited
CompressedClassSpaceSize: 1.00 GB
Initial GC threshold: 21.00 MB
Current GC threshold: 152.12 MB
CDS: on
MetaspaceReclaimPolicy: balanced
 - commit_granule_bytes: 65536.
 - commit_granule_words: 8192.
 - virtual_space_node_default_size: 8388608.
 - enlarge_chunks_in_place: 1.
 - new_chunks_are_fully_committed: 0.
 - uncommit_free_chunks: 1.
 - use_allocation_guard: 0.
 - handle_deallocations: 1.


Internal statistics:

num_allocs_failed_limit: 6.
num_arena_births: 1352.
num_arena_deaths: 510.
num_vsnodes_births: 3.
num_vsnodes_deaths: 0.
num_space_committed: 1481.
num_space_uncommitted: 0.
num_chunks_returned_to_freelist: 629.
num_chunks_taken_from_freelist: 4100.
num_chunk_merges: 264.
num_chunk_splits: 2907.
num_chunks_enlarged: 2137.
num_inconsistent_stats: 0.

CodeHeap 'non-profiled nmethods': size=120000Kb used=25402Kb max_used=25402Kb free=94597Kb
 bounds [0x00000162d5ea0000, 0x00000162d7770000, 0x00000162dd3d0000]
CodeHeap 'profiled nmethods': size=120000Kb used=40507Kb max_used=40507Kb free=79492Kb
 bounds [0x00000162ce3d0000, 0x00000162d0b70000, 0x00000162d5900000]
CodeHeap 'non-nmethods': size=5760Kb used=1702Kb max_used=1793Kb free=4057Kb
 bounds [0x00000162d5900000, 0x00000162d5b70000, 0x00000162d5ea0000]
 total_blobs=20566 nmethods=19430 adapters=1045
 compilation: enabled
              stopped_count=0, restarted_count=0
 full_count=0

Compilation events (20 events):
Event: 5915.077 Thread 0x00000162c678dc10 26296   !   3       ui.utils.swing.u.f::setHonorDisplayProperties (37 bytes)
Event: 5915.078 Thread 0x00000162c678dc10 nmethod 26296 0x00000162d0b60610 code [0x00000162d0b60880, 0x00000162d0b61248]
Event: 5915.079 Thread 0x00000162c678dc10 26297       3       ui.utils.i.c::iDr (38 bytes)
Event: 5915.079 Thread 0x00000162c678dc10 nmethod 26297 0x00000162d0b61610 code [0x00000162d0b61800, 0x00000162d0b61ff8]
Event: 5915.079 Thread 0x00000162c678dc10 26298       3       ui.utils.i.c::addOverlayComponent (67 bytes)
Event: 5915.080 Thread 0x00000162c678dc10 nmethod 26298 0x00000162d0b62290 code [0x00000162d0b62520, 0x00000162d0b634e8]
Event: 5915.081 Thread 0x00000162c678dc10 26299       3       ui.frmwork.a.a::how (13 bytes)
Event: 5915.081 Thread 0x00000162c678dc10 nmethod 26299 0x00000162d0b63890 code [0x00000162d0b63a20, 0x00000162d0b63b98]
Event: 5915.082 Thread 0x00000162c678dc10 26300  s    3       javax.swing.text.html.StyleSheet$ResolvedStyle::insertStyle (67 bytes)
Event: 5915.083 Thread 0x00000162c678dc10 nmethod 26300 0x00000162d0b63c10 code [0x00000162d0b63e00, 0x00000162d0b64568]
Event: 5915.083 Thread 0x00000162c678dc10 26301  s    3       javax.swing.text.html.MuxingAttributeSet::insertAttributeSetAt (93 bytes)
Event: 5915.083 Thread 0x00000162c678dc10 nmethod 26301 0x00000162d0b64790 code [0x00000162d0b649a0, 0x00000162d0b651b8]
Event: 5915.119 Thread 0x00000162c678dc10 26302       3       sun.nio.cs.StreamEncoder::forOutputStreamWriter (11 bytes)
Event: 5915.119 Thread 0x00000162c678dc10 nmethod 26302 0x00000162d0b65390 code [0x00000162d0b65540, 0x00000162d0b656e8]
Event: 5915.119 Thread 0x00000162c678dc10 26303       3       sun.nio.cs.StreamEncoder::<init> (23 bytes)
Event: 5915.119 Thread 0x00000162c678dc10 nmethod 26303 0x00000162d0b65790 code [0x00000162d0b65980, 0x00000162d0b65f78]
Event: 5915.121 Thread 0x00000162c678dc10 26304       3       java.util.Properties::<init> (8 bytes)
Event: 5915.121 Thread 0x00000162c678dc10 nmethod 26304 0x00000162d0b66190 code [0x00000162d0b66380, 0x00000162d0b66848]
Event: 5915.133 Thread 0x00000162c678dc10 26305       3       ui.views.p.J$a::jKd (8 bytes)
Event: 5915.133 Thread 0x00000162c678dc10 nmethod 26305 0x00000162d0b66a10 code [0x00000162d0b66ba0, 0x00000162d0b66d78]

GC Heap History (20 events):
Event: 5643.936 GC heap before
{Heap before GC invocations=586 (full 414):
 garbage-first heap   total 1474560K, used 181673K [0x0000000701800000, 0x0000000800000000)
  region size 2048K, 40 young (81920K), 2 survivors (4096K)
 Metaspace       used 94402K, committed 95104K, reserved 1179648K
  class space    used 13463K, committed 13888K, reserved 1048576K
}
Event: 5643.941 GC heap after
{Heap after GC invocations=587 (full 414):
 garbage-first heap   total 1474560K, used 103910K [0x0000000701800000, 0x0000000800000000)
  region size 2048K, 2 young (4096K), 2 survivors (4096K)
 Metaspace       used 94402K, committed 95104K, reserved 1179648K
  class space    used 13463K, committed 13888K, reserved 1048576K
}
Event: 5676.686 GC heap before
{Heap before GC invocations=587 (full 414):
 garbage-first heap   total 1474560K, used 181734K [0x0000000701800000, 0x0000000800000000)
  region size 2048K, 40 young (81920K), 2 survivors (4096K)
 Metaspace       used 94405K, committed 95104K, reserved 1179648K
  class space    used 13463K, committed 13888K, reserved 1048576K
}
Event: 5676.690 GC heap after
{Heap after GC invocations=588 (full 414):
 garbage-first heap   total 1474560K, used 103924K [0x0000000701800000, 0x0000000800000000)
  region size 2048K, 2 young (4096K), 2 survivors (4096K)
 Metaspace       used 94405K, committed 95104K, reserved 1179648K
  class space    used 13463K, committed 13888K, reserved 1048576K
}
Event: 5691.021 GC heap before
{Heap before GC invocations=588 (full 414):
 garbage-first heap   total 1474560K, used 181748K [0x0000000701800000, 0x0000000800000000)
  region size 2048K, 40 young (81920K), 2 survivors (4096K)
 Metaspace       used 94405K, committed 95104K, reserved 1179648K
  class space    used 13463K, committed 13888K, reserved 1048576K
}
Event: 5691.026 GC heap after
{Heap after GC invocations=589 (full 414):
 garbage-first heap   total 1474560K, used 103706K [0x0000000701800000, 0x0000000800000000)
  region size 2048K, 2 young (4096K), 2 survivors (4096K)
 Metaspace       used 94405K, committed 95104K, reserved 1179648K
  class space    used 13463K, committed 13888K, reserved 1048576K
}
Event: 5710.914 GC heap before
{Heap before GC invocations=589 (full 414):
 garbage-first heap   total 1474560K, used 181530K [0x0000000701800000, 0x0000000800000000)
  region size 2048K, 40 young (81920K), 2 survivors (4096K)
 Metaspace       used 94406K, committed 95104K, reserved 1179648K
  class space    used 13463K, committed 13888K, reserved 1048576K
}
Event: 5710.921 GC heap after
{Heap after GC invocations=590 (full 414):
 garbage-first heap   total 1474560K, used 103965K [0x0000000701800000, 0x0000000800000000)
  region size 2048K, 2 young (4096K), 2 survivors (4096K)
 Metaspace       used 94406K, committed 95104K, reserved 1179648K
  class space    used 13463K, committed 13888K, reserved 1048576K
}
Event: 5741.709 GC heap before
{Heap before GC invocations=590 (full 414):
 garbage-first heap   total 1474560K, used 181789K [0x0000000701800000, 0x0000000800000000)
  region size 2048K, 40 young (81920K), 2 survivors (4096K)
 Metaspace       used 94406K, committed 95104K, reserved 1179648K
  class space    used 13463K, committed 13888K, reserved 1048576K
}
Event: 5741.721 GC heap after
{Heap after GC invocations=591 (full 414):
 garbage-first heap   total 1474560K, used 103976K [0x0000000701800000, 0x0000000800000000)
  region size 2048K, 2 young (4096K), 2 survivors (4096K)
 Metaspace       used 94406K, committed 95104K, reserved 1179648K
  class space    used 13463K, committed 13888K, reserved 1048576K
}
Event: 5795.758 GC heap before
{Heap before GC invocations=591 (full 414):
 garbage-first heap   total 1474560K, used 181800K [0x0000000701800000, 0x0000000800000000)
  region size 2048K, 40 young (81920K), 2 survivors (4096K)
 Metaspace       used 94418K, committed 95168K, reserved 1179648K
  class space    used 13463K, committed 13888K, reserved 1048576K
}
Event: 5795.763 GC heap after
{Heap after GC invocations=592 (full 414):
 garbage-first heap   total 1474560K, used 104131K [0x0000000701800000, 0x0000000800000000)
  region size 2048K, 2 young (4096K), 2 survivors (4096K)
 Metaspace       used 94418K, committed 95168K, reserved 1179648K
  class space    used 13463K, committed 13888K, reserved 1048576K
}
Event: 5842.862 GC heap before
{Heap before GC invocations=592 (full 414):
 garbage-first heap   total 1474560K, used 181955K [0x0000000701800000, 0x0000000800000000)
  region size 2048K, 40 young (81920K), 2 survivors (4096K)
 Metaspace       used 94418K, committed 95168K, reserved 1179648K
  class space    used 13463K, committed 13888K, reserved 1048576K
}
Event: 5842.873 GC heap after
{Heap after GC invocations=593 (full 414):
 garbage-first heap   total 1474560K, used 104064K [0x0000000701800000, 0x0000000800000000)
  region size 2048K, 2 young (4096K), 2 survivors (4096K)
 Metaspace       used 94418K, committed 95168K, reserved 1179648K
  class space    used 13463K, committed 13888K, reserved 1048576K
}
Event: 5882.118 GC heap before
{Heap before GC invocations=593 (full 414):
 garbage-first heap   total 1474560K, used 181888K [0x0000000701800000, 0x0000000800000000)
  region size 2048K, 41 young (83968K), 2 survivors (4096K)
 Metaspace       used 94432K, committed 95168K, reserved 1179648K
  class space    used 13465K, committed 13888K, reserved 1048576K
}
Event: 5882.123 GC heap after
{Heap after GC invocations=594 (full 414):
 garbage-first heap   total 1474560K, used 104049K [0x0000000701800000, 0x0000000800000000)
  region size 2048K, 1 young (2048K), 1 survivors (2048K)
 Metaspace       used 94432K, committed 95168K, reserved 1179648K
  class space    used 13465K, committed 13888K, reserved 1048576K
}
Event: 5901.776 GC heap before
{Heap before GC invocations=594 (full 414):
 garbage-first heap   total 1474560K, used 183921K [0x0000000701800000, 0x0000000800000000)
  region size 2048K, 40 young (81920K), 1 survivors (2048K)
 Metaspace       used 94436K, committed 95168K, reserved 1179648K
  class space    used 13465K, committed 13888K, reserved 1048576K
}
Event: 5901.779 GC heap after
{Heap after GC invocations=595 (full 414):
 garbage-first heap   total 1474560K, used 104000K [0x0000000701800000, 0x0000000800000000)
  region size 2048K, 1 young (2048K), 1 survivors (2048K)
 Metaspace       used 94436K, committed 95168K, reserved 1179648K
  class space    used 13465K, committed 13888K, reserved 1048576K
}
Event: 5913.040 GC heap before
{Heap before GC invocations=595 (full 414):
 garbage-first heap   total 1474560K, used 183872K [0x0000000701800000, 0x0000000800000000)
  region size 2048K, 40 young (81920K), 1 survivors (2048K)
 Metaspace       used 94451K, committed 95168K, reserved 1179648K
  class space    used 13465K, committed 13888K, reserved 1048576K
}
Event: 5913.043 GC heap after
{Heap after GC invocations=596 (full 414):
 garbage-first heap   total 1474560K, used 104891K [0x0000000701800000, 0x0000000800000000)
  region size 2048K, 1 young (2048K), 1 survivors (2048K)
 Metaspace       used 94451K, committed 95168K, reserved 1179648K
  class space    used 13465K, committed 13888K, reserved 1048576K
}

Dll operation events (20 events):
Event: 1.492 Loaded shared library C:\Xilinx\Vivado\2023.2\lib\win64.o\librdi_ipservicestasks.dll
Event: 1.494 Loaded shared library C:\Xilinx\Vivado\2023.2\lib\win64.o\librdi_vivadotasks.dll
Event: 1.494 Loaded shared library C:\Xilinx\Vivado\2023.2\lib\win64.o\librdi_board.dll
Event: 1.495 Loaded shared library C:\Xilinx\Vivado\2023.2\lib\win64.o\librdi_boarddep.dll
Event: 1.496 Loaded shared library C:\Xilinx\Vivado\2023.2\lib\win64.o\librdi_boardcommontasks.dll
Event: 1.498 Loaded shared library C:\Xilinx\Vivado\2023.2\lib\win64.o\librdi_ptgen.dll
Event: 1.499 Loaded shared library C:\Xilinx\Vivado\2023.2\lib\win64.o\librdi_ip.dll
Event: 1.500 Loaded shared library C:\Xilinx\Vivado\2023.2\lib\win64.o\librdi_mig.dll
Event: 1.502 Loaded shared library C:\Xilinx\Vivado\2023.2\lib\win64.o\librdi_implflow.dll
Event: 1.503 Loaded shared library C:\Xilinx\Vivado\2023.2\lib\win64.o\librdi_xhubtasks.dll
Event: 1.536 Loaded shared library C:\Xilinx\Vivado\2023.2\lib\win64.o\librdi_iptasks.dll
Event: 1.539 Loaded shared library C:\Xilinx\Vivado\2023.2\lib\win64.o\librdi_synth.dll
Event: 2.851 Loaded shared library C:\Xilinx\Vivado\2023.2\tps\win64\jre17.0.7_7\bin\verify.dll
Event: 3.113 Loaded shared library C:\Xilinx\Vivado\2023.2\tps\win64\jre17.0.7_7\bin\javajpeg.dll
Event: 3.121 Loaded shared library C:\Xilinx\Vivado\2023.2\tps\win64\jre17.0.7_7\bin\lcms.dll
Event: 3.563 Loaded shared library C:\Xilinx\Vivado\2023.2\tps\win64\jre17.0.7_7\bin\freetype.dll
Event: 3.566 Loaded shared library C:\Xilinx\Vivado\2023.2\tps\win64\jre17.0.7_7\bin\fontmanager.dll
Event: 8.371 Loaded shared library C:\Xilinx\Vivado\2023.2\lib\win64.o\librdi_xhub.dll
Event: 14.638 Loaded shared library C:\Xilinx\Vivado\2023.2\tps\win64\jre17.0.7_7\bin\management.dll
Event: 14.642 Loaded shared library C:\Xilinx\Vivado\2023.2\tps\win64\jre17.0.7_7\bin\management_ext.dll

Deoptimization events (20 events):
Event: 5602.568 Thread 0x00000162f05dc500 DEOPT PACKING pc=0x00000162d0304058 sp=0x0000005ef67fdc20
Event: 5602.568 Thread 0x00000162f05dc500 DEOPT UNPACKING pc=0x00000162d5957143 sp=0x0000005ef67fd110 mode 0
Event: 5656.841 Thread 0x00000162f05dc500 DEOPT PACKING pc=0x00000162d0292fc8 sp=0x0000005ef67fc960
Event: 5656.841 Thread 0x00000162f05dc500 DEOPT UNPACKING pc=0x00000162d5957143 sp=0x0000005ef67fbd68 mode 0
Event: 5663.099 Thread 0x00000162f00a8100 DEOPT PACKING pc=0x00000162cfe836ca sp=0x0000005ef5dff0c0
Event: 5663.099 Thread 0x00000162f00a8100 DEOPT UNPACKING pc=0x00000162d5957143 sp=0x0000005ef5dfe660 mode 0
Event: 5778.569 Thread 0x00000162f05dc500 DEOPT PACKING pc=0x00000162cebe0694 sp=0x0000005ef67fe920
Event: 5778.569 Thread 0x00000162f05dc500 DEOPT UNPACKING pc=0x00000162d5957143 sp=0x0000005ef67fddb8 mode 0
Event: 5839.485 Thread 0x00000162f05dc500 Uncommon trap: trap_request=0xffffff45 fr.pc=0x00000162d68ab3d4 relative=0x0000000000001df4
Event: 5839.485 Thread 0x00000162f05dc500 Uncommon trap: reason=unstable_if action=reinterpret pc=0x00000162d68ab3d4 method=java.awt.geom.Rectangle2D.intersects(DDDD)Z @ 4 c2
Event: 5839.485 Thread 0x00000162f05dc500 DEOPT PACKING pc=0x00000162d68ab3d4 sp=0x0000005ef67fb5d0
Event: 5839.485 Thread 0x00000162f05dc500 DEOPT UNPACKING pc=0x00000162d59569a3 sp=0x0000005ef67fb4b0 mode 2
Event: 5839.485 Thread 0x00000162f05dc500 Uncommon trap: trap_request=0xffffff45 fr.pc=0x00000162d654727c relative=0x000000000000015c
Event: 5839.485 Thread 0x00000162f05dc500 Uncommon trap: reason=unstable_if action=reinterpret pc=0x00000162d654727c method=java.awt.geom.Rectangle2D.intersects(DDDD)Z @ 4 c2
Event: 5839.485 Thread 0x00000162f05dc500 DEOPT PACKING pc=0x00000162d654727c sp=0x0000005ef67fb500
Event: 5839.485 Thread 0x00000162f05dc500 DEOPT UNPACKING pc=0x00000162d59569a3 sp=0x0000005ef67fb4a0 mode 2
Event: 5913.156 Thread 0x00000162f05dc500 Uncommon trap: trap_request=0xffffff45 fr.pc=0x00000162d6422844 relative=0x0000000000000604
Event: 5913.156 Thread 0x00000162f05dc500 Uncommon trap: reason=unstable_if action=reinterpret pc=0x00000162d6422844 method=ui.utils.am.ak(Ljava/lang/Integer;)Ljava/lang/String; @ 7 c2
Event: 5913.156 Thread 0x00000162f05dc500 DEOPT PACKING pc=0x00000162d6422844 sp=0x0000005ef67feb60
Event: 5913.156 Thread 0x00000162f05dc500 DEOPT UNPACKING pc=0x00000162d59569a3 sp=0x0000005ef67feb08 mode 2

Classes unloaded (20 events):
Event: 4067.710 Thread 0x00000162c4dff990 Unloading class 0x0000000801758000 'java/lang/invoke/LambdaForm$MH+0x0000000801758000'
Event: 4067.710 Thread 0x00000162c4dff990 Unloading class 0x0000000801757c00 'java/lang/invoke/LambdaForm$MH+0x0000000801757c00'
Event: 4067.710 Thread 0x00000162c4dff990 Unloading class 0x0000000801756400 'java/lang/invoke/LambdaForm$MH+0x0000000801756400'
Event: 4067.710 Thread 0x00000162c4dff990 Unloading class 0x0000000801756000 'java/lang/invoke/LambdaForm$MH+0x0000000801756000'
Event: 4067.710 Thread 0x00000162c4dff990 Unloading class 0x0000000801755c00 'java/lang/invoke/LambdaForm$MH+0x0000000801755c00'
Event: 4067.710 Thread 0x00000162c4dff990 Unloading class 0x0000000801755800 'java/lang/invoke/LambdaForm$MH+0x0000000801755800'
Event: 4067.710 Thread 0x00000162c4dff990 Unloading class 0x0000000801755400 'java/lang/invoke/LambdaForm$MH+0x0000000801755400'
Event: 4067.710 Thread 0x00000162c4dff990 Unloading class 0x0000000801755000 'java/lang/invoke/LambdaForm$MH+0x0000000801755000'
Event: 4067.710 Thread 0x00000162c4dff990 Unloading class 0x0000000801754c00 'java/lang/invoke/LambdaForm$MH+0x0000000801754c00'
Event: 4067.710 Thread 0x00000162c4dff990 Unloading class 0x0000000801754800 'java/lang/invoke/LambdaForm$MH+0x0000000801754800'
Event: 4067.710 Thread 0x00000162c4dff990 Unloading class 0x0000000801754400 'java/lang/invoke/LambdaForm$MH+0x0000000801754400'
Event: 4067.710 Thread 0x00000162c4dff990 Unloading class 0x0000000801542400 'java/lang/invoke/LambdaForm$MH+0x0000000801542400'
Event: 4067.710 Thread 0x00000162c4dff990 Unloading class 0x0000000801542000 'java/lang/invoke/LambdaForm$MH+0x0000000801542000'
Event: 4067.710 Thread 0x00000162c4dff990 Unloading class 0x0000000801541c00 'java/lang/invoke/LambdaForm$MH+0x0000000801541c00'
Event: 4067.710 Thread 0x00000162c4dff990 Unloading class 0x0000000801541800 'java/lang/invoke/LambdaForm$MH+0x0000000801541800'
Event: 4067.710 Thread 0x00000162c4dff990 Unloading class 0x0000000801541400 'java/lang/invoke/LambdaForm$MH+0x0000000801541400'
Event: 4067.710 Thread 0x00000162c4dff990 Unloading class 0x0000000801541000 'java/lang/invoke/LambdaForm$MH+0x0000000801541000'
Event: 4067.710 Thread 0x00000162c4dff990 Unloading class 0x0000000801540c00 'java/lang/invoke/LambdaForm$MH+0x0000000801540c00'
Event: 4067.710 Thread 0x00000162c4dff990 Unloading class 0x0000000801540800 'java/lang/invoke/LambdaForm$MH+0x0000000801540800'
Event: 4067.710 Thread 0x00000162c4dff990 Unloading class 0x0000000801540400 'java/lang/invoke/LambdaForm$MH+0x0000000801540400'

Classes redefined (0 events):
No events

Internal exceptions (20 events):
Event: 5868.925 Thread 0x00000162f05dc500 Exception <a 'java/io/FileNotFoundException'{0x0000000757718208}> (0x0000000757718208) 
thrown [s\src\hotspot\share\prims\jni.cpp, line 516]
Event: 5873.905 Thread 0x00000162f05dc500 Exception <a 'java/io/FileNotFoundException'{0x00000007575ae888}> (0x00000007575ae888) 
thrown [s\src\hotspot\share\prims\jni.cpp, line 516]
Event: 5873.926 Thread 0x00000162f05dc500 Exception <a 'java/io/FileNotFoundException'{0x00000007575b04f0}> (0x00000007575b04f0) 
thrown [s\src\hotspot\share\prims\jni.cpp, line 516]
Event: 5878.905 Thread 0x00000162f05dc500 Exception <a 'java/io/FileNotFoundException'{0x000000075713da90}> (0x000000075713da90) 
thrown [s\src\hotspot\share\prims\jni.cpp, line 516]
Event: 5878.927 Thread 0x00000162f05dc500 Exception <a 'java/io/FileNotFoundException'{0x000000075713f6f8}> (0x000000075713f6f8) 
thrown [s\src\hotspot\share\prims\jni.cpp, line 516]
Event: 5883.906 Thread 0x00000162f05dc500 Exception <a 'java/io/FileNotFoundException'{0x000000075a607f10}> (0x000000075a607f10) 
thrown [s\src\hotspot\share\prims\jni.cpp, line 516]
Event: 5883.927 Thread 0x00000162f05dc500 Exception <a 'java/io/FileNotFoundException'{0x000000075a608718}> (0x000000075a608718) 
thrown [s\src\hotspot\share\prims\jni.cpp, line 516]
Event: 5888.910 Thread 0x00000162f05dc500 Exception <a 'java/io/FileNotFoundException'{0x0000000758c76348}> (0x0000000758c76348) 
thrown [s\src\hotspot\share\prims\jni.cpp, line 516]
Event: 5888.929 Thread 0x00000162f05dc500 Exception <a 'java/io/FileNotFoundException'{0x0000000758c7a298}> (0x0000000758c7a298) 
thrown [s\src\hotspot\share\prims\jni.cpp, line 516]
Event: 5893.907 Thread 0x00000162f05dc500 Exception <a 'java/io/FileNotFoundException'{0x00000007581dc310}> (0x00000007581dc310) 
thrown [s\src\hotspot\share\prims\jni.cpp, line 516]
Event: 5893.928 Thread 0x00000162f05dc500 Exception <a 'java/io/FileNotFoundException'{0x00000007581ddad8}> (0x00000007581ddad8) 
thrown [s\src\hotspot\share\prims\jni.cpp, line 516]
Event: 5898.907 Thread 0x00000162f05dc500 Exception <a 'java/io/FileNotFoundException'{0x00000007577aded8}> (0x00000007577aded8) 
thrown [s\src\hotspot\share\prims\jni.cpp, line 516]
Event: 5898.930 Thread 0x00000162f05dc500 Exception <a 'java/io/FileNotFoundException'{0x00000007577ae6e0}> (0x00000007577ae6e0) 
thrown [s\src\hotspot\share\prims\jni.cpp, line 516]
Event: 5903.908 Thread 0x00000162f05dc500 Exception <a 'java/io/FileNotFoundException'{0x000000075a2b3d40}> (0x000000075a2b3d40) 
thrown [s\src\hotspot\share\prims\jni.cpp, line 516]
Event: 5903.931 Thread 0x00000162f05dc500 Exception <a 'java/io/FileNotFoundException'{0x000000075a2b5a00}> (0x000000075a2b5a00) 
thrown [s\src\hotspot\share\prims\jni.cpp, line 516]
Event: 5908.917 Thread 0x00000162f05dc500 Exception <a 'java/io/FileNotFoundException'{0x0000000759fbcb68}> (0x0000000759fbcb68) 
thrown [s\src\hotspot\share\prims\jni.cpp, line 516]
Event: 5908.947 Thread 0x00000162f05dc500 Exception <a 'java/io/FileNotFoundException'{0x0000000759c4d2c8}> (0x0000000759c4d2c8) 
thrown [s\src\hotspot\share\prims\jni.cpp, line 516]
Event: 5912.352 Thread 0x0000016290182ac0 Exception <a 'java/lang/InterruptedException'{0x0000000757a05438}: sleep interrupted> (0x0000000757a05438) 
thrown [s\src\hotspot\share\prims\jvm.cpp, line 3070]
Event: 5913.909 Thread 0x00000162f05dc500 Exception <a 'java/io/FileNotFoundException'{0x000000075a489850}> (0x000000075a489850) 
thrown [s\src\hotspot\share\prims\jni.cpp, line 516]
Event: 5914.022 Thread 0x00000162f05dc500 Exception <a 'java/io/FileNotFoundException'{0x0000000759b03ee0}> (0x0000000759b03ee0) 
thrown [s\src\hotspot\share\prims\jni.cpp, line 516]

VM Operations (20 events):
Event: 5863.887 Executing VM operation: Cleanup
Event: 5863.887 Executing VM operation: Cleanup done
Event: 5882.118 Executing VM operation: G1CollectForAllocation
Event: 5882.118 Executing VM operation: G1CollectForAllocation done
Event: 5882.118 Executing VM operation: G1CollectForAllocation
Event: 5882.123 Executing VM operation: G1CollectForAllocation done
Event: 5884.124 Executing VM operation: Cleanup
Event: 5884.124 Executing VM operation: Cleanup done
Event: 5886.125 Executing VM operation: Cleanup
Event: 5886.125 Executing VM operation: Cleanup done
Event: 5887.125 Executing VM operation: Cleanup
Event: 5887.125 Executing VM operation: Cleanup done
Event: 5901.776 Executing VM operation: G1CollectForAllocation
Event: 5901.779 Executing VM operation: G1CollectForAllocation done
Event: 5903.778 Executing VM operation: Cleanup
Event: 5903.778 Executing VM operation: Cleanup done
Event: 5913.011 Executing VM operation: G1CollectForAllocation
Event: 5913.043 Executing VM operation: G1CollectForAllocation done
Event: 5915.043 Executing VM operation: Cleanup
Event: 5915.043 Executing VM operation: Cleanup done

Events (20 events):
Event: 5914.125 Thread 0x0000016290185610 Thread exited: 0x0000016290185610
Event: 5914.436 Thread 0x0000016290186480 Thread exited: 0x0000016290186480
Event: 5914.443 Thread 0x0000016290188b00 Thread exited: 0x0000016290188b00
Event: 5914.469 Thread 0x0000016290184c70 Thread exited: 0x0000016290184c70
Event: 5914.471 Thread 0x0000016290185ae0 Thread exited: 0x0000016290185ae0
Event: 5915.029 Thread 0x00000162901847a0 Thread added: 0x00000162901847a0
Event: 5915.111 Thread 0x00000162901847a0 Thread exited: 0x00000162901847a0
Event: 5915.591 Thread 0x00000162901894a0 Thread added: 0x00000162901894a0
Event: 5915.591 Thread 0x00000162901872f0 Thread added: 0x00000162901872f0
Event: 5915.592 Thread 0x0000016290185fb0 Thread added: 0x0000016290185fb0
Event: 5915.592 Thread 0x00000162901847a0 Thread added: 0x00000162901847a0
Event: 5915.596 Thread 0x0000016290184c70 Thread added: 0x0000016290184c70
Event: 5915.597 Thread 0x0000016290188630 Thread added: 0x0000016290188630
Event: 5915.598 Thread 0x00000162901877c0 Thread added: 0x00000162901877c0
Event: 5915.598 Thread 0x0000016290185610 Thread added: 0x0000016290185610
Event: 5915.598 Thread 0x0000016290183930 Thread added: 0x0000016290183930
Event: 5915.629 Thread 0x00000162901872f0 Thread exited: 0x00000162901872f0
Event: 5915.647 Thread 0x00000162901847a0 Thread exited: 0x00000162901847a0
Event: 5915.667 Thread 0x0000016290188630 Thread exited: 0x0000016290188630
Event: 5915.688 Thread 0x0000016290185610 Thread exited: 0x0000016290185610


Dynamic libraries:
0x00007ff651830000 - 0x00007ff651861000 	C:\Xilinx\Vivado\2023.2\bin\unwrapped\win64.o\vivado.exe
0x00007ffd550b0000 - 0x00007ffd552c7000 	C:\WINDOWS\SYSTEM32\ntdll.dll
0x00007ffd542d0000 - 0x00007ffd54394000 	C:\WINDOWS\System32\KERNEL32.DLL
0x00007ffd528f0000 - 0x00007ffd52c9c000 	C:\WINDOWS\System32\KERNELBASE.dll
0x00007ffd527d0000 - 0x00007ffd528e1000 	C:\WINDOWS\System32\ucrtbase.dll
0x00007ffd3bc70000 - 0x00007ffd3bc8e000 	C:\WINDOWS\SYSTEM32\VCRUNTIME140.dll
0x00007ffd0eca0000 - 0x00007ffd0ed2d000 	C:\WINDOWS\SYSTEM32\MSVCP140.dll
0x00007ffd15530000 - 0x00007ffd1554c000 	C:\Xilinx\Vivado\2023.2\lib\win64.o\librdi_commonmain.dll
0x00007ffcb4dc0000 - 0x00007ffcb646a000 	C:\Xilinx\Vivado\2023.2\lib\win64.o\librdi_common.dll
0x00007ffd3d680000 - 0x00007ffd3d68c000 	C:\WINDOWS\SYSTEM32\VCRUNTIME140_1.dll
0x00007ffd54cc0000 - 0x00007ffd54e6e000 	C:\WINDOWS\System32\USER32.dll
0x00007ffd527a0000 - 0x00007ffd527c6000 	C:\WINDOWS\System32\win32u.dll
0x00007ffd030e0000 - 0x00007ffd03510000 	C:\Xilinx\Vivado\2023.2\lib\win64.o\python38.dll
0x00007ffd17530000 - 0x00007ffd17551000 	C:\Xilinx\Vivado\2023.2\lib\win64.o\libboost_filesystem.dll
0x00007ffd54c00000 - 0x00007ffd54cb2000 	C:\WINDOWS\System32\ADVAPI32.dll
0x00007ffd53780000 - 0x00007ffd53827000 	C:\WINDOWS\System32\msvcrt.dll
0x00007ffd52df0000 - 0x00007ffd52e9a000 	C:\WINDOWS\System32\sechost.dll
0x00007ffd53b20000 - 0x00007ffd53b49000 	C:\WINDOWS\System32\GDI32.dll
0x00007ffd3d420000 - 0x00007ffd3d429000 	C:\Xilinx\Vivado\2023.2\lib\win64.o\librdi_commonversion.dll
0x00007ffd52dc0000 - 0x00007ffd52de8000 	C:\WINDOWS\System32\bcrypt.dll
0x00007ffd52ca0000 - 0x00007ffd52db9000 	C:\WINDOWS\System32\gdi32full.dll
0x00007ffd54210000 - 0x00007ffd5426e000 	C:\WINDOWS\System32\SHLWAPI.dll
0x00007ffd52510000 - 0x00007ffd525aa000 	C:\WINDOWS\System32\msvcp_win.dll
0x00007ffd53b70000 - 0x00007ffd53c85000 	C:\WINDOWS\System32\RPCRT4.dll
0x00007ffd54f60000 - 0x00007ffd54fd1000 	C:\WINDOWS\System32\WS2_32.dll
0x00007ffd08710000 - 0x00007ffd088c6000 	C:\Xilinx\Vivado\2023.2\lib\win64.o\librdi_commonxillic.dll
0x00007ffd543a0000 - 0x00007ffd54bfc000 	C:\WINDOWS\System32\SHELL32.dll
0x00007ffd524a0000 - 0x00007ffd5250b000 	C:\WINDOWS\System32\WINTRUST.dll
0x0000000071e30000 - 0x0000000071f5c000 	C:\Xilinx\Vivado\2023.2\lib\win64.o\tcl85t.dll
0x00007ffd06d20000 - 0x00007ffd0708e000 	C:\Xilinx\Vivado\2023.2\lib\win64.o\libCOIN-all.dll
0x00007ffd23d10000 - 0x00007ffd23d21000 	C:\Xilinx\Vivado\2023.2\lib\win64.o\libboost_date_time.dll
0x00007ffd0eeb0000 - 0x00007ffd0ef29000 	C:\Xilinx\Vivado\2023.2\lib\win64.o\libboost_program_options.dll
0x00007ffd091a0000 - 0x00007ffd092b4000 	C:\Xilinx\Vivado\2023.2\lib\win64.o\libboost_regex.dll
0x00007ffd23090000 - 0x00007ffd230ac000 	C:\Xilinx\Vivado\2023.2\lib\win64.o\libboost_thread.dll
0x00007ffd3d4d0000 - 0x00007ffd3d4dc000 	C:\Xilinx\Vivado\2023.2\lib\win64.o\libboost_xilinx.dll
0x00007ffd09500000 - 0x00007ffd095a5000 	C:\Xilinx\Vivado\2023.2\lib\win64.o\libhdxml.dll
0x00007ffd0a840000 - 0x00007ffd0a8c2000 	C:\Xilinx\Vivado\2023.2\lib\win64.o\libhdlpsolve.dll
0x00007ffd17120000 - 0x00007ffd1714a000 	C:\Xilinx\Vivado\2023.2\lib\win64.o\libisl_sysinfo.dll
0x00007ffcb3d90000 - 0x00007ffcb4db4600 	C:\Xilinx\Vivado\2023.2\lib\win64.o\libisl_iostreams.dll
0x00007ffd0a5e0000 - 0x00007ffd0a645000 	C:\Xilinx\Vivado\2023.2\lib\win64.o\liblmx6.0.dll
0x00007ffd1c9a0000 - 0x00007ffd1c9ba000 	C:\Xilinx\Vivado\2023.2\lib\win64.o\pthreadVC2.dll
0x00007ffd1c960000 - 0x00007ffd1c97c000 	C:\Xilinx\Vivado\2023.2\lib\win64.o\librdiconfig.dll
0x00007ffd0ec70000 - 0x00007ffd0ec91000 	C:\Xilinx\Vivado\2023.2\lib\win64.o\librdizlib.dll
0x00007ffd480e0000 - 0x00007ffd480ea000 	C:\WINDOWS\SYSTEM32\VERSION.dll
0x00007ffd02e10000 - 0x00007ffd030d1000 	C:\Xilinx\Vivado\2023.2\lib\win64.o\xerces-c_3_2.dll
0x00007ffd33530000 - 0x00007ffd33549000 	C:\WINDOWS\SYSTEM32\NETAPI32.dll
0x00007ffd368f0000 - 0x00007ffd36de4000 	C:\WINDOWS\SYSTEM32\WININET.dll
0x00007ffd495b0000 - 0x00007ffd496e6000 	C:\WINDOWS\SYSTEM32\WINHTTP.dll
0x00007ffd3b8c0000 - 0x00007ffd3bab0000 	C:\WINDOWS\SYSTEM32\urlmon.dll
0x00007ffd02ae0000 - 0x00007ffd02e0d000 	C:\Xilinx\Vivado\2023.2\lib\win64.o\libXil_lmgr11.dll
0x00007ffd54000000 - 0x00007ffd540f6000 	C:\WINDOWS\System32\COMDLG32.dll
0x00007ffd52f20000 - 0x00007ffd532a8000 	C:\WINDOWS\System32\combase.dll
0x00007ffd0ec40000 - 0x00007ffd0ec70000 	C:\WINDOWS\SYSTEM32\VCOMP140.DLL
0x00007ffcb1e70000 - 0x00007ffcb3d87000 	C:\Xilinx\Vivado\2023.2\lib\win64.o\gurobi90.dll
0x00007ffd3d470000 - 0x00007ffd3d479000 	C:\WINDOWS\SYSTEM32\WSOCK32.dll
0x00007ffd525b0000 - 0x00007ffd52717000 	C:\WINDOWS\System32\CRYPT32.dll
0x00007ffd54110000 - 0x00007ffd54204000 	C:\WINDOWS\System32\shcore.dll
0x00007ffd54270000 - 0x00007ffd542d0000 	C:\WINDOWS\System32\WLDAP32.dll
0x00007ffd54f20000 - 0x00007ffd54f28000 	C:\WINDOWS\System32\Normaliz.dll
0x00007ffd53880000 - 0x00007ffd53957000 	C:\WINDOWS\System32\OLEAUT32.dll
0x00007ffd53c90000 - 0x00007ffd53e35000 	C:\WINDOWS\System32\ole32.dll
0x00007ffd169d0000 - 0x00007ffd169e8000 	C:\Xilinx\Vivado\2023.2\lib\win64.o\libboost_iostreams.dll
0x00007ffd39ef0000 - 0x00007ffd3a1ae000 	C:\WINDOWS\SYSTEM32\iertutil.dll
0x00007ffd0af00000 - 0x00007ffd0af24000 	C:\Xilinx\Vivado\2023.2\lib\win64.o\libisl_iosutils.dll
0x00007ffd2df60000 - 0x00007ffd2df88000 	C:\WINDOWS\SYSTEM32\srvcli.dll
0x00007ffd50e40000 - 0x00007ffd50e4c000 	C:\WINDOWS\SYSTEM32\netutils.dll
0x00007ffd47c60000 - 0x00007ffd47d13000 	C:\WINDOWS\WinSxS\amd64_microsoft.windows.common-controls_6595b64144ccf1df_5.82.22621.3527_none_b43b7f4b638cc64f\COMCTL32.dll
0x00007ffd49570000 - 0x00007ffd4958f000 	C:\WINDOWS\SYSTEM32\dhcpcsvc.DLL
0x00007ffd519f0000 - 0x00007ffd51a18000 	C:\WINDOWS\SYSTEM32\USERENV.dll
0x00007ffd51930000 - 0x00007ffd51999000 	C:\WINDOWS\SYSTEM32\MSWSOCK.DLL
0x00007ffd532c0000 - 0x00007ffd532f1000 	C:\WINDOWS\System32\IMM32.DLL
0x00007ffd51bc0000 - 0x00007ffd51bd2000 	C:\WINDOWS\SYSTEM32\MSASN1.dll
0x00007ffd51b60000 - 0x00007ffd51b7b000 	C:\WINDOWS\SYSTEM32\CRYPTSP.dll
0x00007ffd51420000 - 0x00007ffd51455000 	C:\WINDOWS\system32\rsaenh.dll
0x00007ffd51b50000 - 0x00007ffd51b5c000 	C:\WINDOWS\SYSTEM32\CRYPTBASE.dll
0x00007ffd52720000 - 0x00007ffd5279b000 	C:\WINDOWS\System32\bcryptPrimitives.dll
0x00007ffd53b50000 - 0x00007ffd53b6f000 	C:\WINDOWS\System32\imagehlp.dll
0x00007ffd514c0000 - 0x00007ffd514d8000 	C:\WINDOWS\SYSTEM32\kernel.appcore.dll
0x00007ffd02590000 - 0x00007ffd02add000 	C:\Xilinx\Vivado\2023.2\lib\win64.o\librdi_commontasks.dll
0x00007ffd02260000 - 0x00007ffd0258b800 	C:\Xilinx\Vivado\2023.2\lib\win64.o\librdi_sio.dll
0x00007ffcb1220000 - 0x00007ffcb1e68000 	C:\Xilinx\Vivado\2023.2\tps\win64\jre17.0.7_7\bin\server\jvm.dll
0x00007ffd50f00000 - 0x00007ffd50f2d000 	C:\WINDOWS\SYSTEM32\IPHLPAPI.DLL
0x00007ffd48f30000 - 0x00007ffd48f64000 	C:\WINDOWS\SYSTEM32\WINMM.dll
0x00007ffd519c0000 - 0x00007ffd519e6000 	C:\WINDOWS\SYSTEM32\gpapi.dll
0x00007ffd480a0000 - 0x00007ffd480d2000 	C:\Windows\System32\cryptnet.dll
0x00007ffd52310000 - 0x00007ffd52331000 	C:\WINDOWS\SYSTEM32\profapi.dll
0x00007ffd4c6a0000 - 0x00007ffd4c6ad000 	C:\WINDOWS\SYSTEM32\WINNSI.DLL
0x00007ffd54100000 - 0x00007ffd54109000 	C:\WINDOWS\System32\NSI.dll
0x00007ffd51730000 - 0x00007ffd5177c000 	C:\WINDOWS\SYSTEM32\SspiCli.dll
0x00007ffd49f40000 - 0x00007ffd49f57000 	C:\WINDOWS\system32\napinsp.dll
0x00007ffd497e0000 - 0x00007ffd497fb000 	C:\WINDOWS\system32\pnrpnsp.dll
0x00007ffd50f30000 - 0x00007ffd51028000 	C:\WINDOWS\SYSTEM32\DNSAPI.dll
0x00007ffcf5860000 - 0x00007ffcf5871000 	C:\WINDOWS\System32\winrnr.dll
0x00007ffd48600000 - 0x00007ffd48615000 	C:\WINDOWS\system32\wshbth.dll
0x00007ffd49ed0000 - 0x00007ffd49ef7000 	C:\WINDOWS\system32\nlansp_c.dll
0x00007ffd502f0000 - 0x00007ffd50be7000 	C:\WINDOWS\SYSTEM32\windows.storage.dll
0x00007ffd501b0000 - 0x00007ffd502ef000 	C:\WINDOWS\SYSTEM32\wintypes.dll
0x00007ffcac0b0000 - 0x00007ffcaee76000 	C:\Xilinx\Vivado\2023.2\lib\win64.o\librdi_tcltasks.dll
0x00007ffd07f10000 - 0x00007ffd08110000 	C:\Xilinx\Vivado\2023.2\lib\win64.o\librdi_board.dll
0x00007ffceb580000 - 0x00007ffceba61000 	C:\Xilinx\Vivado\2023.2\lib\win64.o\librdi_bitstream.dll
0x00007ffd093d0000 - 0x00007ffd094fa000 	C:\Xilinx\Vivado\2023.2\lib\win64.o\librdi_chipscope.dll
0x00007ffd0db40000 - 0x00007ffd0dbc3000 	C:\Xilinx\Vivado\2023.2\lib\win64.o\librdi_boarddep.dll
0x00007ffceb370000 - 0x00007ffceb577000 	C:\Xilinx\Vivado\2023.2\lib\win64.o\librdi_chipscopeimpl.dll
0x00007ffd09030000 - 0x00007ffd0919e000 	C:\Xilinx\Vivado\2023.2\lib\win64.o\librdi_containers.dll
0x00007ffcaf410000 - 0x00007ffcb1217000 	C:\Xilinx\Vivado\2023.2\lib\win64.o\librdi_designutils.dll
0x00007ffca5400000 - 0x00007ffca6a03000 	C:\Xilinx\Vivado\2023.2\lib\win64.o\librdi_device.dll
0x00007ffca9110000 - 0x00007ffcab846000 	C:\Xilinx\Vivado\2023.2\lib\win64.o\librdi_coregen.dll
0x00007ffcb9a60000 - 0x00007ffcb9dff000 	C:\Xilinx\Vivado\2023.2\lib\win64.o\librdi_dlyest.dll
0x00007ffcb70d0000 - 0x00007ffcb7806000 	C:\Xilinx\Vivado\2023.2\lib\win64.o\librdi_drc.dll
0x00007ffca6a10000 - 0x00007ffca9105000 	C:\Xilinx\Vivado\2023.2\lib\win64.o\librdi_constraints.dll
0x00007ffd082d0000 - 0x00007ffd08384000 	C:\Xilinx\Vivado\2023.2\lib\win64.o\librdi_dsp.dll
0x00007ffca4c40000 - 0x00007ffca53ff000 	C:\Xilinx\Vivado\2023.2\lib\win64.o\librdi_filemgmt.dll
0x00007ffd086a0000 - 0x00007ffd0870b000 	C:\Xilinx\Vivado\2023.2\lib\win64.o\librdi_hdf.dll
0x00007ffceb220000 - 0x00007ffceb368000 	C:\Xilinx\Vivado\2023.2\lib\win64.o\librdi_hip_perf_analysis.dll
0x00007ffce9e90000 - 0x00007ffcea174000 	C:\Xilinx\Vivado\2023.2\lib\win64.o\librdi_hip_devdesign.dll
0x00007ffca3af0000 - 0x00007ffca4c33000 	C:\Xilinx\Vivado\2023.2\lib\win64.o\librdi_implflow.dll
0x00007ffca3250000 - 0x00007ffca3aea000 	C:\Xilinx\Vivado\2023.2\lib\win64.o\librdi_lopt.dll
0x00007ffcb9400000 - 0x00007ffcb9a56000 	C:\Xilinx\Vivado\2023.2\lib\win64.o\librdi_memdata.dll
0x00007ffca23a0000 - 0x00007ffca3250000 	C:\Xilinx\Vivado\2023.2\lib\win64.o\librdi_ippcw.dll
0x00007ffd08250000 - 0x00007ffd082cd000 	C:\Xilinx\Vivado\2023.2\lib\win64.o\librdi_memoryarray.dll
0x00007ffd081d0000 - 0x00007ffd08242000 	C:\Xilinx\Vivado\2023.2\lib\win64.o\librdi_noc_frameworks.dll
0x00007ffd08490000 - 0x00007ffd084ec000 	C:\Xilinx\Vivado\2023.2\lib\win64.o\librdi_pfi.dll
0x00007ffc9f140000 - 0x00007ffc9f944000 	C:\Xilinx\Vivado\2023.2\lib\win64.o\librdi_netlist.dll
0x00007ffc9be00000 - 0x00007ffc9c27e000 	C:\Xilinx\Vivado\2023.2\lib\win64.o\librdi_platform.dll
0x00007ffc9b500000 - 0x00007ffc9bdf2000 	C:\Xilinx\Vivado\2023.2\lib\win64.o\librdi_power.dll
0x00007ffc9f950000 - 0x00007ffca2391000 	C:\Xilinx\Vivado\2023.2\lib\win64.o\librdi_mig.dll
0x00007ffc9ac70000 - 0x00007ffc9b4fb000 	C:\Xilinx\Vivado\2023.2\lib\win64.o\librdi_project.dll
0x00007ffc9a4f0000 - 0x00007ffc9ac67000 	C:\Xilinx\Vivado\2023.2\lib\win64.o\librdi_psta.dll

dbghelp: loaded successfully - version: 4.0.5 - missing functions: none
symbol engine: initialized successfully - sym options: 0x614 - pdb path: .;C:\Xilinx\Vivado\2023.2\bin\unwrapped\win64.o;C:\WINDOWS\SYSTEM32;C:\Xilinx\Vivado\2023.2\lib\win64.o;C:\WINDOWS\WinSxS\amd64_microsoft.windows.common-controls_6595b64144ccf1df_5.82.22621.3527_none_b43b7f4b638cc64f;C:\Xilinx\Vivado\2023.2\tps\win64\jre17.0.7_7\bin\server;C:\Xilinx\Vivado\2023.2\tps\win64\jre17.0.7_7\bin;C:\WINDOWS\WinSxS\amd64_microsoft.windows.common-controls_6595b64144ccf1df_6.0.22621.3672_none_2713b9d173822955

VM Arguments:
jvm_args: -Dsun.java2d.pmoffscreen=false -Dhttps.protocols=TLSv1,TLSv1.1,TLSv1.2 -Dsun.java2d.xrender=false -Dsun.java2d.d3d=false -Dsun.awt.nopixfmt=true -Dsun.java2d.dpiaware=true -Dsun.java2d.uiScale.enabled=false -Dswing.aatext=true -XX:-UsePerfData -Djdk.map.althashing.threshold=512 -XX:StringTableSize=4072 -XX:+UseStringDeduplication -XX:MaxGCPauseMillis=200 -XX:+ParallelRefProcEnabled --add-opens=java.desktop/javax.swing.plaf.synth=ALL-UNNAMED --add-opens=java.base/java.nio=ALL-UNNAMED --add-opens=java.desktop/sun.swing=ALL-UNNAMED --add-opens=java.desktop/javax.swing=ALL-UNNAMED --add-opens=java.desktop/javax.swing.tree=ALL-UNNAMED --add-opens=java.desktop/javax.swing.plaf.basic=ALL-UNNAMED --add-opens=java.desktop/javax.swing.plaf.synth=ALL-UNNAMED --add-opens=java.desktop/javax.swing.plaf.basic=ALL-UNNAMED --add-opens=java.desktop/javax.swing=ALL-UNNAMED --add-opens=java.desktop/javax.swing.tree=ALL-UNNAMED --add-opens=java.desktop/java.awt.event=ALL-UNNAMED --add-exports=java.desktop/javax.swing.plaf.synth=ALL-UNNAMED --add-exports=java.base/java.nio=ALL-UNNAMED --add-exports=java.desktop/sun.swing=ALL-UNNAMED --add-exports=java.desktop/javax.swing=ALL-UNNAMED --add-exports=java.desktop/javax.swing.tree=ALL-UNNAMED --add-exports=java.desktop/javax.swing.plaf.basic=ALL-UNNAMED --add-exports=java.desktop/sun.swing=ALL-UNNAMED --add-exports=java.desktop/sun.swing.table=ALL-UNNAMED --add-exports=java.desktop/sun.swing.plaf.synth=ALL-UNNAMED --add-exports=java.desktop/sun.awt.shell=ALL-UNNAMED --add-exports=java.base/sun.security.action=ALL-UNNAMED --add-exports=java.desktop/sun.font=ALL-UNNAMED -XX:NewSize=80m -XX:MaxNewSize=80m -Xms512m -Xmx4072m -Xss10m 
java_command: <unknown>
java_class_path (initial): C:/Xilinx/Vivado/2023.2\lib\classes\alloy.jar;C:/Xilinx/Vivado/2023.2\lib\classes\asm-9.3.jar;C:/Xilinx/Vivado/2023.2\lib\classes\asm-analysis-9.3.jar;C:/Xilinx/Vivado/2023.2\lib\classes\asm-commons-9.3.jar;C:/Xilinx/Vivado/2023.2\lib\classes\asm-tree-9.3.jar;C:/Xilinx/Vivado/2023.2\lib\classes\autoesl-models.jar;C:/Xilinx/Vivado/2023.2\lib\classes\batik-anim.jar;C:/Xilinx/Vivado/2023.2\lib\classes\batik-awt-util.jar;C:/Xilinx/Vivado/2023.2\lib\classes\batik-bridge.jar;C:/Xilinx/Vivado/2023.2\lib\classes\batik-codec.jar;C:/Xilinx/Vivado/2023.2\lib\classes\batik-constants.jar;C:/Xilinx/Vivado/2023.2\lib\classes\batik-css.jar;C:/Xilinx/Vivado/2023.2\lib\classes\batik-dom.jar;C:/Xilinx/Vivado/2023.2\lib\classes\batik-ext.jar;C:/Xilinx/Vivado/2023.2\lib\classes\batik-gui-util.jar;C:/Xilinx/Vivado/2023.2\lib\classes\batik-gvt.jar;C:/Xilinx/Vivado/2023.2\lib\classes\batik-i18n.jar;C:/Xilinx/Vivado/2023.2\lib\classes\batik-parser.jar;C:/Xilinx/Vivado/2023.2\lib\classes\batik-script.jar;C:/Xilinx/Vivado/2023.2\lib\classes\batik-svg-dom.jar;C:/Xilinx/Vivado/2023.2\lib\classes\batik-svggen.jar;C:/Xilinx/Vivado/2023.2\lib\classes\batik-swing.jar;C:/Xilinx/Vivado/2023.2\lib\classes\batik-transcoder.jar;C:/Xilinx/Vivado/2023.2\lib\classes\batik-util.jar;C:/Xilinx/Vivado/2023.2\lib\classes\batik-xml.jar;C:/Xilinx/Vivado/2023.2\lib\classes\com.fasterxml.jackson.core.jackson-annotations_2.12.1.v20210128-1726.jar;C:/Xilinx/Vivado/2023.2\lib\classes\com.fasterxml.jackson.core.jackson-core_2.12.1.v20210128-1726.jar;C:/Xilinx/Vivado/2023.2\lib\classes\com.fasterxml.jackson.core.jackson-databind_2.12.1.v20210128-1726.jar;C:/Xilinx/Vivado/2023.2\lib\classes\com.google.gson_2.8.9.v20220111-1409.jar;C:/Xilinx/Vivado/2023.2\lib\classes\com.google.guava_30.1.0.v20210127-2300.jar;C:/Xilinx/Vivado/2023.2\lib\classes\com.sigasi.hdt.connection_4.17.2.202304211001.jar;C:/Xilinx/Vivado/2023.2\lib\classes\com.sigasi.hdt.epl_4.17.2.202304211001.jar;C:/Xilinx/Vivado/2023.
Launcher Type: generic

[Global flags]
     intx CICompilerCount                          = 4                                         {product} {ergonomic}
     uint ConcGCThreads                            = 2                                         {product} {ergonomic}
     uint G1ConcRefinementThreads                  = 8                                         {product} {ergonomic}
   size_t G1HeapRegionSize                         = 2097152                                   {product} {ergonomic}
    uintx GCDrainStackTargetSize                   = 64                                        {product} {ergonomic}
   size_t InitialHeapSize                          = 536870912                                 {product} {command line}
   size_t MarkStackSize                            = 4194304                                   {product} {ergonomic}
    uintx MaxGCPauseMillis                         = 200                                       {product} {command line}
   size_t MaxHeapSize                              = 4269801472                                {product} {command line}
   size_t MaxNewSize                               = 83886080                                  {product} {command line}
   size_t MinHeapDeltaBytes                        = 2097152                                   {product} {ergonomic}
   size_t MinHeapSize                              = 536870912                                 {product} {command line}
   size_t NewSize                                  = 83886080                                  {product} {command line}
    uintx NonNMethodCodeHeapSize                   = 5839372                                {pd product} {ergonomic}
    uintx NonProfiledCodeHeapSize                  = 122909434                              {pd product} {ergonomic}
     bool ParallelRefProcEnabled                   = true                                      {product} {command line}
    uintx ProfiledCodeHeapSize                     = 122909434                              {pd product} {ergonomic}
    uintx ReservedCodeCacheSize                    = 251658240                              {pd product} {ergonomic}
     bool SegmentedCodeCache                       = true                                      {product} {ergonomic}
   size_t SoftMaxHeapSize                          = 4269801472                             {manageable} {ergonomic}
    uintx StringTableSize                          = 4072                                      {product} {command line}
     intx ThreadStackSize                          = 10240                                  {pd product} {command line}
     bool UseCompressedClassPointers               = true                           {product lp64_product} {ergonomic}
     bool UseCompressedOops                        = true                           {product lp64_product} {ergonomic}
     bool UseG1GC                                  = true                                      {product} {ergonomic}
     bool UseLargePagesIndividualAllocation        = false                                  {pd product} {ergonomic}
     bool UsePerfData                              = false                                     {product} {command line}
     bool UseStringDeduplication                   = true                                      {product} {command line}

Logging:
Log output configuration:
 #0: stdout all=warning uptime,level,tags
 #1: stderr all=off uptime,level,tags

Environment Variables:
PATH=C:/Xilinx/Vivado/2023.2/bin;C:/Xilinx/Vivado/2023.2/tps/win64/java-cef-95.0.4638.69/bin/lib/win64;C:/Xilinx/Vivado/2023.2/tps/win64/javafx-sdk-17.0.1/lib;C:/Xilinx/Vivado/2023.2/tps/win64/javafx-sdk-17.0.1/bin;C:/Xilinx/Vivado/2023.2/lib/win64.o;C:/Xilinx/Vivado/2023.2/tps/win64/jre17.0.7_7/bin/server;C:/Xilinx/Vivado/2023.2/tps/win64/jre17.0.7_7/bin;C:/Xilinx/Vitis_HLS/2023.2/bin;C:\Program Files\Python312\Scripts\;C:\Program Files\Python312\;C:\WINDOWS\system32;C:\WINDOWS;C:\WINDOWS\System32\Wbem;C:\WINDOWS\System32\WindowsPowerShell\v1.0\;C:\WINDOWS\System32\OpenSSH\;C:\Program Files\Git\cmd;C:\MinGW\bin;C:\Program Files\CMake\bin;C:\Users\ferna\esp\v5.2\esp-idf\tools\xtensa-esp-elf\bin;C:\Program Files\nodejs\;C:\ProgramData\chocolatey\bin;C:\Users\ferna\AppData\Local\pnpm;C:\Users\ferna\AppData\Local\Microsoft\WindowsApps;C:\Users\ferna\AppData\Local\Programs\Microsoft VS Code\bin;C:\Users\ferna\AppData\Local\GitHubDesktop\bin;C:\Users\ferna\AppData\Roaming\npm;C:/Xilinx/Vivado/2023.2\tps\mingw\6.2.0\win64.o\nt\bin;C:/Xilinx/Vivado/2023.2\tps\mingw\6.2.0\win64.o\nt\libexec\gcc\x86_64-w64-mingw32\6.2.0;C:/Xilinx/Vivado/2023.2\tps\win64\python-3.8.3;C:/Xilinx/Vivado/2023.2\tps\win64\python-3.8.3\bin;C:/Xilinx/Vivado/2023.2\tps\win64\python-3.8.3\lib;C:/Xilinx/Vivado/2023.2\tps\win64\python-3.8.3\lib\site-packages
USERNAME=ferna
OS=Windows_NT
PROCESSOR_IDENTIFIER=Intel64 Family 6 Model 142 Stepping 12, GenuineIntel
TMP=C:\Users\ferna\AppData\Local\Temp
TEMP=C:\Users\ferna\AppData\Local\Temp



---------------  S Y S T E M  ---------------

OS:
 Windows 11 , 64 bit Build 22621 (10.0.22621.3672)
OS uptime: 1 days 11:44 hours
Hyper-V role detected

CPU: total 8 (initial active 8) (4 cores per cpu, 2 threads per core) family 6 model 142 stepping 12 microcode 0xde, cx8, cmov, fxsr, ht, mmx, 3dnowpref, sse, sse2, sse3, ssse3, sse4.1, sse4.2, popcnt, lzcnt, tsc, tscinvbit, avx, avx2, aes, erms, clmul, bmi1, bmi2, adx, fma, vzeroupper, clflush, clflushopt, hv

Memory: 4k page, system-wide physical 8043M (1077M free)
TotalPageFile size 20341M (AvailPageFile size 7033M)
current process WorkingSet (physical memory assigned to process): 784M, peak: 1363M
current process commit charge ("private bytes"): 2504M, peak: 2623M

vm_info: OpenJDK 64-Bit Server VM (17.0.7+7) for windows-amd64 JRE (17.0.7+7), built on Apr 18 2023 22:10:42 by "temurin" with MS VC++ 16.7 (VS2019)

END.
