#-----------------------------------------------------------
# Vivado v2023.2 (64-bit)
# SW Build 4029153 on Fri Oct 13 20:14:34 MDT 2023
# IP Build 4028589 on Sat Oct 14 00:45:43 MDT 2023
# SharedData Build 4025554 on Tue Oct 10 17:18:54 MDT 2023
# Start of session at: Tue Jul  2 14:18:30 2024
# Process ID: 14032
# Current directory: C:/Users/ferna/OneDrive/Documentos/uergs/trabalhos/computer-organization/first-work/jaguar40
# Command line: vivado.exe -gui_launcher_event rodinguilauncherevent17160 C:\Users\ferna\OneDrive\Documentos\uergs\trabalhos\computer-organization\first-work\jaguar40\jaguar40.xpr
# Log file: C:/Users/ferna/OneDrive/Documentos/uergs/trabalhos/computer-organization/first-work/jaguar40/vivado.log
# Journal file: C:/Users/ferna/OneDrive/Documentos/uergs/trabalhos/computer-organization/first-work/jaguar40\vivado.jou
# Running On: DESKTOP-N4J6V5N, OS: Windows, CPU Frequency: 1992 MHz, CPU Physical cores: 4, Host memory: 8433 MB
#-----------------------------------------------------------
start_gui
open_project C:/Users/ferna/OneDrive/Documentos/uergs/trabalhos/computer-organization/first-work/jaguar40/jaguar40.xpr
INFO: [ProjectBase 1-489] The host OS only allows 260 characters in a normal path. The project is stored in a path with more than 80 characters. If you experience issues with IP, Block Designs, or files not being found, please consider moving the project to a location with a shorter path. Alternately consider using the OS subst command to map part of the path to a drive letter.
Current project path is 'C:/Users/ferna/OneDrive/Documentos/uergs/trabalhos/computer-organization/first-work/jaguar40'
WARNING: [Board 49-26] cannot add Board Part xilinx.com:ac701:part0:1.4 available at C:/Xilinx/Vivado/2023.2/data/xhub/boards/XilinxBoardStore/boards/Xilinx/ac701/1.4/board.xml as part xc7a200tfbg676-2 specified in board_part file is either invalid or not available
WARNING: [Board 49-26] cannot add Board Part xilinx.com:kc705:part0:1.6 available at C:/Xilinx/Vivado/2023.2/data/xhub/boards/XilinxBoardStore/boards/Xilinx/kc705/1.6/board.xml as part xc7k325tffg900-2 specified in board_part file is either invalid or not available
WARNING: [Board 49-26] cannot add Board Part xilinx.com:kcu105:part0:1.6 available at C:/Xilinx/Vivado/2023.2/data/xhub/boards/XilinxBoardStore/boards/Xilinx/kcu105/1.6/board.xml as part xcku040-ffva1156-2-e specified in board_part file is either invalid or not available
WARNING: [Board 49-26] cannot add Board Part xilinx.com:kcu105:part0:1.7 available at C:/Xilinx/Vivado/2023.2/data/xhub/boards/XilinxBoardStore/boards/Xilinx/kcu105/1.7/board.xml as part xcku040-ffva1156-2-e specified in board_part file is either invalid or not available
WARNING: [Board 49-26] cannot add Board Part xilinx.com:kcu116:part0:1.4 available at C:/Xilinx/Vivado/2023.2/data/xhub/boards/XilinxBoardStore/boards/Xilinx/kcu116/1.4/board.xml as part xcku5p-ffvb676-2-e specified in board_part file is either invalid or not available
WARNING: [Board 49-26] cannot add Board Part xilinx.com:kcu116:part0:1.5 available at C:/Xilinx/Vivado/2023.2/data/xhub/boards/XilinxBoardStore/boards/Xilinx/kcu116/1.5/board.xml as part xcku5p-ffvb676-2-e specified in board_part file is either invalid or not available
WARNING: [Board 49-26] cannot add Board Part xilinx.com:kcu1500:part0:1.2 available at C:/Xilinx/Vivado/2023.2/data/xhub/boards/XilinxBoardStore/boards/Xilinx/kcu1500/1.2/board.xml as part xcku115-flvb2104-2-e specified in board_part file is either invalid or not available
WARNING: [Board 49-26] cannot add Board Part xilinx.com:sp701:part0:1.0 available at C:/Xilinx/Vivado/2023.2/data/xhub/boards/XilinxBoardStore/boards/Xilinx/sp701/1.0/board.xml as part xc7s100fgga676-2 specified in board_part file is either invalid or not available
WARNING: [Board 49-26] cannot add Board Part xilinx.com:sp701:part0:1.1 available at C:/Xilinx/Vivado/2023.2/data/xhub/boards/XilinxBoardStore/boards/Xilinx/sp701/1.1/board.xml as part xc7s100fgga676-2 specified in board_part file is either invalid or not available
WARNING: [Board 49-26] cannot add Board Part xilinx.com:vc707:part0:1.4 available at C:/Xilinx/Vivado/2023.2/data/xhub/boards/XilinxBoardStore/boards/Xilinx/vc707/1.4/board.xml as part xc7vx485tffg1761-2 specified in board_part file is either invalid or not available
WARNING: [Board 49-26] cannot add Board Part xilinx.com:vc709:part0:1.8 available at C:/Xilinx/Vivado/2023.2/data/xhub/boards/XilinxBoardStore/boards/Xilinx/vc709/1.8/board.xml as part xc7vx690tffg1761-2 specified in board_part file is either invalid or not available
WARNING: [Board 49-26] cannot add Board Part xilinx.com:vck190:part0:2.2 available at C:/Xilinx/Vivado/2023.2/data/xhub/boards/XilinxBoardStore/boards/Xilinx/vck190/production/2.2/board.xml as part xcvc1902-vsva2197-2mp-e-s specified in board_part file is either invalid or not available
WARNING: [Board 49-26] cannot add Board Part xilinx.com:vck190:part0:3.0 available at C:/Xilinx/Vivado/2023.2/data/xhub/boards/XilinxBoardStore/boards/Xilinx/vck190/production/3.0/board.xml as part xcvc1902-vsva2197-2mp-e-s specified in board_part file is either invalid or not available
WARNING: [Board 49-26] cannot add Board Part xilinx.com:vck190:part0:3.1 available at C:/Xilinx/Vivado/2023.2/data/xhub/boards/XilinxBoardStore/boards/Xilinx/vck190/production/3.1/board.xml as part xcvc1902-vsva2197-2mp-e-s specified in board_part file is either invalid or not available
WARNING: [Board 49-26] cannot add Board Part xilinx.com:vck190:part0:3.2 available at C:/Xilinx/Vivado/2023.2/data/xhub/boards/XilinxBoardStore/boards/Xilinx/vck190/production/3.2/board.xml as part xcvc1902-vsva2197-2mp-e-s specified in board_part file is either invalid or not available
WARNING: [Board 49-26] cannot add Board Part xilinx.com:vck190_newl:part0:1.0 available at C:/Xilinx/Vivado/2023.2/data/xhub/boards/XilinxBoardStore/boards/Xilinx/vck190_newl/production/1.0/board.xml as part xcvc1902-vsva2197-2mp-e-s specified in board_part file is either invalid or not available
WARNING: [Board 49-26] cannot add Board Part xilinx.com:vck190_newl:part0:1.1 available at C:/Xilinx/Vivado/2023.2/data/xhub/boards/XilinxBoardStore/boards/Xilinx/vck190_newl/production/1.1/board.xml as part xcvc1902-vsva2197-2mp-e-s specified in board_part file is either invalid or not available
WARNING: [Board 49-26] cannot add Board Part xilinx.com:vcu108:part0:1.6 available at C:/Xilinx/Vivado/2023.2/data/xhub/boards/XilinxBoardStore/boards/Xilinx/vcu108/1.6/board.xml as part xcvu095-ffva2104-2-e specified in board_part file is either invalid or not available
WARNING: [Board 49-26] cannot add Board Part xilinx.com:vcu108:part0:1.7 available at C:/Xilinx/Vivado/2023.2/data/xhub/boards/XilinxBoardStore/boards/Xilinx/vcu108/1.7/board.xml as part xcvu095-ffva2104-2-e specified in board_part file is either invalid or not available
WARNING: [Board 49-26] cannot add Board Part xilinx.com:vcu110:part0:1.4 available at C:/Xilinx/Vivado/2023.2/data/xhub/boards/XilinxBoardStore/boards/Xilinx/vcu110/1.4/board.xml as part xcvu190-flgc2104-2-e specified in board_part file is either invalid or not available
WARNING: [Board 49-26] cannot add Board Part xilinx.com:vcu118:part0:2.0 available at C:/Xilinx/Vivado/2023.2/data/xhub/boards/XilinxBoardStore/boards/Xilinx/vcu118/2.0/board.xml as part xcvu9p-flga2104-2l-e specified in board_part file is either invalid or not available
WARNING: [Board 49-26] cannot add Board Part xilinx.com:vcu118:part0:2.3 available at C:/Xilinx/Vivado/2023.2/data/xhub/boards/XilinxBoardStore/boards/Xilinx/vcu118/2.3/board.xml as part xcvu9p-flga2104-2l-e specified in board_part file is either invalid or not available
WARNING: [Board 49-26] cannot add Board Part xilinx.com:vcu118:part0:2.4 available at C:/Xilinx/Vivado/2023.2/data/xhub/boards/XilinxBoardStore/boards/Xilinx/vcu118/2.4/board.xml as part xcvu9p-flga2104-2l-e specified in board_part file is either invalid or not available
WARNING: [Board 49-26] cannot add Board Part xilinx.com:vcu128:part0:1.0 available at C:/Xilinx/Vivado/2023.2/data/xhub/boards/XilinxBoardStore/boards/Xilinx/vcu128/production/1.0/board.xml as part xcvu37p-fsvh2892-2l-e specified in board_part file is either invalid or not available
WARNING: [Board 49-26] cannot add Board Part xilinx.com:vcu129:part0:1.0 available at C:/Xilinx/Vivado/2023.2/data/xhub/boards/XilinxBoardStore/boards/Xilinx/vcu129/production/1.0/board.xml as part xcvu29p-fsga2577-2l-e specified in board_part file is either invalid or not available
WARNING: [Board 49-26] cannot add Board Part xilinx.com:vcu1525:part0:1.3 available at C:/Xilinx/Vivado/2023.2/data/xhub/boards/XilinxBoardStore/boards/Xilinx/vcu1525/1.3/board.xml as part xcvu9p-fsgd2104-2l-e specified in board_part file is either invalid or not available
WARNING: [Board 49-26] cannot add Board Part xilinx.com:vek280:part0:1.0 available at C:/Xilinx/Vivado/2023.2/data/xhub/boards/XilinxBoardStore/boards/Xilinx/vek280/production/1.0/board.xml as part xcve2802-vsvh1760-2mp-e-s specified in board_part file is either invalid or not available
WARNING: [Board 49-26] cannot add Board Part xilinx.com:vek280_es:part0:1.0 available at C:/Xilinx/Vivado/2023.2/data/xhub/boards/XilinxBoardStore/boards/Xilinx/vek280/es/rev_a/1.0/board.xml as part xcve2802-vsvh1760-2lp-e-s-es1 specified in board_part file is either invalid or not available
WARNING: [Board 49-26] cannot add Board Part xilinx.com:vek280_es:part0:1.1 available at C:/Xilinx/Vivado/2023.2/data/xhub/boards/XilinxBoardStore/boards/Xilinx/vek280/es/rev_a/1.1/board.xml as part xcve2802-vsvh1760-2lp-e-s-es1 specified in board_part file is either invalid or not available
WARNING: [Board 49-26] cannot add Board Part xilinx.com:vek280_es_revb:part0:1.0 available at C:/Xilinx/Vivado/2023.2/data/xhub/boards/XilinxBoardStore/boards/Xilinx/vek280/es/rev_b/1.0/board.xml as part xcve2802-vsvh1760-2mp-e-s-es1 specified in board_part file is either invalid or not available
WARNING: [Board 49-26] cannot add Board Part xilinx.com:vek280_es_revb:part0:1.1 available at C:/Xilinx/Vivado/2023.2/data/xhub/boards/XilinxBoardStore/boards/Xilinx/vek280/es/rev_b/1.1/board.xml as part xcve2802-vsvh1760-2mp-e-s-es1 specified in board_part file is either invalid or not available
WARNING: [Board 49-26] cannot add Board Part xilinx.com:vermeo_t1_mpsoc:part0:1.0 available at C:/Xilinx/Vivado/2023.2/data/xhub/boards/XilinxBoardStore/boards/Xilinx/vermeo_t1_mpsoc/1.0/board.xml as part xczu19eg-ffvd1760-2l-e specified in board_part file is either invalid or not available
WARNING: [Board 49-26] cannot add Board Part xilinx.com:vermeo_t1_rfsoc:part0:1.0 available at C:/Xilinx/Vivado/2023.2/data/xhub/boards/XilinxBoardStore/boards/Xilinx/vermeo_t1_rfsoc/1.0/board.xml as part xczu21dr-ffvd1156-2l-e specified in board_part file is either invalid or not available
WARNING: [Board 49-26] cannot add Board Part xilinx.com:vhk158:part0:1.0 available at C:/Xilinx/Vivado/2023.2/data/xhub/boards/XilinxBoardStore/boards/Xilinx/vhk158/production/1.0/board.xml as part xcvh1582-vsva3697-2mp-e-s specified in board_part file is either invalid or not available
WARNING: [Board 49-26] cannot add Board Part xilinx.com:vhk158:part0:1.1 available at C:/Xilinx/Vivado/2023.2/data/xhub/boards/XilinxBoardStore/boards/Xilinx/vhk158/production/1.1/board.xml as part xcvh1582-vsva3697-2mp-e-s specified in board_part file is either invalid or not available
WARNING: [Board 49-26] cannot add Board Part xilinx.com:vhk158_es:part0:1.0 available at C:/Xilinx/Vivado/2023.2/data/xhub/boards/XilinxBoardStore/boards/Xilinx/vhk158/es/1.0/board.xml as part xcvh1582-vsva3697-2mp-e-s-es1 specified in board_part file is either invalid or not available
WARNING: [Board 49-26] cannot add Board Part xilinx.com:vhk158_es:part0:1.1 available at C:/Xilinx/Vivado/2023.2/data/xhub/boards/XilinxBoardStore/boards/Xilinx/vhk158/es/1.1/board.xml as part xcvh1582-vsva3697-2mp-e-s-es1 specified in board_part file is either invalid or not available
WARNING: [Board 49-26] cannot add Board Part xilinx.com:vmk180:part0:2.2 available at C:/Xilinx/Vivado/2023.2/data/xhub/boards/XilinxBoardStore/boards/Xilinx/vmk180/production/2.2/board.xml as part xcvm1802-vsva2197-2mp-e-s specified in board_part file is either invalid or not available
WARNING: [Board 49-26] cannot add Board Part xilinx.com:vmk180:part0:3.0 available at C:/Xilinx/Vivado/2023.2/data/xhub/boards/XilinxBoardStore/boards/Xilinx/vmk180/production/3.0/board.xml as part xcvm1802-vsva2197-2mp-e-s specified in board_part file is either invalid or not available
WARNING: [Board 49-26] cannot add Board Part xilinx.com:vmk180:part0:3.1 available at C:/Xilinx/Vivado/2023.2/data/xhub/boards/XilinxBoardStore/boards/Xilinx/vmk180/production/3.1/board.xml as part xcvm1802-vsva2197-2mp-e-s specified in board_part file is either invalid or not available
WARNING: [Board 49-26] cannot add Board Part xilinx.com:vmk180:part0:3.2 available at C:/Xilinx/Vivado/2023.2/data/xhub/boards/XilinxBoardStore/boards/Xilinx/vmk180/production/3.2/board.xml as part xcvm1802-vsva2197-2mp-e-s specified in board_part file is either invalid or not available
WARNING: [Board 49-26] cannot add Board Part xilinx.com:vmk180_newl:part0:1.0 available at C:/Xilinx/Vivado/2023.2/data/xhub/boards/XilinxBoardStore/boards/Xilinx/vmk180_newl/production/1.0/board.xml as part xcvm1802-vsva2197-2mp-e-s specified in board_part file is either invalid or not available
WARNING: [Board 49-26] cannot add Board Part xilinx.com:vmk180_newl:part0:1.1 available at C:/Xilinx/Vivado/2023.2/data/xhub/boards/XilinxBoardStore/boards/Xilinx/vmk180_newl/production/1.1/board.xml as part xcvm1802-vsva2197-2mp-e-s specified in board_part file is either invalid or not available
WARNING: [Board 49-26] cannot add Board Part xilinx.com:vpk120:part0:1.0 available at C:/Xilinx/Vivado/2023.2/data/xhub/boards/XilinxBoardStore/boards/Xilinx/vpk120/production/1.0/board.xml as part xcvp1202-vsva2785-2mp-e-s specified in board_part file is either invalid or not available
WARNING: [Board 49-26] cannot add Board Part xilinx.com:vpk120:part0:1.1 available at C:/Xilinx/Vivado/2023.2/data/xhub/boards/XilinxBoardStore/boards/Xilinx/vpk120/production/1.1/board.xml as part xcvp1202-vsva2785-2mp-e-s specified in board_part file is either invalid or not available
WARNING: [Board 49-26] cannot add Board Part xilinx.com:vpk120:part0:1.2 available at C:/Xilinx/Vivado/2023.2/data/xhub/boards/XilinxBoardStore/boards/Xilinx/vpk120/production/1.2/board.xml as part xcvp1202-vsva2785-2mp-e-s specified in board_part file is either invalid or not available
WARNING: [Board 49-26] cannot add Board Part xilinx.com:vpk180:part0:1.0 available at C:/Xilinx/Vivado/2023.2/data/xhub/boards/XilinxBoardStore/boards/Xilinx/vpk180/production/1.0/board.xml as part xcvp1802-lsvc4072-2mp-e-s specified in board_part file is either invalid or not available
WARNING: [Board 49-26] cannot add Board Part xilinx.com:vpk180:part0:1.1 available at C:/Xilinx/Vivado/2023.2/data/xhub/boards/XilinxBoardStore/boards/Xilinx/vpk180/production/1.1/board.xml as part xcvp1802-lsvc4072-2mp-e-s specified in board_part file is either invalid or not available
WARNING: [Board 49-26] cannot add Board Part xilinx.com:zc702:part0:1.4 available at C:/Xilinx/Vivado/2023.2/data/xhub/boards/XilinxBoardStore/boards/Xilinx/zc702/1.4/board.xml as part xc7z020clg484-1 specified in board_part file is either invalid or not available
WARNING: [Board 49-26] cannot add Board Part xilinx.com:zc706:part0:1.4 available at C:/Xilinx/Vivado/2023.2/data/xhub/boards/XilinxBoardStore/boards/Xilinx/zc706/1.4/board.xml as part xc7z045ffg900-2 specified in board_part file is either invalid or not available
WARNING: [Board 49-26] cannot add Board Part xilinx.com:zcu102:part0:3.3 available at C:/Xilinx/Vivado/2023.2/data/xhub/boards/XilinxBoardStore/boards/Xilinx/zcu102/3.3/board.xml as part xczu9eg-ffvb1156-2-e specified in board_part file is either invalid or not available
WARNING: [Board 49-26] cannot add Board Part xilinx.com:zcu102:part0:3.4 available at C:/Xilinx/Vivado/2023.2/data/xhub/boards/XilinxBoardStore/boards/Xilinx/zcu102/3.4/board.xml as part xczu9eg-ffvb1156-2-e specified in board_part file is either invalid or not available
WARNING: [Board 49-26] cannot add Board Part xilinx.com:zcu104:part0:1.1 available at C:/Xilinx/Vivado/2023.2/data/xhub/boards/XilinxBoardStore/boards/Xilinx/zcu104/1.1/board.xml as part xczu7ev-ffvc1156-2-e specified in board_part file is either invalid or not available
WARNING: [Board 49-26] cannot add Board Part xilinx.com:zcu106:part0:2.4 available at C:/Xilinx/Vivado/2023.2/data/xhub/boards/XilinxBoardStore/boards/Xilinx/zcu106/2.4/board.xml as part xczu7ev-ffvc1156-2-e specified in board_part file is either invalid or not available
WARNING: [Board 49-26] cannot add Board Part xilinx.com:zcu106:part0:2.5 available at C:/Xilinx/Vivado/2023.2/data/xhub/boards/XilinxBoardStore/boards/Xilinx/zcu106/2.5/board.xml as part xczu7ev-ffvc1156-2-e specified in board_part file is either invalid or not available
WARNING: [Board 49-26] cannot add Board Part xilinx.com:zcu106:part0:2.6 available at C:/Xilinx/Vivado/2023.2/data/xhub/boards/XilinxBoardStore/boards/Xilinx/zcu106/2.6/board.xml as part xczu7ev-ffvc1156-2-e specified in board_part file is either invalid or not available
WARNING: [Board 49-26] cannot add Board Part xilinx.com:zcu111:part0:1.2 available at C:/Xilinx/Vivado/2023.2/data/xhub/boards/XilinxBoardStore/boards/Xilinx/zcu111/1.2/board.xml as part xczu28dr-ffvg1517-2-e specified in board_part file is either invalid or not available
WARNING: [Board 49-26] cannot add Board Part xilinx.com:zcu111:part0:1.3 available at C:/Xilinx/Vivado/2023.2/data/xhub/boards/XilinxBoardStore/boards/Xilinx/zcu111/1.3/board.xml as part xczu28dr-ffvg1517-2-e specified in board_part file is either invalid or not available
WARNING: [Board 49-26] cannot add Board Part xilinx.com:zcu111:part0:1.4 available at C:/Xilinx/Vivado/2023.2/data/xhub/boards/XilinxBoardStore/boards/Xilinx/zcu111/1.4/board.xml as part xczu28dr-ffvg1517-2-e specified in board_part file is either invalid or not available
WARNING: [Board 49-26] cannot add Board Part xilinx.com:zcu1275:part0:1.0 available at C:/Xilinx/Vivado/2023.2/data/xhub/boards/XilinxBoardStore/boards/Xilinx/zcu1275/1.0/board.xml as part xczu29dr-ffvf1760-2-e specified in board_part file is either invalid or not available
WARNING: [Board 49-26] cannot add Board Part xilinx.com:zcu1285:part0:1.0 available at C:/Xilinx/Vivado/2023.2/data/xhub/boards/XilinxBoardStore/boards/Xilinx/zcu1285/1.0/board.xml as part xczu39dr-ffvf1760-2-i specified in board_part file is either invalid or not available
WARNING: [Board 49-26] cannot add Board Part xilinx.com:zcu208:part0:2.0 available at C:/Xilinx/Vivado/2023.2/data/xhub/boards/XilinxBoardStore/boards/Xilinx/zcu208/production/2.0/board.xml as part xczu48dr-fsvg1517-2-e specified in board_part file is either invalid or not available
WARNING: [Board 49-26] cannot add Board Part xilinx.com:zcu208ld:part0:2.0 available at C:/Xilinx/Vivado/2023.2/data/xhub/boards/XilinxBoardStore/boards/Xilinx/zcu208ld/production/2.0/board.xml as part xczu58dr-fsvg1517-2-i specified in board_part file is either invalid or not available
WARNING: [Board 49-26] cannot add Board Part xilinx.com:zcu216:part0:2.0 available at C:/Xilinx/Vivado/2023.2/data/xhub/boards/XilinxBoardStore/boards/Xilinx/zcu216/production/2.0/board.xml as part xczu49dr-ffvf1760-2-e specified in board_part file is either invalid or not available
WARNING: [Board 49-26] cannot add Board Part xilinx.com:zcu216ld:part0:2.0 available at C:/Xilinx/Vivado/2023.2/data/xhub/boards/XilinxBoardStore/boards/Xilinx/zcu216ld/production/2.0/board.xml as part xczu59dr-ffvf1760-2-i specified in board_part file is either invalid or not available
WARNING: [Board 49-26] cannot add Board Part xilinx.com:zcu670:part0:2.0 available at C:/Xilinx/Vivado/2023.2/data/xhub/boards/XilinxBoardStore/boards/Xilinx/zcu670/2.0/board.xml as part xczu67dr-fsve1156-2-i specified in board_part file is either invalid or not available
WARNING: [Board 49-26] cannot add Board Part xilinx.com:zcu670ld:part0:1.0 available at C:/Xilinx/Vivado/2023.2/data/xhub/boards/XilinxBoardStore/boards/Xilinx/zcu670ld/1.0/board.xml as part xczu57dr-fsve1156-2-i specified in board_part file is either invalid or not available
INFO: [filemgmt 56-3] Default IP Output Path : Could not find the directory 'C:/Users/ferna/OneDrive/Documentos/uergs/trabalhos/computer-organization/first-work/jaguar40/jaguar40.gen/sources_1'.
Scanning sources...
Finished scanning sources
CRITICAL WARNING: [Runs 36-271] Incremental checkpoint part, xc7z010iclg225-1L, does not match run part, xck24-ubva530-2LV-c.
INFO: [IP_Flow 19-234] Refreshing IP repositories
INFO: [IP_Flow 19-1704] No user IP repositories specified
INFO: [IP_Flow 19-2313] Loaded Vivado IP repository 'C:/Xilinx/Vivado/2023.2/data/ip'.
open_project: Time (s): cpu = 00:00:13 ; elapsed = 00:00:10 . Memory (MB): peak = 1412.312 ; gain = 140.746
update_compile_order -fileset sources_1
launch_simulation
Command: launch_simulation 
INFO: [Vivado 12-12493] Simulation top is 'tb_jaguar40'
WARNING: [Vivado 12-13340] Unable to auto find GCC executables from simulator install path! (path not set)
INFO: [Vivado 12-5682] Launching behavioral simulation in 'C:/Users/ferna/OneDrive/Documentos/uergs/trabalhos/computer-organization/first-work/jaguar40/jaguar40.sim/sim_1/behav/xsim'
INFO: [SIM-utils-51] Simulation object is 'sim_1'
INFO: [SIM-utils-72] Using boost library from 'C:/Xilinx/Vivado/2023.2/tps/boost_1_72_0'
INFO: [SIM-utils-54] Inspecting design source files for 'tb_jaguar40' in fileset 'sim_1'...
INFO: [USF-XSim-97] Finding global include files...
INFO: [USF-XSim-98] Fetching design files from 'sim_1'...
INFO: [USF-XSim-2] XSim::Compile design
INFO: [USF-XSim-61] Executing 'COMPILE and ANALYZE' step in 'C:/Users/ferna/OneDrive/Documentos/uergs/trabalhos/computer-organization/first-work/jaguar40/jaguar40.sim/sim_1/behav/xsim'
"xvhdl --incr --relax -prj tb_jaguar40_vhdl.prj"
ECHO est  desativado.
ECHO est  desativado.
INFO: [VRFC 10-163] Analyzing VHDL file "C:/Users/ferna/OneDrive/Documentos/uergs/trabalhos/computer-organization/first-work/jaguar40/jaguar40.srcs/sources_1/new/memory.vhd" into library xil_defaultlib
INFO: [VRFC 10-3107] analyzing entity 'memory'
INFO: [VRFC 10-163] Analyzing VHDL file "C:/Users/ferna/OneDrive/Documentos/uergs/trabalhos/computer-organization/first-work/jaguar40/jaguar40.srcs/sources_1/new/jaguar40.vhd" into library xil_defaultlib
INFO: [VRFC 10-3107] analyzing entity 'jaguar40'
INFO: [VRFC 10-163] Analyzing VHDL file "C:/Users/ferna/OneDrive/Documentos/uergs/trabalhos/computer-organization/first-work/jaguar40/jaguar40.srcs/sim_1/new/tb_jaguar40.vhd" into library xil_defaultlib
INFO: [VRFC 10-3107] analyzing entity 'tb_jaguar40'
INFO: [USF-XSim-69] 'compile' step finished in '3' seconds
INFO: [USF-XSim-3] XSim::Elaborate design
INFO: [USF-XSim-61] Executing 'ELABORATE' step in 'C:/Users/ferna/OneDrive/Documentos/uergs/trabalhos/computer-organization/first-work/jaguar40/jaguar40.sim/sim_1/behav/xsim'
"xelab --incr --debug typical --relax --mt 2 -L xil_defaultlib -L secureip --snapshot tb_jaguar40_behav xil_defaultlib.tb_jaguar40 -log elaborate.log"
ECHO est  desativado.
ECHO est  desativado.
Vivado Simulator v2023.2
Copyright 1986-2022 Xilinx, Inc. All Rights Reserved.
Copyright 2022-2023 Advanced Micro Devices, Inc. All Rights Reserved.
Running: C:/Xilinx/Vivado/2023.2/bin/unwrapped/win64.o/xelab.exe --incr --debug typical --relax --mt 2 -L xil_defaultlib -L secureip --snapshot tb_jaguar40_behav xil_defaultlib.tb_jaguar40 -log elaborate.log 
Using 2 slave threads.
Starting static elaboration
Completed static elaboration
Starting simulation data flow analysis
Completed simulation data flow analysis
Time Resolution for simulation is 1ps
Compiling package std.standard
Compiling package std.textio
Compiling package ieee.std_logic_1164
Compiling package ieee.numeric_std
Compiling package ieee.std_logic_arith
Compiling package ieee.std_logic_unsigned
Compiling architecture behavioral of entity xil_defaultlib.ula [ula_default]
Compiling architecture behavioral of entity xil_defaultlib.register_bank [register_bank_default]
Compiling architecture behavioral of entity xil_defaultlib.pc [pc_default]
Compiling architecture behavioral of entity xil_defaultlib.control_unit [control_unit_default]
Compiling architecture behavioral of entity xil_defaultlib.memory [memory_default]
Compiling architecture behavioral of entity xil_defaultlib.jaguar40 [jaguar40_default]
Compiling architecture behavior of entity xil_defaultlib.tb_jaguar40
Built simulation snapshot tb_jaguar40_behav
INFO: [USF-XSim-69] 'elaborate' step finished in '4' seconds
INFO: [USF-XSim-4] XSim::Simulate design
INFO: [USF-XSim-61] Executing 'SIMULATE' step in 'C:/Users/ferna/OneDrive/Documentos/uergs/trabalhos/computer-organization/first-work/jaguar40/jaguar40.sim/sim_1/behav/xsim'
INFO: [USF-XSim-98] *** Running xsim
   with args "tb_jaguar40_behav -key {Behavioral:sim_1:Functional:tb_jaguar40} -tclbatch {tb_jaguar40.tcl} -view {C:/Users/ferna/OneDrive/Documentos/uergs/trabalhos/computer-organization/first-work/jaguar40/tb_jaguar40_behav.wcfg} -log {simulate.log}"
INFO: [USF-XSim-8] Loading simulator feature
Time resolution is 1 ps
open_wave_config C:/Users/ferna/OneDrive/Documentos/uergs/trabalhos/computer-organization/first-work/jaguar40/tb_jaguar40_behav.wcfg
source tb_jaguar40.tcl
# set curr_wave [current_wave_config]
# if { [string length $curr_wave] == 0 } {
#   if { [llength [get_objects]] > 0} {
#     add_wave /
#     set_property needs_save false [current_wave_config]
#   } else {
#      send_msg_id Add_Wave-1 WARNING "No top level signals found. Simulator will start without a wave window. If you want to open a wave window go to 'File->New Waveform Configuration' or type 'create_wave_config' in the TCL console."
#   }
# }
# run 1000ns
INFO: [USF-XSim-96] XSim completed. Design snapshot 'tb_jaguar40_behav' loaded.
INFO: [USF-XSim-97] XSim simulation ran for 1000ns
launch_simulation: Time (s): cpu = 00:00:04 ; elapsed = 00:00:11 . Memory (MB): peak = 1508.098 ; gain = 66.449
close_sim
INFO: [Simtcl 6-16] Simulation closed
WARNING: [filemgmt 56-199] Attempt to get parsing info during refresh. "On-the-fly" syntax checking information may be incorrect. [C:\Users\ferna\OneDrive\Documentos\uergs\trabalhos\computer-organization\first-work\jaguar40\jaguar40.srcs\sources_1\new\control_unit.vhd:]
WARNING: [filemgmt 56-199] Attempt to get parsing info during refresh. "On-the-fly" syntax checking information may be incorrect. [C:\Users\ferna\OneDrive\Documentos\uergs\trabalhos\computer-organization\first-work\jaguar40\jaguar40.srcs\sources_1\new\jaguar40.vhd:]
WARNING: [filemgmt 56-199] Attempt to get parsing info during refresh. "On-the-fly" syntax checking information may be incorrect. [C:\Users\ferna\OneDrive\Documentos\uergs\trabalhos\computer-organization\first-work\jaguar40\jaguar40.srcs\sources_1\new\control_unit.vhd:]
WARNING: [filemgmt 56-199] Attempt to get parsing info during refresh. "On-the-fly" syntax checking information may be incorrect. [C:\Users\ferna\OneDrive\Documentos\uergs\trabalhos\computer-organization\first-work\jaguar40\jaguar40.srcs\sources_1\new\jaguar40.vhd:]
ERROR: [Common 17-180] Spawn failed: No error
WARNING: [filemgmt 56-199] Attempt to get parsing info during refresh. "On-the-fly" syntax checking information may be incorrect. [C:\Users\ferna\OneDrive\Documentos\uergs\trabalhos\computer-organization\first-work\jaguar40\jaguar40.srcs\sources_1\new\control_unit.vhd:]
WARNING: [filemgmt 56-199] Attempt to get parsing info during refresh. "On-the-fly" syntax checking information may be incorrect. [C:\Users\ferna\OneDrive\Documentos\uergs\trabalhos\computer-organization\first-work\jaguar40\jaguar40.srcs\sources_1\new\jaguar40.vhd:]
ERROR: [Common 17-180] Spawn failed: No error
launch_simulation
Command: launch_simulation 
INFO: [Vivado 12-12493] Simulation top is 'tb_jaguar40'
WARNING: [Vivado 12-13340] Unable to auto find GCC executables from simulator install path! (path not set)
INFO: [Vivado 12-5682] Launching behavioral simulation in 'C:/Users/ferna/OneDrive/Documentos/uergs/trabalhos/computer-organization/first-work/jaguar40/jaguar40.sim/sim_1/behav/xsim'
INFO: [SIM-utils-51] Simulation object is 'sim_1'
INFO: [SIM-utils-72] Using boost library from 'C:/Xilinx/Vivado/2023.2/tps/boost_1_72_0'
INFO: [SIM-utils-54] Inspecting design source files for 'tb_jaguar40' in fileset 'sim_1'...
INFO: [USF-XSim-97] Finding global include files...
INFO: [USF-XSim-98] Fetching design files from 'sim_1'...
INFO: [USF-XSim-2] XSim::Compile design
INFO: [USF-XSim-61] Executing 'COMPILE and ANALYZE' step in 'C:/Users/ferna/OneDrive/Documentos/uergs/trabalhos/computer-organization/first-work/jaguar40/jaguar40.sim/sim_1/behav/xsim'
"xvhdl --incr --relax -prj tb_jaguar40_vhdl.prj"
ECHO est  desativado.
ECHO est  desativado.
INFO: [VRFC 10-163] Analyzing VHDL file "C:/Users/ferna/OneDrive/Documentos/uergs/trabalhos/computer-organization/first-work/jaguar40/jaguar40.srcs/sources_1/new/control_unit.vhd" into library xil_defaultlib
INFO: [VRFC 10-3107] analyzing entity 'control_unit'
INFO: [VRFC 10-163] Analyzing VHDL file "C:/Users/ferna/OneDrive/Documentos/uergs/trabalhos/computer-organization/first-work/jaguar40/jaguar40.srcs/sources_1/new/jaguar40.vhd" into library xil_defaultlib
INFO: [VRFC 10-3107] analyzing entity 'jaguar40'
INFO: [VRFC 10-163] Analyzing VHDL file "C:/Users/ferna/OneDrive/Documentos/uergs/trabalhos/computer-organization/first-work/jaguar40/jaguar40.srcs/sim_1/new/tb_jaguar40.vhd" into library xil_defaultlib
INFO: [VRFC 10-3107] analyzing entity 'tb_jaguar40'
INFO: [USF-XSim-69] 'compile' step finished in '2' seconds
INFO: [USF-XSim-3] XSim::Elaborate design
INFO: [USF-XSim-61] Executing 'ELABORATE' step in 'C:/Users/ferna/OneDrive/Documentos/uergs/trabalhos/computer-organization/first-work/jaguar40/jaguar40.sim/sim_1/behav/xsim'
"xelab --incr --debug typical --relax --mt 2 -L xil_defaultlib -L secureip --snapshot tb_jaguar40_behav xil_defaultlib.tb_jaguar40 -log elaborate.log"
ECHO est  desativado.
ECHO est  desativado.
Vivado Simulator v2023.2
Copyright 1986-2022 Xilinx, Inc. All Rights Reserved.
Copyright 2022-2023 Advanced Micro Devices, Inc. All Rights Reserved.
Running: C:/Xilinx/Vivado/2023.2/bin/unwrapped/win64.o/xelab.exe --incr --debug typical --relax --mt 2 -L xil_defaultlib -L secureip --snapshot tb_jaguar40_behav xil_defaultlib.tb_jaguar40 -log elaborate.log 
Using 2 slave threads.
Starting static elaboration
Completed static elaboration
Starting simulation data flow analysis
Completed simulation data flow analysis
Time Resolution for simulation is 1ps
Compiling package std.standard
Compiling package std.textio
Compiling package ieee.std_logic_1164
Compiling package ieee.numeric_std
Compiling package ieee.std_logic_arith
Compiling package ieee.std_logic_unsigned
Compiling architecture behavioral of entity xil_defaultlib.ula [ula_default]
Compiling architecture behavioral of entity xil_defaultlib.register_bank [register_bank_default]
Compiling architecture behavioral of entity xil_defaultlib.pc [pc_default]
Compiling architecture behavioral of entity xil_defaultlib.control_unit [control_unit_default]
Compiling architecture behavioral of entity xil_defaultlib.memory [memory_default]
Compiling architecture behavioral of entity xil_defaultlib.jaguar40 [jaguar40_default]
Compiling architecture behavior of entity xil_defaultlib.tb_jaguar40
Built simulation snapshot tb_jaguar40_behav
INFO: [USF-XSim-69] 'elaborate' step finished in '5' seconds
INFO: [USF-XSim-4] XSim::Simulate design
INFO: [USF-XSim-61] Executing 'SIMULATE' step in 'C:/Users/ferna/OneDrive/Documentos/uergs/trabalhos/computer-organization/first-work/jaguar40/jaguar40.sim/sim_1/behav/xsim'
INFO: [USF-XSim-98] *** Running xsim
   with args "tb_jaguar40_behav -key {Behavioral:sim_1:Functional:tb_jaguar40} -tclbatch {tb_jaguar40.tcl} -view {C:/Users/ferna/OneDrive/Documentos/uergs/trabalhos/computer-organization/first-work/jaguar40/tb_jaguar40_behav.wcfg} -log {simulate.log}"
INFO: [USF-XSim-8] Loading simulator feature
Time resolution is 1 ps
open_wave_config C:/Users/ferna/OneDrive/Documentos/uergs/trabalhos/computer-organization/first-work/jaguar40/tb_jaguar40_behav.wcfg
source tb_jaguar40.tcl
# set curr_wave [current_wave_config]
# if { [string length $curr_wave] == 0 } {
#   if { [llength [get_objects]] > 0} {
#     add_wave /
#     set_property needs_save false [current_wave_config]
#   } else {
#      send_msg_id Add_Wave-1 WARNING "No top level signals found. Simulator will start without a wave window. If you want to open a wave window go to 'File->New Waveform Configuration' or type 'create_wave_config' in the TCL console."
#   }
# }
# run 1000ns
INFO: [USF-XSim-96] XSim completed. Design snapshot 'tb_jaguar40_behav' loaded.
INFO: [USF-XSim-97] XSim simulation ran for 1000ns
launch_simulation: Time (s): cpu = 00:00:02 ; elapsed = 00:00:10 . Memory (MB): peak = 1524.855 ; gain = 0.000
WARNING: [filemgmt 56-199] Attempt to get parsing info during refresh. "On-the-fly" syntax checking information may be incorrect. [C:\Users\ferna\OneDrive\Documentos\uergs\trabalhos\computer-organization\first-work\jaguar40\jaguar40.srcs\sources_1\new\ula.vhd:]
WARNING: [filemgmt 56-199] Attempt to get parsing info during refresh. "On-the-fly" syntax checking information may be incorrect. [C:\Users\ferna\OneDrive\Documentos\uergs\trabalhos\computer-organization\first-work\jaguar40\jaguar40.srcs\sources_1\new\memory.vhd:]
WARNING: [filemgmt 56-199] Attempt to get parsing info during refresh. "On-the-fly" syntax checking information may be incorrect. [C:\Users\ferna\OneDrive\Documentos\uergs\trabalhos\computer-organization\first-work\jaguar40\jaguar40.srcs\sources_1\new\control_unit.vhd:]
WARNING: [filemgmt 56-199] Attempt to get parsing info during refresh. "On-the-fly" syntax checking information may be incorrect. [C:\Users\ferna\OneDrive\Documentos\uergs\trabalhos\computer-organization\first-work\jaguar40\jaguar40.srcs\sources_1\new\pc.vhd:]
WARNING: [filemgmt 56-199] Attempt to get parsing info during refresh. "On-the-fly" syntax checking information may be incorrect. [C:\Users\ferna\OneDrive\Documentos\uergs\trabalhos\computer-organization\first-work\jaguar40\jaguar40.srcs\sources_1\new\jaguar40.vhd:]
WARNING: [filemgmt 56-199] Attempt to get parsing info during refresh. "On-the-fly" syntax checking information may be incorrect. [C:\Users\ferna\OneDrive\Documentos\uergs\trabalhos\computer-organization\first-work\jaguar40\jaguar40.srcs\sources_1\new\register_bank.vhd:]
WARNING: [filemgmt 56-199] Attempt to get parsing info during refresh. "On-the-fly" syntax checking information may be incorrect. [C:\Users\ferna\OneDrive\Documentos\uergs\trabalhos\computer-organization\first-work\jaguar40\jaguar40.srcs\sources_1\new\ula.vhd:]
WARNING: [filemgmt 56-199] Attempt to get parsing info during refresh. "On-the-fly" syntax checking information may be incorrect. [C:\Users\ferna\OneDrive\Documentos\uergs\trabalhos\computer-organization\first-work\jaguar40\jaguar40.srcs\sources_1\new\memory.vhd:]
WARNING: [filemgmt 56-199] Attempt to get parsing info during refresh. "On-the-fly" syntax checking information may be incorrect. [C:\Users\ferna\OneDrive\Documentos\uergs\trabalhos\computer-organization\first-work\jaguar40\jaguar40.srcs\sources_1\new\control_unit.vhd:]
WARNING: [filemgmt 56-199] Attempt to get parsing info during refresh. "On-the-fly" syntax checking information may be incorrect. [C:\Users\ferna\OneDrive\Documentos\uergs\trabalhos\computer-organization\first-work\jaguar40\jaguar40.srcs\sources_1\new\pc.vhd:]
WARNING: [filemgmt 56-199] Attempt to get parsing info during refresh. "On-the-fly" syntax checking information may be incorrect. [C:\Users\ferna\OneDrive\Documentos\uergs\trabalhos\computer-organization\first-work\jaguar40\jaguar40.srcs\sources_1\new\jaguar40.vhd:]
WARNING: [filemgmt 56-199] Attempt to get parsing info during refresh. "On-the-fly" syntax checking information may be incorrect. [C:\Users\ferna\OneDrive\Documentos\uergs\trabalhos\computer-organization\first-work\jaguar40\jaguar40.srcs\sources_1\new\register_bank.vhd:]
WARNING: [filemgmt 56-199] Attempt to get parsing info during refresh. "On-the-fly" syntax checking information may be incorrect. [C:\Users\ferna\OneDrive\Documentos\uergs\trabalhos\computer-organization\first-work\jaguar40\jaguar40.srcs\sources_1\new\ula.vhd:]
WARNING: [filemgmt 56-199] Attempt to get parsing info during refresh. "On-the-fly" syntax checking information may be incorrect. [C:\Users\ferna\OneDrive\Documentos\uergs\trabalhos\computer-organization\first-work\jaguar40\jaguar40.srcs\sources_1\new\memory.vhd:]
WARNING: [filemgmt 56-199] Attempt to get parsing info during refresh. "On-the-fly" syntax checking information may be incorrect. [C:\Users\ferna\OneDrive\Documentos\uergs\trabalhos\computer-organization\first-work\jaguar40\jaguar40.srcs\sources_1\new\control_unit.vhd:]
WARNING: [filemgmt 56-199] Attempt to get parsing info during refresh. "On-the-fly" syntax checking information may be incorrect. [C:\Users\ferna\OneDrive\Documentos\uergs\trabalhos\computer-organization\first-work\jaguar40\jaguar40.srcs\sources_1\new\pc.vhd:]
WARNING: [filemgmt 56-199] Attempt to get parsing info during refresh. "On-the-fly" syntax checking information may be incorrect. [C:\Users\ferna\OneDrive\Documentos\uergs\trabalhos\computer-organization\first-work\jaguar40\jaguar40.srcs\sources_1\new\jaguar40.vhd:]
WARNING: [filemgmt 56-199] Attempt to get parsing info during refresh. "On-the-fly" syntax checking information may be incorrect. [C:\Users\ferna\OneDrive\Documentos\uergs\trabalhos\computer-organization\first-work\jaguar40\jaguar40.srcs\sources_1\new\register_bank.vhd:]
ERROR: [Common 17-180] Spawn failed: No error
WARNING: [filemgmt 56-199] Attempt to get parsing info during refresh. "On-the-fly" syntax checking information may be incorrect. [C:\Users\ferna\OneDrive\Documentos\uergs\trabalhos\computer-organization\first-work\jaguar40\jaguar40.srcs\sources_1\new\ula.vhd:]
WARNING: [filemgmt 56-199] Attempt to get parsing info during refresh. "On-the-fly" syntax checking information may be incorrect. [C:\Users\ferna\OneDrive\Documentos\uergs\trabalhos\computer-organization\first-work\jaguar40\jaguar40.srcs\sources_1\new\memory.vhd:]
WARNING: [filemgmt 56-199] Attempt to get parsing info during refresh. "On-the-fly" syntax checking information may be incorrect. [C:\Users\ferna\OneDrive\Documentos\uergs\trabalhos\computer-organization\first-work\jaguar40\jaguar40.srcs\sources_1\new\control_unit.vhd:]
WARNING: [filemgmt 56-199] Attempt to get parsing info during refresh. "On-the-fly" syntax checking information may be incorrect. [C:\Users\ferna\OneDrive\Documentos\uergs\trabalhos\computer-organization\first-work\jaguar40\jaguar40.srcs\sources_1\new\pc.vhd:]
WARNING: [filemgmt 56-199] Attempt to get parsing info during refresh. "On-the-fly" syntax checking information may be incorrect. [C:\Users\ferna\OneDrive\Documentos\uergs\trabalhos\computer-organization\first-work\jaguar40\jaguar40.srcs\sources_1\new\jaguar40.vhd:]
WARNING: [filemgmt 56-199] Attempt to get parsing info during refresh. "On-the-fly" syntax checking information may be incorrect. [C:\Users\ferna\OneDrive\Documentos\uergs\trabalhos\computer-organization\first-work\jaguar40\jaguar40.srcs\sources_1\new\register_bank.vhd:]
ERROR: [Common 17-180] Spawn failed: No error
ERROR: [Common 17-180] Spawn failed: No error
WARNING: [filemgmt 56-199] Attempt to get parsing info during refresh. "On-the-fly" syntax checking information may be incorrect. [C:\Users\ferna\OneDrive\Documentos\uergs\trabalhos\computer-organization\first-work\jaguar40\jaguar40.srcs\sources_1\new\ula.vhd:]
WARNING: [filemgmt 56-199] Attempt to get parsing info during refresh. "On-the-fly" syntax checking information may be incorrect. [C:\Users\ferna\OneDrive\Documentos\uergs\trabalhos\computer-organization\first-work\jaguar40\jaguar40.srcs\sources_1\new\memory.vhd:]
WARNING: [filemgmt 56-199] Attempt to get parsing info during refresh. "On-the-fly" syntax checking information may be incorrect. [C:\Users\ferna\OneDrive\Documentos\uergs\trabalhos\computer-organization\first-work\jaguar40\jaguar40.srcs\sources_1\new\control_unit.vhd:]
WARNING: [filemgmt 56-199] Attempt to get parsing info during refresh. "On-the-fly" syntax checking information may be incorrect. [C:\Users\ferna\OneDrive\Documentos\uergs\trabalhos\computer-organization\first-work\jaguar40\jaguar40.srcs\sources_1\new\ula.vhd:]
WARNING: [filemgmt 56-199] Attempt to get parsing info during refresh. "On-the-fly" syntax checking information may be incorrect. [C:\Users\ferna\OneDrive\Documentos\uergs\trabalhos\computer-organization\first-work\jaguar40\jaguar40.srcs\sources_1\new\memory.vhd:]
WARNING: [filemgmt 56-199] Attempt to get parsing info during refresh. "On-the-fly" syntax checking information may be incorrect. [C:\Users\ferna\OneDrive\Documentos\uergs\trabalhos\computer-organization\first-work\jaguar40\jaguar40.srcs\sources_1\new\control_unit.vhd:]
WARNING: [filemgmt 56-199] Attempt to get parsing info during refresh. "On-the-fly" syntax checking information may be incorrect. [C:\Users\ferna\OneDrive\Documentos\uergs\trabalhos\computer-organization\first-work\jaguar40\jaguar40.srcs\sources_1\new\pc.vhd:]
WARNING: [filemgmt 56-199] Attempt to get parsing info during refresh. "On-the-fly" syntax checking information may be incorrect. [C:\Users\ferna\OneDrive\Documentos\uergs\trabalhos\computer-organization\first-work\jaguar40\jaguar40.srcs\sources_1\new\jaguar40.vhd:]
WARNING: [filemgmt 56-199] Attempt to get parsing info during refresh. "On-the-fly" syntax checking information may be incorrect. [C:\Users\ferna\OneDrive\Documentos\uergs\trabalhos\computer-organization\first-work\jaguar40\jaguar40.srcs\sources_1\new\register_bank.vhd:]
WARNING: [filemgmt 56-199] Attempt to get parsing info during refresh. "On-the-fly" syntax checking information may be incorrect. [C:\Users\ferna\OneDrive\Documentos\uergs\trabalhos\computer-organization\first-work\jaguar40\jaguar40.srcs\sources_1\new\ula.vhd:]
WARNING: [filemgmt 56-199] Attempt to get parsing info during refresh. "On-the-fly" syntax checking information may be incorrect. [C:\Users\ferna\OneDrive\Documentos\uergs\trabalhos\computer-organization\first-work\jaguar40\jaguar40.srcs\sources_1\new\memory.vhd:]
WARNING: [filemgmt 56-199] Attempt to get parsing info during refresh. "On-the-fly" syntax checking information may be incorrect. [C:\Users\ferna\OneDrive\Documentos\uergs\trabalhos\computer-organization\first-work\jaguar40\jaguar40.srcs\sources_1\new\control_unit.vhd:]
WARNING: [filemgmt 56-199] Attempt to get parsing info during refresh. "On-the-fly" syntax checking information may be incorrect. [C:\Users\ferna\OneDrive\Documentos\uergs\trabalhos\computer-organization\first-work\jaguar40\jaguar40.srcs\sources_1\new\pc.vhd:]
WARNING: [filemgmt 56-199] Attempt to get parsing info during refresh. "On-the-fly" syntax checking information may be incorrect. [C:\Users\ferna\OneDrive\Documentos\uergs\trabalhos\computer-organization\first-work\jaguar40\jaguar40.srcs\sources_1\new\jaguar40.vhd:]
WARNING: [filemgmt 56-199] Attempt to get parsing info during refresh. "On-the-fly" syntax checking information may be incorrect. [C:\Users\ferna\OneDrive\Documentos\uergs\trabalhos\computer-organization\first-work\jaguar40\jaguar40.srcs\sources_1\new\register_bank.vhd:]
WARNING: [filemgmt 56-199] Attempt to get parsing info during refresh. "On-the-fly" syntax checking information may be incorrect. [C:\Users\ferna\OneDrive\Documentos\uergs\trabalhos\computer-organization\first-work\jaguar40\jaguar40.srcs\sources_1\new\ula.vhd:]
WARNING: [filemgmt 56-199] Attempt to get parsing info during refresh. "On-the-fly" syntax checking information may be incorrect. [C:\Users\ferna\OneDrive\Documentos\uergs\trabalhos\computer-organization\first-work\jaguar40\jaguar40.srcs\sources_1\new\memory.vhd:]
WARNING: [filemgmt 56-199] Attempt to get parsing info during refresh. "On-the-fly" syntax checking information may be incorrect. [C:\Users\ferna\OneDrive\Documentos\uergs\trabalhos\computer-organization\first-work\jaguar40\jaguar40.srcs\sources_1\new\control_unit.vhd:]
WARNING: [filemgmt 56-199] Attempt to get parsing info during refresh. "On-the-fly" syntax checking information may be incorrect. [C:\Users\ferna\OneDrive\Documentos\uergs\trabalhos\computer-organization\first-work\jaguar40\jaguar40.srcs\sources_1\new\pc.vhd:]
WARNING: [filemgmt 56-199] Attempt to get parsing info during refresh. "On-the-fly" syntax checking information may be incorrect. [C:\Users\ferna\OneDrive\Documentos\uergs\trabalhos\computer-organization\first-work\jaguar40\jaguar40.srcs\sources_1\new\jaguar40.vhd:]
WARNING: [filemgmt 56-199] Attempt to get parsing info during refresh. "On-the-fly" syntax checking information may be incorrect. [C:\Users\ferna\OneDrive\Documentos\uergs\trabalhos\computer-organization\first-work\jaguar40\jaguar40.srcs\sources_1\new\register_bank.vhd:]
relaunch_sim
Command: launch_simulation -step compile -simset sim_1 -mode behavioral
INFO: [Vivado 12-12493] Simulation top is 'tb_jaguar40'
WARNING: [Vivado 12-13340] Unable to auto find GCC executables from simulator install path! (path not set)
INFO: [Vivado 12-5682] Launching behavioral simulation in 'C:/Users/ferna/OneDrive/Documentos/uergs/trabalhos/computer-organization/first-work/jaguar40/jaguar40.sim/sim_1/behav/xsim'
INFO: [SIM-utils-51] Simulation object is 'sim_1'
INFO: [SIM-utils-72] Using boost library from 'C:/Xilinx/Vivado/2023.2/tps/boost_1_72_0'
INFO: [SIM-utils-54] Inspecting design source files for 'tb_jaguar40' in fileset 'sim_1'...
INFO: [USF-XSim-97] Finding global include files...
INFO: [USF-XSim-98] Fetching design files from 'sim_1'...
INFO: [USF-XSim-2] XSim::Compile design
INFO: [USF-XSim-61] Executing 'COMPILE and ANALYZE' step in 'C:/Users/ferna/OneDrive/Documentos/uergs/trabalhos/computer-organization/first-work/jaguar40/jaguar40.sim/sim_1/behav/xsim'
"xvhdl --incr --relax -prj tb_jaguar40_vhdl.prj"
ECHO est  desativado.
ECHO est  desativado.
INFO: [VRFC 10-163] Analyzing VHDL file "C:/Users/ferna/OneDrive/Documentos/uergs/trabalhos/computer-organization/first-work/jaguar40/jaguar40.srcs/sources_1/new/memory.vhd" into library xil_defaultlib
INFO: [VRFC 10-3107] analyzing entity 'memory'
ERROR: [VRFC 10-3214] character 'F' is not in element type 'std_ulogic' [C:/Users/ferna/OneDrive/Documentos/uergs/trabalhos/computer-organization/first-work/jaguar40/jaguar40.srcs/sources_1/new/memory.vhd:67]
ERROR: [VRFC 10-9458] unit 'behavioral' is ignored due to previous errors [C:/Users/ferna/OneDrive/Documentos/uergs/trabalhos/computer-organization/first-work/jaguar40/jaguar40.srcs/sources_1/new/memory.vhd:37]
INFO: [VRFC 10-8704] VHDL file 'C:/Users/ferna/OneDrive/Documentos/uergs/trabalhos/computer-organization/first-work/jaguar40/jaguar40.srcs/sources_1/new/memory.vhd' is ignored due to errors
INFO: [USF-XSim-69] 'compile' step finished in '2' seconds
INFO: [USF-XSim-99] Step results log file:'C:/Users/ferna/OneDrive/Documentos/uergs/trabalhos/computer-organization/first-work/jaguar40/jaguar40.sim/sim_1/behav/xsim/xvhdl.log'
ERROR: [USF-XSim-62] 'compile' step failed with error(s). Please check the Tcl console output or 'C:/Users/ferna/OneDrive/Documentos/uergs/trabalhos/computer-organization/first-work/jaguar40/jaguar40.sim/sim_1/behav/xsim/xvhdl.log' file for more information.
ERROR: [Vivado 12-4473] Detected error while running simulation. Please correct the issue and retry this operation.
ERROR: [Common 17-39] 'launch_simulation' failed due to earlier errors.
ERROR: [Common 17-69] Command failed: ERROR: [Common 17-39] 'launch_simulation' failed due to earlier errors.

WARNING: [filemgmt 56-199] Attempt to get parsing info during refresh. "On-the-fly" syntax checking information may be incorrect. [C:\Users\ferna\OneDrive\Documentos\uergs\trabalhos\computer-organization\first-work\jaguar40\jaguar40.srcs\sources_1\new\ula.vhd:]
WARNING: [filemgmt 56-199] Attempt to get parsing info during refresh. "On-the-fly" syntax checking information may be incorrect. [C:\Users\ferna\OneDrive\Documentos\uergs\trabalhos\computer-organization\first-work\jaguar40\jaguar40.srcs\sources_1\new\memory.vhd:]
WARNING: [filemgmt 56-199] Attempt to get parsing info during refresh. "On-the-fly" syntax checking information may be incorrect. [C:\Users\ferna\OneDrive\Documentos\uergs\trabalhos\computer-organization\first-work\jaguar40\jaguar40.srcs\sources_1\new\control_unit.vhd:]
WARNING: [filemgmt 56-199] Attempt to get parsing info during refresh. "On-the-fly" syntax checking information may be incorrect. [C:\Users\ferna\OneDrive\Documentos\uergs\trabalhos\computer-organization\first-work\jaguar40\jaguar40.srcs\sources_1\new\pc.vhd:]
WARNING: [filemgmt 56-199] Attempt to get parsing info during refresh. "On-the-fly" syntax checking information may be incorrect. [C:\Users\ferna\OneDrive\Documentos\uergs\trabalhos\computer-organization\first-work\jaguar40\jaguar40.srcs\sources_1\new\jaguar40.vhd:]
WARNING: [filemgmt 56-199] Attempt to get parsing info during refresh. "On-the-fly" syntax checking information may be incorrect. [C:\Users\ferna\OneDrive\Documentos\uergs\trabalhos\computer-organization\first-work\jaguar40\jaguar40.srcs\sources_1\new\register_bank.vhd:]
WARNING: [filemgmt 56-199] Attempt to get parsing info during refresh. "On-the-fly" syntax checking information may be incorrect. [C:\Users\ferna\OneDrive\Documentos\uergs\trabalhos\computer-organization\first-work\jaguar40\jaguar40.srcs\sources_1\new\ula.vhd:]
WARNING: [filemgmt 56-199] Attempt to get parsing info during refresh. "On-the-fly" syntax checking information may be incorrect. [C:\Users\ferna\OneDrive\Documentos\uergs\trabalhos\computer-organization\first-work\jaguar40\jaguar40.srcs\sources_1\new\memory.vhd:]
WARNING: [filemgmt 56-199] Attempt to get parsing info during refresh. "On-the-fly" syntax checking information may be incorrect. [C:\Users\ferna\OneDrive\Documentos\uergs\trabalhos\computer-organization\first-work\jaguar40\jaguar40.srcs\sources_1\new\control_unit.vhd:]
WARNING: [filemgmt 56-199] Attempt to get parsing info during refresh. "On-the-fly" syntax checking information may be incorrect. [C:\Users\ferna\OneDrive\Documentos\uergs\trabalhos\computer-organization\first-work\jaguar40\jaguar40.srcs\sources_1\new\pc.vhd:]
WARNING: [filemgmt 56-199] Attempt to get parsing info during refresh. "On-the-fly" syntax checking information may be incorrect. [C:\Users\ferna\OneDrive\Documentos\uergs\trabalhos\computer-organization\first-work\jaguar40\jaguar40.srcs\sources_1\new\jaguar40.vhd:]
WARNING: [filemgmt 56-199] Attempt to get parsing info during refresh. "On-the-fly" syntax checking information may be incorrect. [C:\Users\ferna\OneDrive\Documentos\uergs\trabalhos\computer-organization\first-work\jaguar40\jaguar40.srcs\sources_1\new\register_bank.vhd:]
WARNING: [filemgmt 56-199] Attempt to get parsing info during refresh. "On-the-fly" syntax checking information may be incorrect. [C:\Users\ferna\OneDrive\Documentos\uergs\trabalhos\computer-organization\first-work\jaguar40\jaguar40.srcs\sources_1\new\ula.vhd:]
WARNING: [filemgmt 56-199] Attempt to get parsing info during refresh. "On-the-fly" syntax checking information may be incorrect. [C:\Users\ferna\OneDrive\Documentos\uergs\trabalhos\computer-organization\first-work\jaguar40\jaguar40.srcs\sources_1\new\memory.vhd:]
WARNING: [filemgmt 56-199] Attempt to get parsing info during refresh. "On-the-fly" syntax checking information may be incorrect. [C:\Users\ferna\OneDrive\Documentos\uergs\trabalhos\computer-organization\first-work\jaguar40\jaguar40.srcs\sources_1\new\control_unit.vhd:]
WARNING: [filemgmt 56-199] Attempt to get parsing info during refresh. "On-the-fly" syntax checking information may be incorrect. [C:\Users\ferna\OneDrive\Documentos\uergs\trabalhos\computer-organization\first-work\jaguar40\jaguar40.srcs\sources_1\new\pc.vhd:]
WARNING: [filemgmt 56-199] Attempt to get parsing info during refresh. "On-the-fly" syntax checking information may be incorrect. [C:\Users\ferna\OneDrive\Documentos\uergs\trabalhos\computer-organization\first-work\jaguar40\jaguar40.srcs\sources_1\new\jaguar40.vhd:]
WARNING: [filemgmt 56-199] Attempt to get parsing info during refresh. "On-the-fly" syntax checking information may be incorrect. [C:\Users\ferna\OneDrive\Documentos\uergs\trabalhos\computer-organization\first-work\jaguar40\jaguar40.srcs\sources_1\new\register_bank.vhd:]
relaunch_sim
Command: launch_simulation -step compile -simset sim_1 -mode behavioral
INFO: [Vivado 12-12493] Simulation top is 'tb_jaguar40'
WARNING: [Vivado 12-13340] Unable to auto find GCC executables from simulator install path! (path not set)
INFO: [Vivado 12-5682] Launching behavioral simulation in 'C:/Users/ferna/OneDrive/Documentos/uergs/trabalhos/computer-organization/first-work/jaguar40/jaguar40.sim/sim_1/behav/xsim'
INFO: [SIM-utils-51] Simulation object is 'sim_1'
INFO: [USF-XSim-2] XSim::Compile design
INFO: [USF-XSim-61] Executing 'COMPILE and ANALYZE' step in 'C:/Users/ferna/OneDrive/Documentos/uergs/trabalhos/computer-organization/first-work/jaguar40/jaguar40.sim/sim_1/behav/xsim'
ERROR: [Common 17-180] Spawn failed: No error
WARNING: [filemgmt 56-199] Attempt to get parsing info during refresh. "On-the-fly" syntax checking information may be incorrect. [C:\Users\ferna\OneDrive\Documentos\uergs\trabalhos\computer-organization\first-work\jaguar40\jaguar40.srcs\sources_1\new\ula.vhd:]
WARNING: [filemgmt 56-199] Attempt to get parsing info during refresh. "On-the-fly" syntax checking information may be incorrect. [C:\Users\ferna\OneDrive\Documentos\uergs\trabalhos\computer-organization\first-work\jaguar40\jaguar40.srcs\sources_1\new\memory.vhd:]
WARNING: [filemgmt 56-199] Attempt to get parsing info during refresh. "On-the-fly" syntax checking information may be incorrect. [C:\Users\ferna\OneDrive\Documentos\uergs\trabalhos\computer-organization\first-work\jaguar40\jaguar40.srcs\sources_1\new\control_unit.vhd:]
WARNING: [filemgmt 56-199] Attempt to get parsing info during refresh. "On-the-fly" syntax checking information may be incorrect. [C:\Users\ferna\OneDrive\Documentos\uergs\trabalhos\computer-organization\first-work\jaguar40\jaguar40.srcs\sources_1\new\pc.vhd:]
WARNING: [filemgmt 56-199] Attempt to get parsing info during refresh. "On-the-fly" syntax checking information may be incorrect. [C:\Users\ferna\OneDrive\Documentos\uergs\trabalhos\computer-organization\first-work\jaguar40\jaguar40.srcs\sources_1\new\jaguar40.vhd:]
WARNING: [filemgmt 56-199] Attempt to get parsing info during refresh. "On-the-fly" syntax checking information may be incorrect. [C:\Users\ferna\OneDrive\Documentos\uergs\trabalhos\computer-organization\first-work\jaguar40\jaguar40.srcs\sources_1\new\register_bank.vhd:]
ERROR: [Common 17-180] Spawn failed: No error
ERROR: [Common 17-180] Spawn failed: No error
"xvhdl --incr --relax -prj tb_jaguar40_vhdl.prj"
ECHO est  desativado.
ECHO est  desativado.
INFO: [VRFC 10-163] Analyzing VHDL file "C:/Users/ferna/OneDrive/Documentos/uergs/trabalhos/computer-organization/first-work/jaguar40/jaguar40.srcs/sources_1/new/memory.vhd" into library xil_defaultlib
INFO: [VRFC 10-3107] analyzing entity 'memory'
INFO: [VRFC 10-163] Analyzing VHDL file "C:/Users/ferna/OneDrive/Documentos/uergs/trabalhos/computer-organization/first-work/jaguar40/jaguar40.srcs/sources_1/new/jaguar40.vhd" into library xil_defaultlib
INFO: [VRFC 10-3107] analyzing entity 'jaguar40'
INFO: [VRFC 10-163] Analyzing VHDL file "C:/Users/ferna/OneDrive/Documentos/uergs/trabalhos/computer-organization/first-work/jaguar40/jaguar40.srcs/sim_1/new/tb_jaguar40.vhd" into library xil_defaultlib
INFO: [VRFC 10-3107] analyzing entity 'tb_jaguar40'
INFO: [USF-XSim-69] 'compile' step finished in '2' seconds
ERROR: [USF-XSim-62] 'compile' step failed with error(s) while executing 'C:/Users/ferna/OneDrive/Documentos/uergs/trabalhos/computer-organization/first-work/jaguar40/jaguar40.sim/sim_1/behav/xsim/compile.bat' script. Please check that the file has the correct 'read/write/execute' permissions and the Tcl console output for any other possible errors or warnings.
ERROR: [Vivado 12-4473] Detected error while running simulation. Please correct the issue and retry this operation.
ERROR: [Common 17-39] 'launch_simulation' failed due to earlier errors.
ERROR: [Common 17-69] Command failed: ERROR: [Common 17-39] 'launch_simulation' failed due to earlier errors.

close_sim
INFO: [Simtcl 6-16] Simulation closed
launch_simulation
Command: launch_simulation 
INFO: [Vivado 12-12493] Simulation top is 'tb_jaguar40'
WARNING: [Vivado 12-13340] Unable to auto find GCC executables from simulator install path! (path not set)
INFO: [Vivado 12-5682] Launching behavioral simulation in 'C:/Users/ferna/OneDrive/Documentos/uergs/trabalhos/computer-organization/first-work/jaguar40/jaguar40.sim/sim_1/behav/xsim'
INFO: [SIM-utils-51] Simulation object is 'sim_1'
INFO: [SIM-utils-72] Using boost library from 'C:/Xilinx/Vivado/2023.2/tps/boost_1_72_0'
INFO: [SIM-utils-54] Inspecting design source files for 'tb_jaguar40' in fileset 'sim_1'...
INFO: [USF-XSim-97] Finding global include files...
INFO: [USF-XSim-98] Fetching design files from 'sim_1'...
INFO: [USF-XSim-2] XSim::Compile design
INFO: [USF-XSim-61] Executing 'COMPILE and ANALYZE' step in 'C:/Users/ferna/OneDrive/Documentos/uergs/trabalhos/computer-organization/first-work/jaguar40/jaguar40.sim/sim_1/behav/xsim'
"xvhdl --incr --relax -prj tb_jaguar40_vhdl.prj"
ECHO est  desativado.
ECHO est  desativado.
INFO: [VRFC 10-163] Analyzing VHDL file "C:/Users/ferna/OneDrive/Documentos/uergs/trabalhos/computer-organization/first-work/jaguar40/jaguar40.srcs/sources_1/new/jaguar40.vhd" into library xil_defaultlib
INFO: [VRFC 10-3107] analyzing entity 'jaguar40'
INFO: [VRFC 10-163] Analyzing VHDL file "C:/Users/ferna/OneDrive/Documentos/uergs/trabalhos/computer-organization/first-work/jaguar40/jaguar40.srcs/sim_1/new/tb_jaguar40.vhd" into library xil_defaultlib
INFO: [VRFC 10-3107] analyzing entity 'tb_jaguar40'
INFO: [USF-XSim-69] 'compile' step finished in '2' seconds
INFO: [USF-XSim-3] XSim::Elaborate design
INFO: [USF-XSim-61] Executing 'ELABORATE' step in 'C:/Users/ferna/OneDrive/Documentos/uergs/trabalhos/computer-organization/first-work/jaguar40/jaguar40.sim/sim_1/behav/xsim'
"xelab --incr --debug typical --relax --mt 2 -L xil_defaultlib -L secureip --snapshot tb_jaguar40_behav xil_defaultlib.tb_jaguar40 -log elaborate.log"
ECHO est  desativado.
ECHO est  desativado.
Vivado Simulator v2023.2
Copyright 1986-2022 Xilinx, Inc. All Rights Reserved.
Copyright 2022-2023 Advanced Micro Devices, Inc. All Rights Reserved.
Running: C:/Xilinx/Vivado/2023.2/bin/unwrapped/win64.o/xelab.exe --incr --debug typical --relax --mt 2 -L xil_defaultlib -L secureip --snapshot tb_jaguar40_behav xil_defaultlib.tb_jaguar40 -log elaborate.log 
Using 2 slave threads.
Starting static elaboration
Completed static elaboration
Starting simulation data flow analysis
Completed simulation data flow analysis
Time Resolution for simulation is 1ps
Compiling package std.standard
Compiling package std.textio
Compiling package ieee.std_logic_1164
Compiling package ieee.numeric_std
Compiling package ieee.std_logic_arith
Compiling package ieee.std_logic_unsigned
Compiling architecture behavioral of entity xil_defaultlib.ula [ula_default]
Compiling architecture behavioral of entity xil_defaultlib.register_bank [register_bank_default]
Compiling architecture behavioral of entity xil_defaultlib.pc [pc_default]
Compiling architecture behavioral of entity xil_defaultlib.control_unit [control_unit_default]
Compiling architecture behavioral of entity xil_defaultlib.memory [memory_default]
Compiling architecture behavioral of entity xil_defaultlib.jaguar40 [jaguar40_default]
Compiling architecture behavior of entity xil_defaultlib.tb_jaguar40
Built simulation snapshot tb_jaguar40_behav
INFO: [USF-XSim-69] 'elaborate' step finished in '3' seconds
INFO: [USF-XSim-4] XSim::Simulate design
INFO: [USF-XSim-61] Executing 'SIMULATE' step in 'C:/Users/ferna/OneDrive/Documentos/uergs/trabalhos/computer-organization/first-work/jaguar40/jaguar40.sim/sim_1/behav/xsim'
INFO: [USF-XSim-98] *** Running xsim
   with args "tb_jaguar40_behav -key {Behavioral:sim_1:Functional:tb_jaguar40} -tclbatch {tb_jaguar40.tcl} -view {C:/Users/ferna/OneDrive/Documentos/uergs/trabalhos/computer-organization/first-work/jaguar40/tb_jaguar40_behav.wcfg} -log {simulate.log}"
INFO: [USF-XSim-8] Loading simulator feature
Time resolution is 1 ps
open_wave_config C:/Users/ferna/OneDrive/Documentos/uergs/trabalhos/computer-organization/first-work/jaguar40/tb_jaguar40_behav.wcfg
source tb_jaguar40.tcl
# set curr_wave [current_wave_config]
# if { [string length $curr_wave] == 0 } {
#   if { [llength [get_objects]] > 0} {
#     add_wave /
#     set_property needs_save false [current_wave_config]
#   } else {
#      send_msg_id Add_Wave-1 WARNING "No top level signals found. Simulator will start without a wave window. If you want to open a wave window go to 'File->New Waveform Configuration' or type 'create_wave_config' in the TCL console."
#   }
# }
# run 1000ns
INFO: [USF-XSim-96] XSim completed. Design snapshot 'tb_jaguar40_behav' loaded.
INFO: [USF-XSim-97] XSim simulation ran for 1000ns
launch_simulation: Time (s): cpu = 00:00:01 ; elapsed = 00:00:08 . Memory (MB): peak = 1547.836 ; gain = 0.000
WARNING: [filemgmt 56-199] Attempt to get parsing info during refresh. "On-the-fly" syntax checking information may be incorrect. [C:\Users\ferna\OneDrive\Documentos\uergs\trabalhos\computer-organization\first-work\jaguar40\jaguar40.srcs\sources_1\new\ula.vhd:]
WARNING: [filemgmt 56-199] Attempt to get parsing info during refresh. "On-the-fly" syntax checking information may be incorrect. [C:\Users\ferna\OneDrive\Documentos\uergs\trabalhos\computer-organization\first-work\jaguar40\jaguar40.srcs\sources_1\new\memory.vhd:]
WARNING: [filemgmt 56-199] Attempt to get parsing info during refresh. "On-the-fly" syntax checking information may be incorrect. [C:\Users\ferna\OneDrive\Documentos\uergs\trabalhos\computer-organization\first-work\jaguar40\jaguar40.srcs\sources_1\new\control_unit.vhd:]
WARNING: [filemgmt 56-199] Attempt to get parsing info during refresh. "On-the-fly" syntax checking information may be incorrect. [C:\Users\ferna\OneDrive\Documentos\uergs\trabalhos\computer-organization\first-work\jaguar40\jaguar40.srcs\sources_1\new\pc.vhd:]
WARNING: [filemgmt 56-199] Attempt to get parsing info during refresh. "On-the-fly" syntax checking information may be incorrect. [C:\Users\ferna\OneDrive\Documentos\uergs\trabalhos\computer-organization\first-work\jaguar40\jaguar40.srcs\sources_1\new\jaguar40.vhd:]
WARNING: [filemgmt 56-199] Attempt to get parsing info during refresh. "On-the-fly" syntax checking information may be incorrect. [C:\Users\ferna\OneDrive\Documentos\uergs\trabalhos\computer-organization\first-work\jaguar40\jaguar40.srcs\sources_1\new\register_bank.vhd:]
WARNING: [filemgmt 56-199] Attempt to get parsing info during refresh. "On-the-fly" syntax checking information may be incorrect. [C:\Users\ferna\OneDrive\Documentos\uergs\trabalhos\computer-organization\first-work\jaguar40\jaguar40.srcs\sources_1\new\ula.vhd:]
WARNING: [filemgmt 56-199] Attempt to get parsing info during refresh. "On-the-fly" syntax checking information may be incorrect. [C:\Users\ferna\OneDrive\Documentos\uergs\trabalhos\computer-organization\first-work\jaguar40\jaguar40.srcs\sources_1\new\memory.vhd:]
WARNING: [filemgmt 56-199] Attempt to get parsing info during refresh. "On-the-fly" syntax checking information may be incorrect. [C:\Users\ferna\OneDrive\Documentos\uergs\trabalhos\computer-organization\first-work\jaguar40\jaguar40.srcs\sources_1\new\control_unit.vhd:]
WARNING: [filemgmt 56-199] Attempt to get parsing info during refresh. "On-the-fly" syntax checking information may be incorrect. [C:\Users\ferna\OneDrive\Documentos\uergs\trabalhos\computer-organization\first-work\jaguar40\jaguar40.srcs\sources_1\new\pc.vhd:]
WARNING: [filemgmt 56-199] Attempt to get parsing info during refresh. "On-the-fly" syntax checking information may be incorrect. [C:\Users\ferna\OneDrive\Documentos\uergs\trabalhos\computer-organization\first-work\jaguar40\jaguar40.srcs\sources_1\new\jaguar40.vhd:]
WARNING: [filemgmt 56-199] Attempt to get parsing info during refresh. "On-the-fly" syntax checking information may be incorrect. [C:\Users\ferna\OneDrive\Documentos\uergs\trabalhos\computer-organization\first-work\jaguar40\jaguar40.srcs\sources_1\new\register_bank.vhd:]
WARNING: [filemgmt 56-199] Attempt to get parsing info during refresh. "On-the-fly" syntax checking information may be incorrect. [C:\Users\ferna\OneDrive\Documentos\uergs\trabalhos\computer-organization\first-work\jaguar40\jaguar40.srcs\sources_1\new\ula.vhd:]
WARNING: [filemgmt 56-199] Attempt to get parsing info during refresh. "On-the-fly" syntax checking information may be incorrect. [C:\Users\ferna\OneDrive\Documentos\uergs\trabalhos\computer-organization\first-work\jaguar40\jaguar40.srcs\sources_1\new\memory.vhd:]
WARNING: [filemgmt 56-199] Attempt to get parsing info during refresh. "On-the-fly" syntax checking information may be incorrect. [C:\Users\ferna\OneDrive\Documentos\uergs\trabalhos\computer-organization\first-work\jaguar40\jaguar40.srcs\sources_1\new\control_unit.vhd:]
WARNING: [filemgmt 56-199] Attempt to get parsing info during refresh. "On-the-fly" syntax checking information may be incorrect. [C:\Users\ferna\OneDrive\Documentos\uergs\trabalhos\computer-organization\first-work\jaguar40\jaguar40.srcs\sources_1\new\pc.vhd:]
WARNING: [filemgmt 56-199] Attempt to get parsing info during refresh. "On-the-fly" syntax checking information may be incorrect. [C:\Users\ferna\OneDrive\Documentos\uergs\trabalhos\computer-organization\first-work\jaguar40\jaguar40.srcs\sources_1\new\jaguar40.vhd:]
WARNING: [filemgmt 56-199] Attempt to get parsing info during refresh. "On-the-fly" syntax checking information may be incorrect. [C:\Users\ferna\OneDrive\Documentos\uergs\trabalhos\computer-organization\first-work\jaguar40\jaguar40.srcs\sources_1\new\register_bank.vhd:]
ERROR: [Common 17-180] Spawn failed: No error
ERROR: [Common 17-180] Spawn failed: No error
ERROR: [Common 17-180] Spawn failed: No error
WARNING: [filemgmt 56-199] Attempt to get parsing info during refresh. "On-the-fly" syntax checking information may be incorrect. [C:\Users\ferna\OneDrive\Documentos\uergs\trabalhos\computer-organization\first-work\jaguar40\jaguar40.srcs\sources_1\new\ula.vhd:]
WARNING: [filemgmt 56-199] Attempt to get parsing info during refresh. "On-the-fly" syntax checking information may be incorrect. [C:\Users\ferna\OneDrive\Documentos\uergs\trabalhos\computer-organization\first-work\jaguar40\jaguar40.srcs\sources_1\new\memory.vhd:]
WARNING: [filemgmt 56-199] Attempt to get parsing info during refresh. "On-the-fly" syntax checking information may be incorrect. [C:\Users\ferna\OneDrive\Documentos\uergs\trabalhos\computer-organization\first-work\jaguar40\jaguar40.srcs\sources_1\new\control_unit.vhd:]
WARNING: [filemgmt 56-199] Attempt to get parsing info during refresh. "On-the-fly" syntax checking information may be incorrect. [C:\Users\ferna\OneDrive\Documentos\uergs\trabalhos\computer-organization\first-work\jaguar40\jaguar40.srcs\sources_1\new\pc.vhd:]
WARNING: [filemgmt 56-199] Attempt to get parsing info during refresh. "On-the-fly" syntax checking information may be incorrect. [C:\Users\ferna\OneDrive\Documentos\uergs\trabalhos\computer-organization\first-work\jaguar40\jaguar40.srcs\sources_1\new\jaguar40.vhd:]
WARNING: [filemgmt 56-199] Attempt to get parsing info during refresh. "On-the-fly" syntax checking information may be incorrect. [C:\Users\ferna\OneDrive\Documentos\uergs\trabalhos\computer-organization\first-work\jaguar40\jaguar40.srcs\sources_1\new\register_bank.vhd:]
WARNING: [filemgmt 56-199] Attempt to get parsing info during refresh. "On-the-fly" syntax checking information may be incorrect. [C:\Users\ferna\OneDrive\Documentos\uergs\trabalhos\computer-organization\first-work\jaguar40\jaguar40.srcs\sources_1\new\ula.vhd:]
WARNING: [filemgmt 56-199] Attempt to get parsing info during refresh. "On-the-fly" syntax checking information may be incorrect. [C:\Users\ferna\OneDrive\Documentos\uergs\trabalhos\computer-organization\first-work\jaguar40\jaguar40.srcs\sources_1\new\memory.vhd:]
WARNING: [filemgmt 56-199] Attempt to get parsing info during refresh. "On-the-fly" syntax checking information may be incorrect. [C:\Users\ferna\OneDrive\Documentos\uergs\trabalhos\computer-organization\first-work\jaguar40\jaguar40.srcs\sources_1\new\control_unit.vhd:]
WARNING: [filemgmt 56-199] Attempt to get parsing info during refresh. "On-the-fly" syntax checking information may be incorrect. [C:\Users\ferna\OneDrive\Documentos\uergs\trabalhos\computer-organization\first-work\jaguar40\jaguar40.srcs\sources_1\new\pc.vhd:]
WARNING: [filemgmt 56-199] Attempt to get parsing info during refresh. "On-the-fly" syntax checking information may be incorrect. [C:\Users\ferna\OneDrive\Documentos\uergs\trabalhos\computer-organization\first-work\jaguar40\jaguar40.srcs\sources_1\new\jaguar40.vhd:]
WARNING: [filemgmt 56-199] Attempt to get parsing info during refresh. "On-the-fly" syntax checking information may be incorrect. [C:\Users\ferna\OneDrive\Documentos\uergs\trabalhos\computer-organization\first-work\jaguar40\jaguar40.srcs\sources_1\new\register_bank.vhd:]
WARNING: [filemgmt 56-199] Attempt to get parsing info during refresh. "On-the-fly" syntax checking information may be incorrect. [C:\Users\ferna\OneDrive\Documentos\uergs\trabalhos\computer-organization\first-work\jaguar40\jaguar40.srcs\sources_1\new\ula.vhd:]
WARNING: [filemgmt 56-199] Attempt to get parsing info during refresh. "On-the-fly" syntax checking information may be incorrect. [C:\Users\ferna\OneDrive\Documentos\uergs\trabalhos\computer-organization\first-work\jaguar40\jaguar40.srcs\sources_1\new\memory.vhd:]
WARNING: [filemgmt 56-199] Attempt to get parsing info during refresh. "On-the-fly" syntax checking information may be incorrect. [C:\Users\ferna\OneDrive\Documentos\uergs\trabalhos\computer-organization\first-work\jaguar40\jaguar40.srcs\sources_1\new\control_unit.vhd:]
WARNING: [filemgmt 56-199] Attempt to get parsing info during refresh. "On-the-fly" syntax checking information may be incorrect. [C:\Users\ferna\OneDrive\Documentos\uergs\trabalhos\computer-organization\first-work\jaguar40\jaguar40.srcs\sources_1\new\pc.vhd:]
WARNING: [filemgmt 56-199] Attempt to get parsing info during refresh. "On-the-fly" syntax checking information may be incorrect. [C:\Users\ferna\OneDrive\Documentos\uergs\trabalhos\computer-organization\first-work\jaguar40\jaguar40.srcs\sources_1\new\jaguar40.vhd:]
WARNING: [filemgmt 56-199] Attempt to get parsing info during refresh. "On-the-fly" syntax checking information may be incorrect. [C:\Users\ferna\OneDrive\Documentos\uergs\trabalhos\computer-organization\first-work\jaguar40\jaguar40.srcs\sources_1\new\register_bank.vhd:]
ERROR: [Common 17-180] Spawn failed: No error
ERROR: [Common 17-180] Spawn failed: No error
ERROR: [Common 17-180] Spawn failed: No error
WARNING: [filemgmt 56-199] Attempt to get parsing info during refresh. "On-the-fly" syntax checking information may be incorrect. [C:\Users\ferna\OneDrive\Documentos\uergs\trabalhos\computer-organization\first-work\jaguar40\jaguar40.srcs\sources_1\new\ula.vhd:]
WARNING: [filemgmt 56-199] Attempt to get parsing info during refresh. "On-the-fly" syntax checking information may be incorrect. [C:\Users\ferna\OneDrive\Documentos\uergs\trabalhos\computer-organization\first-work\jaguar40\jaguar40.srcs\sources_1\new\memory.vhd:]
WARNING: [filemgmt 56-199] Attempt to get parsing info during refresh. "On-the-fly" syntax checking information may be incorrect. [C:\Users\ferna\OneDrive\Documentos\uergs\trabalhos\computer-organization\first-work\jaguar40\jaguar40.srcs\sources_1\new\control_unit.vhd:]
WARNING: [filemgmt 56-199] Attempt to get parsing info during refresh. "On-the-fly" syntax checking information may be incorrect. [C:\Users\ferna\OneDrive\Documentos\uergs\trabalhos\computer-organization\first-work\jaguar40\jaguar40.srcs\sources_1\new\pc.vhd:]
WARNING: [filemgmt 56-199] Attempt to get parsing info during refresh. "On-the-fly" syntax checking information may be incorrect. [C:\Users\ferna\OneDrive\Documentos\uergs\trabalhos\computer-organization\first-work\jaguar40\jaguar40.srcs\sources_1\new\jaguar40.vhd:]
WARNING: [filemgmt 56-199] Attempt to get parsing info during refresh. "On-the-fly" syntax checking information may be incorrect. [C:\Users\ferna\OneDrive\Documentos\uergs\trabalhos\computer-organization\first-work\jaguar40\jaguar40.srcs\sources_1\new\register_bank.vhd:]
WARNING: [filemgmt 56-199] Attempt to get parsing info during refresh. "On-the-fly" syntax checking information may be incorrect. [C:\Users\ferna\OneDrive\Documentos\uergs\trabalhos\computer-organization\first-work\jaguar40\jaguar40.srcs\sources_1\new\ula.vhd:]
WARNING: [filemgmt 56-199] Attempt to get parsing info during refresh. "On-the-fly" syntax checking information may be incorrect. [C:\Users\ferna\OneDrive\Documentos\uergs\trabalhos\computer-organization\first-work\jaguar40\jaguar40.srcs\sources_1\new\memory.vhd:]
WARNING: [filemgmt 56-199] Attempt to get parsing info during refresh. "On-the-fly" syntax checking information may be incorrect. [C:\Users\ferna\OneDrive\Documentos\uergs\trabalhos\computer-organization\first-work\jaguar40\jaguar40.srcs\sources_1\new\control_unit.vhd:]
WARNING: [filemgmt 56-199] Attempt to get parsing info during refresh. "On-the-fly" syntax checking information may be incorrect. [C:\Users\ferna\OneDrive\Documentos\uergs\trabalhos\computer-organization\first-work\jaguar40\jaguar40.srcs\sources_1\new\pc.vhd:]
WARNING: [filemgmt 56-199] Attempt to get parsing info during refresh. "On-the-fly" syntax checking information may be incorrect. [C:\Users\ferna\OneDrive\Documentos\uergs\trabalhos\computer-organization\first-work\jaguar40\jaguar40.srcs\sources_1\new\jaguar40.vhd:]
WARNING: [filemgmt 56-199] Attempt to get parsing info during refresh. "On-the-fly" syntax checking information may be incorrect. [C:\Users\ferna\OneDrive\Documentos\uergs\trabalhos\computer-organization\first-work\jaguar40\jaguar40.srcs\sources_1\new\register_bank.vhd:]
WARNING: [filemgmt 56-199] Attempt to get parsing info during refresh. "On-the-fly" syntax checking information may be incorrect. [C:\Users\ferna\OneDrive\Documentos\uergs\trabalhos\computer-organization\first-work\jaguar40\jaguar40.srcs\sources_1\new\ula.vhd:]
WARNING: [filemgmt 56-199] Attempt to get parsing info during refresh. "On-the-fly" syntax checking information may be incorrect. [C:\Users\ferna\OneDrive\Documentos\uergs\trabalhos\computer-organization\first-work\jaguar40\jaguar40.srcs\sources_1\new\memory.vhd:]
WARNING: [filemgmt 56-199] Attempt to get parsing info during refresh. "On-the-fly" syntax checking information may be incorrect. [C:\Users\ferna\OneDrive\Documentos\uergs\trabalhos\computer-organization\first-work\jaguar40\jaguar40.srcs\sources_1\new\control_unit.vhd:]
WARNING: [filemgmt 56-199] Attempt to get parsing info during refresh. "On-the-fly" syntax checking information may be incorrect. [C:\Users\ferna\OneDrive\Documentos\uergs\trabalhos\computer-organization\first-work\jaguar40\jaguar40.srcs\sources_1\new\pc.vhd:]
WARNING: [filemgmt 56-199] Attempt to get parsing info during refresh. "On-the-fly" syntax checking information may be incorrect. [C:\Users\ferna\OneDrive\Documentos\uergs\trabalhos\computer-organization\first-work\jaguar40\jaguar40.srcs\sources_1\new\jaguar40.vhd:]
WARNING: [filemgmt 56-199] Attempt to get parsing info during refresh. "On-the-fly" syntax checking information may be incorrect. [C:\Users\ferna\OneDrive\Documentos\uergs\trabalhos\computer-organization\first-work\jaguar40\jaguar40.srcs\sources_1\new\register_bank.vhd:]
ERROR: [Common 17-180] Spawn failed: No error
WARNING: [filemgmt 56-199] Attempt to get parsing info during refresh. "On-the-fly" syntax checking information may be incorrect. [C:\Users\ferna\OneDrive\Documentos\uergs\trabalhos\computer-organization\first-work\jaguar40\jaguar40.srcs\sources_1\new\ula.vhd:]
WARNING: [filemgmt 56-199] Attempt to get parsing info during refresh. "On-the-fly" syntax checking information may be incorrect. [C:\Users\ferna\OneDrive\Documentos\uergs\trabalhos\computer-organization\first-work\jaguar40\jaguar40.srcs\sources_1\new\memory.vhd:]
WARNING: [filemgmt 56-199] Attempt to get parsing info during refresh. "On-the-fly" syntax checking information may be incorrect. [C:\Users\ferna\OneDrive\Documentos\uergs\trabalhos\computer-organization\first-work\jaguar40\jaguar40.srcs\sources_1\new\control_unit.vhd:]
WARNING: [filemgmt 56-199] Attempt to get parsing info during refresh. "On-the-fly" syntax checking information may be incorrect. [C:\Users\ferna\OneDrive\Documentos\uergs\trabalhos\computer-organization\first-work\jaguar40\jaguar40.srcs\sources_1\new\pc.vhd:]
WARNING: [filemgmt 56-199] Attempt to get parsing info during refresh. "On-the-fly" syntax checking information may be incorrect. [C:\Users\ferna\OneDrive\Documentos\uergs\trabalhos\computer-organization\first-work\jaguar40\jaguar40.srcs\sources_1\new\jaguar40.vhd:]
WARNING: [filemgmt 56-199] Attempt to get parsing info during refresh. "On-the-fly" syntax checking information may be incorrect. [C:\Users\ferna\OneDrive\Documentos\uergs\trabalhos\computer-organization\first-work\jaguar40\jaguar40.srcs\sources_1\new\register_bank.vhd:]
ERROR: [Common 17-180] Spawn failed: No error
ERROR: [Common 17-180] Spawn failed: No error
WARNING: [filemgmt 56-199] Attempt to get parsing info during refresh. "On-the-fly" syntax checking information may be incorrect. [C:\Users\ferna\OneDrive\Documentos\uergs\trabalhos\computer-organization\first-work\jaguar40\jaguar40.srcs\sources_1\new\ula.vhd:]
WARNING: [filemgmt 56-199] Attempt to get parsing info during refresh. "On-the-fly" syntax checking information may be incorrect. [C:\Users\ferna\OneDrive\Documentos\uergs\trabalhos\computer-organization\first-work\jaguar40\jaguar40.srcs\sources_1\new\memory.vhd:]
WARNING: [filemgmt 56-199] Attempt to get parsing info during refresh. "On-the-fly" syntax checking information may be incorrect. [C:\Users\ferna\OneDrive\Documentos\uergs\trabalhos\computer-organization\first-work\jaguar40\jaguar40.srcs\sources_1\new\control_unit.vhd:]
WARNING: [filemgmt 56-199] Attempt to get parsing info during refresh. "On-the-fly" syntax checking information may be incorrect. [C:\Users\ferna\OneDrive\Documentos\uergs\trabalhos\computer-organization\first-work\jaguar40\jaguar40.srcs\sources_1\new\pc.vhd:]
WARNING: [filemgmt 56-199] Attempt to get parsing info during refresh. "On-the-fly" syntax checking information may be incorrect. [C:\Users\ferna\OneDrive\Documentos\uergs\trabalhos\computer-organization\first-work\jaguar40\jaguar40.srcs\sources_1\new\jaguar40.vhd:]
WARNING: [filemgmt 56-199] Attempt to get parsing info during refresh. "On-the-fly" syntax checking information may be incorrect. [C:\Users\ferna\OneDrive\Documentos\uergs\trabalhos\computer-organization\first-work\jaguar40\jaguar40.srcs\sources_1\new\register_bank.vhd:]
WARNING: [filemgmt 56-199] Attempt to get parsing info during refresh. "On-the-fly" syntax checking information may be incorrect. [C:\Users\ferna\OneDrive\Documentos\uergs\trabalhos\computer-organization\first-work\jaguar40\jaguar40.srcs\sources_1\new\ula.vhd:]
WARNING: [filemgmt 56-199] Attempt to get parsing info during refresh. "On-the-fly" syntax checking information may be incorrect. [C:\Users\ferna\OneDrive\Documentos\uergs\trabalhos\computer-organization\first-work\jaguar40\jaguar40.srcs\sources_1\new\memory.vhd:]
WARNING: [filemgmt 56-199] Attempt to get parsing info during refresh. "On-the-fly" syntax checking information may be incorrect. [C:\Users\ferna\OneDrive\Documentos\uergs\trabalhos\computer-organization\first-work\jaguar40\jaguar40.srcs\sources_1\new\control_unit.vhd:]
WARNING: [filemgmt 56-199] Attempt to get parsing info during refresh. "On-the-fly" syntax checking information may be incorrect. [C:\Users\ferna\OneDrive\Documentos\uergs\trabalhos\computer-organization\first-work\jaguar40\jaguar40.srcs\sources_1\new\pc.vhd:]
WARNING: [filemgmt 56-199] Attempt to get parsing info during refresh. "On-the-fly" syntax checking information may be incorrect. [C:\Users\ferna\OneDrive\Documentos\uergs\trabalhos\computer-organization\first-work\jaguar40\jaguar40.srcs\sources_1\new\jaguar40.vhd:]
WARNING: [filemgmt 56-199] Attempt to get parsing info during refresh. "On-the-fly" syntax checking information may be incorrect. [C:\Users\ferna\OneDrive\Documentos\uergs\trabalhos\computer-organization\first-work\jaguar40\jaguar40.srcs\sources_1\new\register_bank.vhd:]
WARNING: [filemgmt 56-199] Attempt to get parsing info during refresh. "On-the-fly" syntax checking information may be incorrect. [C:\Users\ferna\OneDrive\Documentos\uergs\trabalhos\computer-organization\first-work\jaguar40\jaguar40.srcs\sources_1\new\ula.vhd:]
WARNING: [filemgmt 56-199] Attempt to get parsing info during refresh. "On-the-fly" syntax checking information may be incorrect. [C:\Users\ferna\OneDrive\Documentos\uergs\trabalhos\computer-organization\first-work\jaguar40\jaguar40.srcs\sources_1\new\memory.vhd:]
WARNING: [filemgmt 56-199] Attempt to get parsing info during refresh. "On-the-fly" syntax checking information may be incorrect. [C:\Users\ferna\OneDrive\Documentos\uergs\trabalhos\computer-organization\first-work\jaguar40\jaguar40.srcs\sources_1\new\control_unit.vhd:]
WARNING: [filemgmt 56-199] Attempt to get parsing info during refresh. "On-the-fly" syntax checking information may be incorrect. [C:\Users\ferna\OneDrive\Documentos\uergs\trabalhos\computer-organization\first-work\jaguar40\jaguar40.srcs\sources_1\new\pc.vhd:]
WARNING: [filemgmt 56-199] Attempt to get parsing info during refresh. "On-the-fly" syntax checking information may be incorrect. [C:\Users\ferna\OneDrive\Documentos\uergs\trabalhos\computer-organization\first-work\jaguar40\jaguar40.srcs\sources_1\new\jaguar40.vhd:]
WARNING: [filemgmt 56-199] Attempt to get parsing info during refresh. "On-the-fly" syntax checking information may be incorrect. [C:\Users\ferna\OneDrive\Documentos\uergs\trabalhos\computer-organization\first-work\jaguar40\jaguar40.srcs\sources_1\new\register_bank.vhd:]
ERROR: [Common 17-180] Spawn failed: No error
ERROR: [Common 17-180] Spawn failed: No error
WARNING: [filemgmt 56-199] Attempt to get parsing info during refresh. "On-the-fly" syntax checking information may be incorrect. [C:\Users\ferna\OneDrive\Documentos\uergs\trabalhos\computer-organization\first-work\jaguar40\jaguar40.srcs\sources_1\new\ula.vhd:]
WARNING: [filemgmt 56-199] Attempt to get parsing info during refresh. "On-the-fly" syntax checking information may be incorrect. [C:\Users\ferna\OneDrive\Documentos\uergs\trabalhos\computer-organization\first-work\jaguar40\jaguar40.srcs\sources_1\new\memory.vhd:]
WARNING: [filemgmt 56-199] Attempt to get parsing info during refresh. "On-the-fly" syntax checking information may be incorrect. [C:\Users\ferna\OneDrive\Documentos\uergs\trabalhos\computer-organization\first-work\jaguar40\jaguar40.srcs\sources_1\new\control_unit.vhd:]
WARNING: [filemgmt 56-199] Attempt to get parsing info during refresh. "On-the-fly" syntax checking information may be incorrect. [C:\Users\ferna\OneDrive\Documentos\uergs\trabalhos\computer-organization\first-work\jaguar40\jaguar40.srcs\sources_1\new\pc.vhd:]
WARNING: [filemgmt 56-199] Attempt to get parsing info during refresh. "On-the-fly" syntax checking information may be incorrect. [C:\Users\ferna\OneDrive\Documentos\uergs\trabalhos\computer-organization\first-work\jaguar40\jaguar40.srcs\sources_1\new\jaguar40.vhd:]
WARNING: [filemgmt 56-199] Attempt to get parsing info during refresh. "On-the-fly" syntax checking information may be incorrect. [C:\Users\ferna\OneDrive\Documentos\uergs\trabalhos\computer-organization\first-work\jaguar40\jaguar40.srcs\sources_1\new\register_bank.vhd:]
WARNING: [filemgmt 56-199] Attempt to get parsing info during refresh. "On-the-fly" syntax checking information may be incorrect. [C:\Users\ferna\OneDrive\Documentos\uergs\trabalhos\computer-organization\first-work\jaguar40\jaguar40.srcs\sources_1\new\ula.vhd:]
WARNING: [filemgmt 56-199] Attempt to get parsing info during refresh. "On-the-fly" syntax checking information may be incorrect. [C:\Users\ferna\OneDrive\Documentos\uergs\trabalhos\computer-organization\first-work\jaguar40\jaguar40.srcs\sources_1\new\memory.vhd:]
WARNING: [filemgmt 56-199] Attempt to get parsing info during refresh. "On-the-fly" syntax checking information may be incorrect. [C:\Users\ferna\OneDrive\Documentos\uergs\trabalhos\computer-organization\first-work\jaguar40\jaguar40.srcs\sources_1\new\control_unit.vhd:]
WARNING: [filemgmt 56-199] Attempt to get parsing info during refresh. "On-the-fly" syntax checking information may be incorrect. [C:\Users\ferna\OneDrive\Documentos\uergs\trabalhos\computer-organization\first-work\jaguar40\jaguar40.srcs\sources_1\new\pc.vhd:]
WARNING: [filemgmt 56-199] Attempt to get parsing info during refresh. "On-the-fly" syntax checking information may be incorrect. [C:\Users\ferna\OneDrive\Documentos\uergs\trabalhos\computer-organization\first-work\jaguar40\jaguar40.srcs\sources_1\new\jaguar40.vhd:]
WARNING: [filemgmt 56-199] Attempt to get parsing info during refresh. "On-the-fly" syntax checking information may be incorrect. [C:\Users\ferna\OneDrive\Documentos\uergs\trabalhos\computer-organization\first-work\jaguar40\jaguar40.srcs\sources_1\new\register_bank.vhd:]
ERROR: [Common 17-180] Spawn failed: No error
WARNING: [filemgmt 56-199] Attempt to get parsing info during refresh. "On-the-fly" syntax checking information may be incorrect. [C:\Users\ferna\OneDrive\Documentos\uergs\trabalhos\computer-organization\first-work\jaguar40\jaguar40.srcs\sources_1\new\ula.vhd:]
WARNING: [filemgmt 56-199] Attempt to get parsing info during refresh. "On-the-fly" syntax checking information may be incorrect. [C:\Users\ferna\OneDrive\Documentos\uergs\trabalhos\computer-organization\first-work\jaguar40\jaguar40.srcs\sources_1\new\memory.vhd:]
WARNING: [filemgmt 56-199] Attempt to get parsing info during refresh. "On-the-fly" syntax checking information may be incorrect. [C:\Users\ferna\OneDrive\Documentos\uergs\trabalhos\computer-organization\first-work\jaguar40\jaguar40.srcs\sources_1\new\control_unit.vhd:]
WARNING: [filemgmt 56-199] Attempt to get parsing info during refresh. "On-the-fly" syntax checking information may be incorrect. [C:\Users\ferna\OneDrive\Documentos\uergs\trabalhos\computer-organization\first-work\jaguar40\jaguar40.srcs\sources_1\new\pc.vhd:]
WARNING: [filemgmt 56-199] Attempt to get parsing info during refresh. "On-the-fly" syntax checking information may be incorrect. [C:\Users\ferna\OneDrive\Documentos\uergs\trabalhos\computer-organization\first-work\jaguar40\jaguar40.srcs\sources_1\new\jaguar40.vhd:]
WARNING: [filemgmt 56-199] Attempt to get parsing info during refresh. "On-the-fly" syntax checking information may be incorrect. [C:\Users\ferna\OneDrive\Documentos\uergs\trabalhos\computer-organization\first-work\jaguar40\jaguar40.srcs\sources_1\new\register_bank.vhd:]
WARNING: [filemgmt 56-199] Attempt to get parsing info during refresh. "On-the-fly" syntax checking information may be incorrect. [C:\Users\ferna\OneDrive\Documentos\uergs\trabalhos\computer-organization\first-work\jaguar40\jaguar40.srcs\sources_1\new\ula.vhd:]
WARNING: [filemgmt 56-199] Attempt to get parsing info during refresh. "On-the-fly" syntax checking information may be incorrect. [C:\Users\ferna\OneDrive\Documentos\uergs\trabalhos\computer-organization\first-work\jaguar40\jaguar40.srcs\sources_1\new\memory.vhd:]
WARNING: [filemgmt 56-199] Attempt to get parsing info during refresh. "On-the-fly" syntax checking information may be incorrect. [C:\Users\ferna\OneDrive\Documentos\uergs\trabalhos\computer-organization\first-work\jaguar40\jaguar40.srcs\sources_1\new\control_unit.vhd:]
WARNING: [filemgmt 56-199] Attempt to get parsing info during refresh. "On-the-fly" syntax checking information may be incorrect. [C:\Users\ferna\OneDrive\Documentos\uergs\trabalhos\computer-organization\first-work\jaguar40\jaguar40.srcs\sources_1\new\pc.vhd:]
WARNING: [filemgmt 56-199] Attempt to get parsing info during refresh. "On-the-fly" syntax checking information may be incorrect. [C:\Users\ferna\OneDrive\Documentos\uergs\trabalhos\computer-organization\first-work\jaguar40\jaguar40.srcs\sources_1\new\jaguar40.vhd:]
WARNING: [filemgmt 56-199] Attempt to get parsing info during refresh. "On-the-fly" syntax checking information may be incorrect. [C:\Users\ferna\OneDrive\Documentos\uergs\trabalhos\computer-organization\first-work\jaguar40\jaguar40.srcs\sources_1\new\register_bank.vhd:]
WARNING: [filemgmt 56-199] Attempt to get parsing info during refresh. "On-the-fly" syntax checking information may be incorrect. [C:\Users\ferna\OneDrive\Documentos\uergs\trabalhos\computer-organization\first-work\jaguar40\jaguar40.srcs\sources_1\new\ula.vhd:]
WARNING: [filemgmt 56-199] Attempt to get parsing info during refresh. "On-the-fly" syntax checking information may be incorrect. [C:\Users\ferna\OneDrive\Documentos\uergs\trabalhos\computer-organization\first-work\jaguar40\jaguar40.srcs\sources_1\new\memory.vhd:]
WARNING: [filemgmt 56-199] Attempt to get parsing info during refresh. "On-the-fly" syntax checking information may be incorrect. [C:\Users\ferna\OneDrive\Documentos\uergs\trabalhos\computer-organization\first-work\jaguar40\jaguar40.srcs\sources_1\new\control_unit.vhd:]
WARNING: [filemgmt 56-199] Attempt to get parsing info during refresh. "On-the-fly" syntax checking information may be incorrect. [C:\Users\ferna\OneDrive\Documentos\uergs\trabalhos\computer-organization\first-work\jaguar40\jaguar40.srcs\sources_1\new\pc.vhd:]
WARNING: [filemgmt 56-199] Attempt to get parsing info during refresh. "On-the-fly" syntax checking information may be incorrect. [C:\Users\ferna\OneDrive\Documentos\uergs\trabalhos\computer-organization\first-work\jaguar40\jaguar40.srcs\sources_1\new\jaguar40.vhd:]
WARNING: [filemgmt 56-199] Attempt to get parsing info during refresh. "On-the-fly" syntax checking information may be incorrect. [C:\Users\ferna\OneDrive\Documentos\uergs\trabalhos\computer-organization\first-work\jaguar40\jaguar40.srcs\sources_1\new\register_bank.vhd:]
ERROR: [Common 17-180] Spawn failed: No error
WARNING: [filemgmt 56-199] Attempt to get parsing info during refresh. "On-the-fly" syntax checking information may be incorrect. [C:\Users\ferna\OneDrive\Documentos\uergs\trabalhos\computer-organization\first-work\jaguar40\jaguar40.srcs\sources_1\new\ula.vhd:]
WARNING: [filemgmt 56-199] Attempt to get parsing info during refresh. "On-the-fly" syntax checking information may be incorrect. [C:\Users\ferna\OneDrive\Documentos\uergs\trabalhos\computer-organization\first-work\jaguar40\jaguar40.srcs\sources_1\new\memory.vhd:]
WARNING: [filemgmt 56-199] Attempt to get parsing info during refresh. "On-the-fly" syntax checking information may be incorrect. [C:\Users\ferna\OneDrive\Documentos\uergs\trabalhos\computer-organization\first-work\jaguar40\jaguar40.srcs\sources_1\new\control_unit.vhd:]
WARNING: [filemgmt 56-199] Attempt to get parsing info during refresh. "On-the-fly" syntax checking information may be incorrect. [C:\Users\ferna\OneDrive\Documentos\uergs\trabalhos\computer-organization\first-work\jaguar40\jaguar40.srcs\sources_1\new\pc.vhd:]
WARNING: [filemgmt 56-199] Attempt to get parsing info during refresh. "On-the-fly" syntax checking information may be incorrect. [C:\Users\ferna\OneDrive\Documentos\uergs\trabalhos\computer-organization\first-work\jaguar40\jaguar40.srcs\sources_1\new\jaguar40.vhd:]
WARNING: [filemgmt 56-199] Attempt to get parsing info during refresh. "On-the-fly" syntax checking information may be incorrect. [C:\Users\ferna\OneDrive\Documentos\uergs\trabalhos\computer-organization\first-work\jaguar40\jaguar40.srcs\sources_1\new\register_bank.vhd:]
ERROR: [Common 17-180] Spawn failed: No error
WARNING: [filemgmt 56-199] Attempt to get parsing info during refresh. "On-the-fly" syntax checking information may be incorrect. [C:\Users\ferna\OneDrive\Documentos\uergs\trabalhos\computer-organization\first-work\jaguar40\jaguar40.srcs\sources_1\new\ula.vhd:]
WARNING: [filemgmt 56-199] Attempt to get parsing info during refresh. "On-the-fly" syntax checking information may be incorrect. [C:\Users\ferna\OneDrive\Documentos\uergs\trabalhos\computer-organization\first-work\jaguar40\jaguar40.srcs\sources_1\new\memory.vhd:]
WARNING: [filemgmt 56-199] Attempt to get parsing info during refresh. "On-the-fly" syntax checking information may be incorrect. [C:\Users\ferna\OneDrive\Documentos\uergs\trabalhos\computer-organization\first-work\jaguar40\jaguar40.srcs\sources_1\new\control_unit.vhd:]
WARNING: [filemgmt 56-199] Attempt to get parsing info during refresh. "On-the-fly" syntax checking information may be incorrect. [C:\Users\ferna\OneDrive\Documentos\uergs\trabalhos\computer-organization\first-work\jaguar40\jaguar40.srcs\sources_1\new\pc.vhd:]
WARNING: [filemgmt 56-199] Attempt to get parsing info during refresh. "On-the-fly" syntax checking information may be incorrect. [C:\Users\ferna\OneDrive\Documentos\uergs\trabalhos\computer-organization\first-work\jaguar40\jaguar40.srcs\sources_1\new\jaguar40.vhd:]
WARNING: [filemgmt 56-199] Attempt to get parsing info during refresh. "On-the-fly" syntax checking information may be incorrect. [C:\Users\ferna\OneDrive\Documentos\uergs\trabalhos\computer-organization\first-work\jaguar40\jaguar40.srcs\sources_1\new\register_bank.vhd:]
ERROR: [Common 17-180] Spawn failed: No error
relaunch_sim
WARNING: [filemgmt 56-199] Attempt to get parsing info during refresh. "On-the-fly" syntax checking information may be incorrect. [C:\Users\ferna\OneDrive\Documentos\uergs\trabalhos\computer-organization\first-work\jaguar40\jaguar40.srcs\sources_1\new\ula.vhd:]
WARNING: [filemgmt 56-199] Attempt to get parsing info during refresh. "On-the-fly" syntax checking information may be incorrect. [C:\Users\ferna\OneDrive\Documentos\uergs\trabalhos\computer-organization\first-work\jaguar40\jaguar40.srcs\sources_1\new\memory.vhd:]
WARNING: [filemgmt 56-199] Attempt to get parsing info during refresh. "On-the-fly" syntax checking information may be incorrect. [C:\Users\ferna\OneDrive\Documentos\uergs\trabalhos\computer-organization\first-work\jaguar40\jaguar40.srcs\sources_1\new\control_unit.vhd:]
WARNING: [filemgmt 56-199] Attempt to get parsing info during refresh. "On-the-fly" syntax checking information may be incorrect. [C:\Users\ferna\OneDrive\Documentos\uergs\trabalhos\computer-organization\first-work\jaguar40\jaguar40.srcs\sources_1\new\pc.vhd:]
WARNING: [filemgmt 56-199] Attempt to get parsing info during refresh. "On-the-fly" syntax checking information may be incorrect. [C:\Users\ferna\OneDrive\Documentos\uergs\trabalhos\computer-organization\first-work\jaguar40\jaguar40.srcs\sources_1\new\jaguar40.vhd:]
WARNING: [filemgmt 56-199] Attempt to get parsing info during refresh. "On-the-fly" syntax checking information may be incorrect. [C:\Users\ferna\OneDrive\Documentos\uergs\trabalhos\computer-organization\first-work\jaguar40\jaguar40.srcs\sources_1\new\register_bank.vhd:]
WARNING: [filemgmt 56-199] Attempt to get parsing info during refresh. "On-the-fly" syntax checking information may be incorrect. [C:\Users\ferna\OneDrive\Documentos\uergs\trabalhos\computer-organization\first-work\jaguar40\jaguar40.srcs\sources_1\new\ula.vhd:]
WARNING: [filemgmt 56-199] Attempt to get parsing info during refresh. "On-the-fly" syntax checking information may be incorrect. [C:\Users\ferna\OneDrive\Documentos\uergs\trabalhos\computer-organization\first-work\jaguar40\jaguar40.srcs\sources_1\new\memory.vhd:]
WARNING: [filemgmt 56-199] Attempt to get parsing info during refresh. "On-the-fly" syntax checking information may be incorrect. [C:\Users\ferna\OneDrive\Documentos\uergs\trabalhos\computer-organization\first-work\jaguar40\jaguar40.srcs\sources_1\new\control_unit.vhd:]
WARNING: [filemgmt 56-199] Attempt to get parsing info during refresh. "On-the-fly" syntax checking information may be incorrect. [C:\Users\ferna\OneDrive\Documentos\uergs\trabalhos\computer-organization\first-work\jaguar40\jaguar40.srcs\sources_1\new\pc.vhd:]
WARNING: [filemgmt 56-199] Attempt to get parsing info during refresh. "On-the-fly" syntax checking information may be incorrect. [C:\Users\ferna\OneDrive\Documentos\uergs\trabalhos\computer-organization\first-work\jaguar40\jaguar40.srcs\sources_1\new\jaguar40.vhd:]
WARNING: [filemgmt 56-199] Attempt to get parsing info during refresh. "On-the-fly" syntax checking information may be incorrect. [C:\Users\ferna\OneDrive\Documentos\uergs\trabalhos\computer-organization\first-work\jaguar40\jaguar40.srcs\sources_1\new\register_bank.vhd:]
WARNING: [filemgmt 56-199] Attempt to get parsing info during refresh. "On-the-fly" syntax checking information may be incorrect. [C:\Users\ferna\OneDrive\Documentos\uergs\trabalhos\computer-organization\first-work\jaguar40\jaguar40.srcs\sources_1\new\ula.vhd:]
WARNING: [filemgmt 56-199] Attempt to get parsing info during refresh. "On-the-fly" syntax checking information may be incorrect. [C:\Users\ferna\OneDrive\Documentos\uergs\trabalhos\computer-organization\first-work\jaguar40\jaguar40.srcs\sources_1\new\memory.vhd:]
WARNING: [filemgmt 56-199] Attempt to get parsing info during refresh. "On-the-fly" syntax checking information may be incorrect. [C:\Users\ferna\OneDrive\Documentos\uergs\trabalhos\computer-organization\first-work\jaguar40\jaguar40.srcs\sources_1\new\control_unit.vhd:]
WARNING: [filemgmt 56-199] Attempt to get parsing info during refresh. "On-the-fly" syntax checking information may be incorrect. [C:\Users\ferna\OneDrive\Documentos\uergs\trabalhos\computer-organization\first-work\jaguar40\jaguar40.srcs\sources_1\new\pc.vhd:]
WARNING: [filemgmt 56-199] Attempt to get parsing info during refresh. "On-the-fly" syntax checking information may be incorrect. [C:\Users\ferna\OneDrive\Documentos\uergs\trabalhos\computer-organization\first-work\jaguar40\jaguar40.srcs\sources_1\new\jaguar40.vhd:]
WARNING: [filemgmt 56-199] Attempt to get parsing info during refresh. "On-the-fly" syntax checking information may be incorrect. [C:\Users\ferna\OneDrive\Documentos\uergs\trabalhos\computer-organization\first-work\jaguar40\jaguar40.srcs\sources_1\new\register_bank.vhd:]
Command: launch_simulation -step compile -simset sim_1 -mode behavioral
INFO: [Vivado 12-12493] Simulation top is 'tb_jaguar40'
WARNING: [Vivado 12-13340] Unable to auto find GCC executables from simulator install path! (path not set)
ERROR: [Common 17-180] Spawn failed: No error
WARNING: [filemgmt 56-199] Attempt to get parsing info during refresh. "On-the-fly" syntax checking information may be incorrect. [C:\Users\ferna\OneDrive\Documentos\uergs\trabalhos\computer-organization\first-work\jaguar40\jaguar40.srcs\sources_1\new\ula.vhd:]
WARNING: [filemgmt 56-199] Attempt to get parsing info during refresh. "On-the-fly" syntax checking information may be incorrect. [C:\Users\ferna\OneDrive\Documentos\uergs\trabalhos\computer-organization\first-work\jaguar40\jaguar40.srcs\sources_1\new\memory.vhd:]
WARNING: [filemgmt 56-199] Attempt to get parsing info during refresh. "On-the-fly" syntax checking information may be incorrect. [C:\Users\ferna\OneDrive\Documentos\uergs\trabalhos\computer-organization\first-work\jaguar40\jaguar40.srcs\sources_1\new\control_unit.vhd:]
WARNING: [filemgmt 56-199] Attempt to get parsing info during refresh. "On-the-fly" syntax checking information may be incorrect. [C:\Users\ferna\OneDrive\Documentos\uergs\trabalhos\computer-organization\first-work\jaguar40\jaguar40.srcs\sources_1\new\pc.vhd:]
WARNING: [filemgmt 56-199] Attempt to get parsing info during refresh. "On-the-fly" syntax checking information may be incorrect. [C:\Users\ferna\OneDrive\Documentos\uergs\trabalhos\computer-organization\first-work\jaguar40\jaguar40.srcs\sources_1\new\jaguar40.vhd:]
WARNING: [filemgmt 56-199] Attempt to get parsing info during refresh. "On-the-fly" syntax checking information may be incorrect. [C:\Users\ferna\OneDrive\Documentos\uergs\trabalhos\computer-organization\first-work\jaguar40\jaguar40.srcs\sources_1\new\register_bank.vhd:]
ERROR: [Common 17-180] Spawn failed: No error
WARNING: [filemgmt 56-199] Attempt to get parsing info during refresh. "On-the-fly" syntax checking information may be incorrect. [C:\Users\ferna\OneDrive\Documentos\uergs\trabalhos\computer-organization\first-work\jaguar40\jaguar40.srcs\sources_1\new\ula.vhd:]
WARNING: [filemgmt 56-199] Attempt to get parsing info during refresh. "On-the-fly" syntax checking information may be incorrect. [C:\Users\ferna\OneDrive\Documentos\uergs\trabalhos\computer-organization\first-work\jaguar40\jaguar40.srcs\sources_1\new\memory.vhd:]
WARNING: [filemgmt 56-199] Attempt to get parsing info during refresh. "On-the-fly" syntax checking information may be incorrect. [C:\Users\ferna\OneDrive\Documentos\uergs\trabalhos\computer-organization\first-work\jaguar40\jaguar40.srcs\sources_1\new\control_unit.vhd:]
WARNING: [filemgmt 56-199] Attempt to get parsing info during refresh. "On-the-fly" syntax checking information may be incorrect. [C:\Users\ferna\OneDrive\Documentos\uergs\trabalhos\computer-organization\first-work\jaguar40\jaguar40.srcs\sources_1\new\pc.vhd:]
WARNING: [filemgmt 56-199] Attempt to get parsing info during refresh. "On-the-fly" syntax checking information may be incorrect. [C:\Users\ferna\OneDrive\Documentos\uergs\trabalhos\computer-organization\first-work\jaguar40\jaguar40.srcs\sources_1\new\jaguar40.vhd:]
WARNING: [filemgmt 56-199] Attempt to get parsing info during refresh. "On-the-fly" syntax checking information may be incorrect. [C:\Users\ferna\OneDrive\Documentos\uergs\trabalhos\computer-organization\first-work\jaguar40\jaguar40.srcs\sources_1\new\register_bank.vhd:]
ERROR: [Common 17-180] Spawn failed: No error
INFO: [Vivado 12-5682] Launching behavioral simulation in 'C:/Users/ferna/OneDrive/Documentos/uergs/trabalhos/computer-organization/first-work/jaguar40/jaguar40.sim/sim_1/behav/xsim'
INFO: [SIM-utils-51] Simulation object is 'sim_1'
INFO: [USF-XSim-2] XSim::Compile design
INFO: [USF-XSim-61] Executing 'COMPILE and ANALYZE' step in 'C:/Users/ferna/OneDrive/Documentos/uergs/trabalhos/computer-organization/first-work/jaguar40/jaguar40.sim/sim_1/behav/xsim'
"xvhdl --incr --relax -prj tb_jaguar40_vhdl.prj"
ECHO est  desativado.
ECHO est  desativado.
INFO: [VRFC 10-163] Analyzing VHDL file "C:/Users/ferna/OneDrive/Documentos/uergs/trabalhos/computer-organization/first-work/jaguar40/jaguar40.srcs/sources_1/new/control_unit.vhd" into library xil_defaultlib
INFO: [VRFC 10-3107] analyzing entity 'control_unit'
INFO: [VRFC 10-163] Analyzing VHDL file "C:/Users/ferna/OneDrive/Documentos/uergs/trabalhos/computer-organization/first-work/jaguar40/jaguar40.srcs/sources_1/new/memory.vhd" into library xil_defaultlib
INFO: [VRFC 10-3107] analyzing entity 'memory'
INFO: [VRFC 10-163] Analyzing VHDL file "C:/Users/ferna/OneDrive/Documentos/uergs/trabalhos/computer-organization/first-work/jaguar40/jaguar40.srcs/sources_1/new/jaguar40.vhd" into library xil_defaultlib
INFO: [VRFC 10-3107] analyzing entity 'jaguar40'
INFO: [VRFC 10-163] Analyzing VHDL file "C:/Users/ferna/OneDrive/Documentos/uergs/trabalhos/computer-organization/first-work/jaguar40/jaguar40.srcs/sim_1/new/tb_jaguar40.vhd" into library xil_defaultlib
INFO: [VRFC 10-3107] analyzing entity 'tb_jaguar40'
INFO: [USF-XSim-69] 'compile' step finished in '2' seconds
ERROR: [Common 17-39] 'launch_simulation' failed due to earlier errors.
ERROR: [Common 17-69] Command failed: ERROR: [Common 17-39] 'launch_simulation' failed due to earlier errors.

close_sim
INFO: [Simtcl 6-16] Simulation closed
launch_simulation
Command: launch_simulation 
INFO: [Vivado 12-12493] Simulation top is 'tb_jaguar40'
WARNING: [Vivado 12-13340] Unable to auto find GCC executables from simulator install path! (path not set)
INFO: [Vivado 12-5682] Launching behavioral simulation in 'C:/Users/ferna/OneDrive/Documentos/uergs/trabalhos/computer-organization/first-work/jaguar40/jaguar40.sim/sim_1/behav/xsim'
INFO: [SIM-utils-51] Simulation object is 'sim_1'
INFO: [SIM-utils-72] Using boost library from 'C:/Xilinx/Vivado/2023.2/tps/boost_1_72_0'
INFO: [SIM-utils-54] Inspecting design source files for 'tb_jaguar40' in fileset 'sim_1'...
INFO: [USF-XSim-97] Finding global include files...
INFO: [USF-XSim-98] Fetching design files from 'sim_1'...
INFO: [USF-XSim-2] XSim::Compile design
INFO: [USF-XSim-61] Executing 'COMPILE and ANALYZE' step in 'C:/Users/ferna/OneDrive/Documentos/uergs/trabalhos/computer-organization/first-work/jaguar40/jaguar40.sim/sim_1/behav/xsim'
"xvhdl --incr --relax -prj tb_jaguar40_vhdl.prj"
ECHO est  desativado.
ECHO est  desativado.
INFO: [USF-XSim-69] 'compile' step finished in '2' seconds
INFO: [USF-XSim-3] XSim::Elaborate design
INFO: [USF-XSim-61] Executing 'ELABORATE' step in 'C:/Users/ferna/OneDrive/Documentos/uergs/trabalhos/computer-organization/first-work/jaguar40/jaguar40.sim/sim_1/behav/xsim'
"xelab --incr --debug typical --relax --mt 2 -L xil_defaultlib -L secureip --snapshot tb_jaguar40_behav xil_defaultlib.tb_jaguar40 -log elaborate.log"
ECHO est  desativado.
ECHO est  desativado.
Vivado Simulator v2023.2
Copyright 1986-2022 Xilinx, Inc. All Rights Reserved.
Copyright 2022-2023 Advanced Micro Devices, Inc. All Rights Reserved.
Running: C:/Xilinx/Vivado/2023.2/bin/unwrapped/win64.o/xelab.exe --incr --debug typical --relax --mt 2 -L xil_defaultlib -L secureip --snapshot tb_jaguar40_behav xil_defaultlib.tb_jaguar40 -log elaborate.log 
Using 2 slave threads.
Starting static elaboration
Completed static elaboration
Starting simulation data flow analysis
Completed simulation data flow analysis
Time Resolution for simulation is 1ps
Compiling package std.standard
Compiling package std.textio
Compiling package ieee.std_logic_1164
Compiling package ieee.numeric_std
Compiling package ieee.std_logic_arith
Compiling package ieee.std_logic_unsigned
Compiling architecture behavioral of entity xil_defaultlib.ula [ula_default]
Compiling architecture behavioral of entity xil_defaultlib.register_bank [register_bank_default]
Compiling architecture behavioral of entity xil_defaultlib.pc [pc_default]
Compiling architecture behavioral of entity xil_defaultlib.control_unit [control_unit_default]
Compiling architecture behavioral of entity xil_defaultlib.memory [memory_default]
Compiling architecture behavioral of entity xil_defaultlib.jaguar40 [jaguar40_default]
Compiling architecture behavior of entity xil_defaultlib.tb_jaguar40
Built simulation snapshot tb_jaguar40_behav
INFO: [USF-XSim-69] 'elaborate' step finished in '3' seconds
INFO: [USF-XSim-4] XSim::Simulate design
INFO: [USF-XSim-61] Executing 'SIMULATE' step in 'C:/Users/ferna/OneDrive/Documentos/uergs/trabalhos/computer-organization/first-work/jaguar40/jaguar40.sim/sim_1/behav/xsim'
INFO: [USF-XSim-98] *** Running xsim
   with args "tb_jaguar40_behav -key {Behavioral:sim_1:Functional:tb_jaguar40} -tclbatch {tb_jaguar40.tcl} -view {C:/Users/ferna/OneDrive/Documentos/uergs/trabalhos/computer-organization/first-work/jaguar40/tb_jaguar40_behav.wcfg} -log {simulate.log}"
INFO: [USF-XSim-8] Loading simulator feature
Time resolution is 1 ps
open_wave_config C:/Users/ferna/OneDrive/Documentos/uergs/trabalhos/computer-organization/first-work/jaguar40/tb_jaguar40_behav.wcfg
source tb_jaguar40.tcl
# set curr_wave [current_wave_config]
# if { [string length $curr_wave] == 0 } {
#   if { [llength [get_objects]] > 0} {
#     add_wave /
#     set_property needs_save false [current_wave_config]
#   } else {
#      send_msg_id Add_Wave-1 WARNING "No top level signals found. Simulator will start without a wave window. If you want to open a wave window go to 'File->New Waveform Configuration' or type 'create_wave_config' in the TCL console."
#   }
# }
# run 1000ns
INFO: [USF-XSim-96] XSim completed. Design snapshot 'tb_jaguar40_behav' loaded.
INFO: [USF-XSim-97] XSim simulation ran for 1000ns
launch_simulation: Time (s): cpu = 00:00:02 ; elapsed = 00:00:08 . Memory (MB): peak = 1647.266 ; gain = 0.000
relaunch_sim
Command: launch_simulation -step compile -simset sim_1 -mode behavioral
INFO: [Vivado 12-12493] Simulation top is 'tb_jaguar40'
WARNING: [Vivado 12-13340] Unable to auto find GCC executables from simulator install path! (path not set)
INFO: [Vivado 12-5682] Launching behavioral simulation in 'C:/Users/ferna/OneDrive/Documentos/uergs/trabalhos/computer-organization/first-work/jaguar40/jaguar40.sim/sim_1/behav/xsim'
INFO: [SIM-utils-51] Simulation object is 'sim_1'
INFO: [USF-XSim-2] XSim::Compile design
INFO: [USF-XSim-61] Executing 'COMPILE and ANALYZE' step in 'C:/Users/ferna/OneDrive/Documentos/uergs/trabalhos/computer-organization/first-work/jaguar40/jaguar40.sim/sim_1/behav/xsim'
"xvhdl --incr --relax -prj tb_jaguar40_vhdl.prj"
ECHO est  desativado.
ECHO est  desativado.
INFO: [USF-XSim-69] 'compile' step finished in '2' seconds
Command: launch_simulation -step elaborate -simset sim_1 -mode behavioral
INFO: [Vivado 12-12493] Simulation top is 'tb_jaguar40'
WARNING: [Vivado 12-13340] Unable to auto find GCC executables from simulator install path! (path not set)
INFO: [Vivado 12-5682] Launching behavioral simulation in 'C:/Users/ferna/OneDrive/Documentos/uergs/trabalhos/computer-organization/first-work/jaguar40/jaguar40.sim/sim_1/behav/xsim'
INFO: [SIM-utils-51] Simulation object is 'sim_1'
INFO: [USF-XSim-3] XSim::Elaborate design
INFO: [USF-XSim-61] Executing 'ELABORATE' step in 'C:/Users/ferna/OneDrive/Documentos/uergs/trabalhos/computer-organization/first-work/jaguar40/jaguar40.sim/sim_1/behav/xsim'
"xelab --incr --debug typical --relax --mt 2 -L xil_defaultlib -L secureip --snapshot tb_jaguar40_behav xil_defaultlib.tb_jaguar40 -log elaborate.log"
ECHO est  desativado.
ECHO est  desativado.
Vivado Simulator v2023.2
Copyright 1986-2022 Xilinx, Inc. All Rights Reserved.
Copyright 2022-2023 Advanced Micro Devices, Inc. All Rights Reserved.
Running: C:/Xilinx/Vivado/2023.2/bin/unwrapped/win64.o/xelab.exe --incr --debug typical --relax --mt 2 -L xil_defaultlib -L secureip --snapshot tb_jaguar40_behav xil_defaultlib.tb_jaguar40 -log elaborate.log 
Using 2 slave threads.
Starting static elaboration
Completed static elaboration
INFO: [XSIM 43-4323] No Change in HDL. Linking previously generated obj files to create kernel
INFO: [USF-XSim-69] 'elaborate' step finished in '2' seconds
Time resolution is 1 ps
relaunch_sim: Time (s): cpu = 00:00:01 ; elapsed = 00:00:06 . Memory (MB): peak = 1647.266 ; gain = 0.000
relaunch_sim
WARNING: [filemgmt 56-199] Attempt to get parsing info during refresh. "On-the-fly" syntax checking information may be incorrect. [C:\Users\ferna\OneDrive\Documentos\uergs\trabalhos\computer-organization\first-work\jaguar40\jaguar40.srcs\sources_1\new\ula.vhd:]
WARNING: [filemgmt 56-199] Attempt to get parsing info during refresh. "On-the-fly" syntax checking information may be incorrect. [C:\Users\ferna\OneDrive\Documentos\uergs\trabalhos\computer-organization\first-work\jaguar40\jaguar40.srcs\sim_1\new\tb_jaguar40.vhd:]
WARNING: [filemgmt 56-199] Attempt to get parsing info during refresh. "On-the-fly" syntax checking information may be incorrect. [C:\Users\ferna\OneDrive\Documentos\uergs\trabalhos\computer-organization\first-work\jaguar40\jaguar40.srcs\sources_1\new\memory.vhd:]
WARNING: [filemgmt 56-199] Attempt to get parsing info during refresh. "On-the-fly" syntax checking information may be incorrect. [C:\Users\ferna\OneDrive\Documentos\uergs\trabalhos\computer-organization\first-work\jaguar40\jaguar40.srcs\sources_1\new\control_unit.vhd:]
WARNING: [filemgmt 56-199] Attempt to get parsing info during refresh. "On-the-fly" syntax checking information may be incorrect. [C:\Users\ferna\OneDrive\Documentos\uergs\trabalhos\computer-organization\first-work\jaguar40\jaguar40.srcs\sources_1\new\pc.vhd:]
WARNING: [filemgmt 56-199] Attempt to get parsing info during refresh. "On-the-fly" syntax checking information may be incorrect. [C:\Users\ferna\OneDrive\Documentos\uergs\trabalhos\computer-organization\first-work\jaguar40\jaguar40.srcs\sources_1\new\jaguar40.vhd:]
WARNING: [filemgmt 56-199] Attempt to get parsing info during refresh. "On-the-fly" syntax checking information may be incorrect. [C:\Users\ferna\OneDrive\Documentos\uergs\trabalhos\computer-organization\first-work\jaguar40\jaguar40.srcs\sources_1\new\register_bank.vhd:]
WARNING: [filemgmt 56-199] Attempt to get parsing info during refresh. "On-the-fly" syntax checking information may be incorrect. [C:\Users\ferna\OneDrive\Documentos\uergs\trabalhos\computer-organization\first-work\jaguar40\jaguar40.srcs\sources_1\new\ula.vhd:]
WARNING: [filemgmt 56-199] Attempt to get parsing info during refresh. "On-the-fly" syntax checking information may be incorrect. [C:\Users\ferna\OneDrive\Documentos\uergs\trabalhos\computer-organization\first-work\jaguar40\jaguar40.srcs\sim_1\new\tb_jaguar40.vhd:]
WARNING: [filemgmt 56-199] Attempt to get parsing info during refresh. "On-the-fly" syntax checking information may be incorrect. [C:\Users\ferna\OneDrive\Documentos\uergs\trabalhos\computer-organization\first-work\jaguar40\jaguar40.srcs\sources_1\new\memory.vhd:]
WARNING: [filemgmt 56-199] Attempt to get parsing info during refresh. "On-the-fly" syntax checking information may be incorrect. [C:\Users\ferna\OneDrive\Documentos\uergs\trabalhos\computer-organization\first-work\jaguar40\jaguar40.srcs\sources_1\new\control_unit.vhd:]
WARNING: [filemgmt 56-199] Attempt to get parsing info during refresh. "On-the-fly" syntax checking information may be incorrect. [C:\Users\ferna\OneDrive\Documentos\uergs\trabalhos\computer-organization\first-work\jaguar40\jaguar40.srcs\sources_1\new\pc.vhd:]
WARNING: [filemgmt 56-199] Attempt to get parsing info during refresh. "On-the-fly" syntax checking information may be incorrect. [C:\Users\ferna\OneDrive\Documentos\uergs\trabalhos\computer-organization\first-work\jaguar40\jaguar40.srcs\sources_1\new\jaguar40.vhd:]
WARNING: [filemgmt 56-199] Attempt to get parsing info during refresh. "On-the-fly" syntax checking information may be incorrect. [C:\Users\ferna\OneDrive\Documentos\uergs\trabalhos\computer-organization\first-work\jaguar40\jaguar40.srcs\sources_1\new\register_bank.vhd:]
WARNING: [filemgmt 56-199] Attempt to get parsing info during refresh. "On-the-fly" syntax checking information may be incorrect. [C:\Users\ferna\OneDrive\Documentos\uergs\trabalhos\computer-organization\first-work\jaguar40\jaguar40.srcs\sources_1\new\ula.vhd:]
WARNING: [filemgmt 56-199] Attempt to get parsing info during refresh. "On-the-fly" syntax checking information may be incorrect. [C:\Users\ferna\OneDrive\Documentos\uergs\trabalhos\computer-organization\first-work\jaguar40\jaguar40.srcs\sim_1\new\tb_jaguar40.vhd:]
WARNING: [filemgmt 56-199] Attempt to get parsing info during refresh. "On-the-fly" syntax checking information may be incorrect. [C:\Users\ferna\OneDrive\Documentos\uergs\trabalhos\computer-organization\first-work\jaguar40\jaguar40.srcs\sources_1\new\memory.vhd:]
WARNING: [filemgmt 56-199] Attempt to get parsing info during refresh. "On-the-fly" syntax checking information may be incorrect. [C:\Users\ferna\OneDrive\Documentos\uergs\trabalhos\computer-organization\first-work\jaguar40\jaguar40.srcs\sources_1\new\control_unit.vhd:]
WARNING: [filemgmt 56-199] Attempt to get parsing info during refresh. "On-the-fly" syntax checking information may be incorrect. [C:\Users\ferna\OneDrive\Documentos\uergs\trabalhos\computer-organization\first-work\jaguar40\jaguar40.srcs\sources_1\new\pc.vhd:]
WARNING: [filemgmt 56-199] Attempt to get parsing info during refresh. "On-the-fly" syntax checking information may be incorrect. [C:\Users\ferna\OneDrive\Documentos\uergs\trabalhos\computer-organization\first-work\jaguar40\jaguar40.srcs\sources_1\new\jaguar40.vhd:]
WARNING: [filemgmt 56-199] Attempt to get parsing info during refresh. "On-the-fly" syntax checking information may be incorrect. [C:\Users\ferna\OneDrive\Documentos\uergs\trabalhos\computer-organization\first-work\jaguar40\jaguar40.srcs\sources_1\new\register_bank.vhd:]
WARNING: [filemgmt 56-199] Attempt to get parsing info during refresh. "On-the-fly" syntax checking information may be incorrect. [C:\Users\ferna\OneDrive\Documentos\uergs\trabalhos\computer-organization\first-work\jaguar40\jaguar40.srcs\sources_1\new\ula.vhd:]
WARNING: [filemgmt 56-199] Attempt to get parsing info during refresh. "On-the-fly" syntax checking information may be incorrect. [C:\Users\ferna\OneDrive\Documentos\uergs\trabalhos\computer-organization\first-work\jaguar40\jaguar40.srcs\sim_1\new\tb_jaguar40.vhd:]
WARNING: [filemgmt 56-199] Attempt to get parsing info during refresh. "On-the-fly" syntax checking information may be incorrect. [C:\Users\ferna\OneDrive\Documentos\uergs\trabalhos\computer-organization\first-work\jaguar40\jaguar40.srcs\sources_1\new\memory.vhd:]
WARNING: [filemgmt 56-199] Attempt to get parsing info during refresh. "On-the-fly" syntax checking information may be incorrect. [C:\Users\ferna\OneDrive\Documentos\uergs\trabalhos\computer-organization\first-work\jaguar40\jaguar40.srcs\sources_1\new\control_unit.vhd:]
WARNING: [filemgmt 56-199] Attempt to get parsing info during refresh. "On-the-fly" syntax checking information may be incorrect. [C:\Users\ferna\OneDrive\Documentos\uergs\trabalhos\computer-organization\first-work\jaguar40\jaguar40.srcs\sources_1\new\pc.vhd:]
WARNING: [filemgmt 56-199] Attempt to get parsing info during refresh. "On-the-fly" syntax checking information may be incorrect. [C:\Users\ferna\OneDrive\Documentos\uergs\trabalhos\computer-organization\first-work\jaguar40\jaguar40.srcs\sources_1\new\jaguar40.vhd:]
WARNING: [filemgmt 56-199] Attempt to get parsing info during refresh. "On-the-fly" syntax checking information may be incorrect. [C:\Users\ferna\OneDrive\Documentos\uergs\trabalhos\computer-organization\first-work\jaguar40\jaguar40.srcs\sources_1\new\register_bank.vhd:]
Command: launch_simulation -step compile -simset sim_1 -mode behavioral
INFO: [Vivado 12-12493] Simulation top is 'tb_jaguar40'
WARNING: [Vivado 12-13340] Unable to auto find GCC executables from simulator install path! (path not set)
ERROR: [Common 17-180] Spawn failed: No error
WARNING: [filemgmt 56-199] Attempt to get parsing info during refresh. "On-the-fly" syntax checking information may be incorrect. [C:\Users\ferna\OneDrive\Documentos\uergs\trabalhos\computer-organization\first-work\jaguar40\jaguar40.srcs\sources_1\new\ula.vhd:]
WARNING: [filemgmt 56-199] Attempt to get parsing info during refresh. "On-the-fly" syntax checking information may be incorrect. [C:\Users\ferna\OneDrive\Documentos\uergs\trabalhos\computer-organization\first-work\jaguar40\jaguar40.srcs\sim_1\new\tb_jaguar40.vhd:]
WARNING: [filemgmt 56-199] Attempt to get parsing info during refresh. "On-the-fly" syntax checking information may be incorrect. [C:\Users\ferna\OneDrive\Documentos\uergs\trabalhos\computer-organization\first-work\jaguar40\jaguar40.srcs\sources_1\new\memory.vhd:]
WARNING: [filemgmt 56-199] Attempt to get parsing info during refresh. "On-the-fly" syntax checking information may be incorrect. [C:\Users\ferna\OneDrive\Documentos\uergs\trabalhos\computer-organization\first-work\jaguar40\jaguar40.srcs\sources_1\new\control_unit.vhd:]
WARNING: [filemgmt 56-199] Attempt to get parsing info during refresh. "On-the-fly" syntax checking information may be incorrect. [C:\Users\ferna\OneDrive\Documentos\uergs\trabalhos\computer-organization\first-work\jaguar40\jaguar40.srcs\sources_1\new\pc.vhd:]
WARNING: [filemgmt 56-199] Attempt to get parsing info during refresh. "On-the-fly" syntax checking information may be incorrect. [C:\Users\ferna\OneDrive\Documentos\uergs\trabalhos\computer-organization\first-work\jaguar40\jaguar40.srcs\sources_1\new\jaguar40.vhd:]
WARNING: [filemgmt 56-199] Attempt to get parsing info during refresh. "On-the-fly" syntax checking information may be incorrect. [C:\Users\ferna\OneDrive\Documentos\uergs\trabalhos\computer-organization\first-work\jaguar40\jaguar40.srcs\sources_1\new\register_bank.vhd:]
ERROR: [Common 17-180] Spawn failed: No error
ERROR: [Common 17-180] Spawn failed: No error
INFO: [Vivado 12-5682] Launching behavioral simulation in 'C:/Users/ferna/OneDrive/Documentos/uergs/trabalhos/computer-organization/first-work/jaguar40/jaguar40.sim/sim_1/behav/xsim'
INFO: [SIM-utils-51] Simulation object is 'sim_1'
INFO: [USF-XSim-2] XSim::Compile design
INFO: [USF-XSim-61] Executing 'COMPILE and ANALYZE' step in 'C:/Users/ferna/OneDrive/Documentos/uergs/trabalhos/computer-organization/first-work/jaguar40/jaguar40.sim/sim_1/behav/xsim'
"xvhdl --incr --relax -prj tb_jaguar40_vhdl.prj"
ECHO est  desativado.
ECHO est  desativado.
INFO: [VRFC 10-163] Analyzing VHDL file "C:/Users/ferna/OneDrive/Documentos/uergs/trabalhos/computer-organization/first-work/jaguar40/jaguar40.srcs/sim_1/new/tb_jaguar40.vhd" into library xil_defaultlib
INFO: [VRFC 10-3107] analyzing entity 'tb_jaguar40'
INFO: [USF-XSim-69] 'compile' step finished in '2' seconds
ERROR: [Common 17-39] 'launch_simulation' failed due to earlier errors.
ERROR: [Common 17-69] Command failed: ERROR: [Common 17-39] 'launch_simulation' failed due to earlier errors.

save_wave_config {C:/Users/ferna/OneDrive/Documentos/uergs/trabalhos/computer-organization/first-work/jaguar40/tb_jaguar40_behav.wcfg}
close_sim
INFO: [Simtcl 6-16] Simulation closed
launch_simulation
Command: launch_simulation 
INFO: [Vivado 12-12493] Simulation top is 'tb_jaguar40'
WARNING: [Vivado 12-13340] Unable to auto find GCC executables from simulator install path! (path not set)
INFO: [Vivado 12-5682] Launching behavioral simulation in 'C:/Users/ferna/OneDrive/Documentos/uergs/trabalhos/computer-organization/first-work/jaguar40/jaguar40.sim/sim_1/behav/xsim'
INFO: [SIM-utils-51] Simulation object is 'sim_1'
INFO: [SIM-utils-72] Using boost library from 'C:/Xilinx/Vivado/2023.2/tps/boost_1_72_0'
WARNING: [filemgmt 56-199] Attempt to get parsing info during refresh. "On-the-fly" syntax checking information may be incorrect. [C:\Users\ferna\OneDrive\Documentos\uergs\trabalhos\computer-organization\first-work\jaguar40\jaguar40.srcs\sources_1\new\ula.vhd:]
WARNING: [filemgmt 56-199] Attempt to get parsing info during refresh. "On-the-fly" syntax checking information may be incorrect. [C:\Users\ferna\OneDrive\Documentos\uergs\trabalhos\computer-organization\first-work\jaguar40\jaguar40.srcs\sim_1\new\tb_jaguar40.vhd:]
WARNING: [filemgmt 56-199] Attempt to get parsing info during refresh. "On-the-fly" syntax checking information may be incorrect. [C:\Users\ferna\OneDrive\Documentos\uergs\trabalhos\computer-organization\first-work\jaguar40\jaguar40.srcs\sources_1\new\memory.vhd:]
WARNING: [filemgmt 56-199] Attempt to get parsing info during refresh. "On-the-fly" syntax checking information may be incorrect. [C:\Users\ferna\OneDrive\Documentos\uergs\trabalhos\computer-organization\first-work\jaguar40\jaguar40.srcs\sources_1\new\control_unit.vhd:]
WARNING: [filemgmt 56-199] Attempt to get parsing info during refresh. "On-the-fly" syntax checking information may be incorrect. [C:\Users\ferna\OneDrive\Documentos\uergs\trabalhos\computer-organization\first-work\jaguar40\jaguar40.srcs\sources_1\new\pc.vhd:]
WARNING: [filemgmt 56-199] Attempt to get parsing info during refresh. "On-the-fly" syntax checking information may be incorrect. [C:\Users\ferna\OneDrive\Documentos\uergs\trabalhos\computer-organization\first-work\jaguar40\jaguar40.srcs\sources_1\new\jaguar40.vhd:]
WARNING: [filemgmt 56-199] Attempt to get parsing info during refresh. "On-the-fly" syntax checking information may be incorrect. [C:\Users\ferna\OneDrive\Documentos\uergs\trabalhos\computer-organization\first-work\jaguar40\jaguar40.srcs\sources_1\new\register_bank.vhd:]
INFO: [SIM-utils-54] Inspecting design source files for 'tb_jaguar40' in fileset 'sim_1'...
WARNING: [filemgmt 56-199] Attempt to get parsing info during refresh. "On-the-fly" syntax checking information may be incorrect. [C:\Users\ferna\OneDrive\Documentos\uergs\trabalhos\computer-organization\first-work\jaguar40\jaguar40.srcs\sources_1\new\ula.vhd:]
WARNING: [filemgmt 56-199] Attempt to get parsing info during refresh. "On-the-fly" syntax checking information may be incorrect. [C:\Users\ferna\OneDrive\Documentos\uergs\trabalhos\computer-organization\first-work\jaguar40\jaguar40.srcs\sim_1\new\tb_jaguar40.vhd:]
WARNING: [filemgmt 56-199] Attempt to get parsing info during refresh. "On-the-fly" syntax checking information may be incorrect. [C:\Users\ferna\OneDrive\Documentos\uergs\trabalhos\computer-organization\first-work\jaguar40\jaguar40.srcs\sources_1\new\memory.vhd:]
WARNING: [filemgmt 56-199] Attempt to get parsing info during refresh. "On-the-fly" syntax checking information may be incorrect. [C:\Users\ferna\OneDrive\Documentos\uergs\trabalhos\computer-organization\first-work\jaguar40\jaguar40.srcs\sources_1\new\control_unit.vhd:]
WARNING: [filemgmt 56-199] Attempt to get parsing info during refresh. "On-the-fly" syntax checking information may be incorrect. [C:\Users\ferna\OneDrive\Documentos\uergs\trabalhos\computer-organization\first-work\jaguar40\jaguar40.srcs\sources_1\new\pc.vhd:]
WARNING: [filemgmt 56-199] Attempt to get parsing info during refresh. "On-the-fly" syntax checking information may be incorrect. [C:\Users\ferna\OneDrive\Documentos\uergs\trabalhos\computer-organization\first-work\jaguar40\jaguar40.srcs\sources_1\new\register_bank.vhd:]
WARNING: [filemgmt 56-199] Attempt to get parsing info during refresh. "On-the-fly" syntax checking information may be incorrect. [C:\Users\ferna\OneDrive\Documentos\uergs\trabalhos\computer-organization\first-work\jaguar40\jaguar40.srcs\sources_1\new\ula.vhd:]
WARNING: [filemgmt 56-199] Attempt to get parsing info during refresh. "On-the-fly" syntax checking information may be incorrect. [C:\Users\ferna\OneDrive\Documentos\uergs\trabalhos\computer-organization\first-work\jaguar40\jaguar40.srcs\sim_1\new\tb_jaguar40.vhd:]
WARNING: [filemgmt 56-199] Attempt to get parsing info during refresh. "On-the-fly" syntax checking information may be incorrect. [C:\Users\ferna\OneDrive\Documentos\uergs\trabalhos\computer-organization\first-work\jaguar40\jaguar40.srcs\sources_1\new\memory.vhd:]
WARNING: [filemgmt 56-199] Attempt to get parsing info during refresh. "On-the-fly" syntax checking information may be incorrect. [C:\Users\ferna\OneDrive\Documentos\uergs\trabalhos\computer-organization\first-work\jaguar40\jaguar40.srcs\sources_1\new\control_unit.vhd:]
WARNING: [filemgmt 56-199] Attempt to get parsing info during refresh. "On-the-fly" syntax checking information may be incorrect. [C:\Users\ferna\OneDrive\Documentos\uergs\trabalhos\computer-organization\first-work\jaguar40\jaguar40.srcs\sources_1\new\jaguar40.vhd:]
WARNING: [filemgmt 56-199] Attempt to get parsing info during refresh. "On-the-fly" syntax checking information may be incorrect. [C:\Users\ferna\OneDrive\Documentos\uergs\trabalhos\computer-organization\first-work\jaguar40\jaguar40.srcs\sources_1\new\register_bank.vhd:]
INFO: [USF-XSim-97] Finding global include files...
WARNING: [filemgmt 56-199] Attempt to get parsing info during refresh. "On-the-fly" syntax checking information may be incorrect. [C:\Users\ferna\OneDrive\Documentos\uergs\trabalhos\computer-organization\first-work\jaguar40\jaguar40.srcs\sources_1\new\ula.vhd:]
INFO: [USF-XSim-98] Fetching design files from 'sim_1'...
WARNING: [filemgmt 56-199] Attempt to get parsing info during refresh. "On-the-fly" syntax checking information may be incorrect. [C:\Users\ferna\OneDrive\Documentos\uergs\trabalhos\computer-organization\first-work\jaguar40\jaguar40.srcs\sim_1\new\tb_jaguar40.vhd:]
WARNING: [filemgmt 56-199] Attempt to get parsing info during refresh. "On-the-fly" syntax checking information may be incorrect. [C:\Users\ferna\OneDrive\Documentos\uergs\trabalhos\computer-organization\first-work\jaguar40\jaguar40.srcs\sources_1\new\memory.vhd:]
WARNING: [filemgmt 56-199] Attempt to get parsing info during refresh. "On-the-fly" syntax checking information may be incorrect. [C:\Users\ferna\OneDrive\Documentos\uergs\trabalhos\computer-organization\first-work\jaguar40\jaguar40.srcs\sources_1\new\register_bank.vhd:]
WARNING: [filemgmt 56-199] Attempt to get parsing info during refresh. "On-the-fly" syntax checking information may be incorrect. [C:\Users\ferna\OneDrive\Documentos\uergs\trabalhos\computer-organization\first-work\jaguar40\jaguar40.srcs\sources_1\new\ula.vhd:]
INFO: [USF-XSim-2] XSim::Compile design
INFO: [USF-XSim-61] Executing 'COMPILE and ANALYZE' step in 'C:/Users/ferna/OneDrive/Documentos/uergs/trabalhos/computer-organization/first-work/jaguar40/jaguar40.sim/sim_1/behav/xsim'
"xvhdl --incr --relax -prj tb_jaguar40_vhdl.prj"
ECHO est  desativado.
ECHO est  desativado.
ERROR: [Common 17-180] Spawn failed: No error
WARNING: [filemgmt 56-199] Attempt to get parsing info during refresh. "On-the-fly" syntax checking information may be incorrect. [C:\Users\ferna\OneDrive\Documentos\uergs\trabalhos\computer-organization\first-work\jaguar40\jaguar40.srcs\sources_1\new\ula.vhd:]
WARNING: [filemgmt 56-199] Attempt to get parsing info during refresh. "On-the-fly" syntax checking information may be incorrect. [C:\Users\ferna\OneDrive\Documentos\uergs\trabalhos\computer-organization\first-work\jaguar40\jaguar40.srcs\sim_1\new\tb_jaguar40.vhd:]
WARNING: [filemgmt 56-199] Attempt to get parsing info during refresh. "On-the-fly" syntax checking information may be incorrect. [C:\Users\ferna\OneDrive\Documentos\uergs\trabalhos\computer-organization\first-work\jaguar40\jaguar40.srcs\sources_1\new\memory.vhd:]
WARNING: [filemgmt 56-199] Attempt to get parsing info during refresh. "On-the-fly" syntax checking information may be incorrect. [C:\Users\ferna\OneDrive\Documentos\uergs\trabalhos\computer-organization\first-work\jaguar40\jaguar40.srcs\sources_1\new\control_unit.vhd:]
WARNING: [filemgmt 56-199] Attempt to get parsing info during refresh. "On-the-fly" syntax checking information may be incorrect. [C:\Users\ferna\OneDrive\Documentos\uergs\trabalhos\computer-organization\first-work\jaguar40\jaguar40.srcs\sources_1\new\pc.vhd:]
WARNING: [filemgmt 56-199] Attempt to get parsing info during refresh. "On-the-fly" syntax checking information may be incorrect. [C:\Users\ferna\OneDrive\Documentos\uergs\trabalhos\computer-organization\first-work\jaguar40\jaguar40.srcs\sources_1\new\jaguar40.vhd:]
WARNING: [filemgmt 56-199] Attempt to get parsing info during refresh. "On-the-fly" syntax checking information may be incorrect. [C:\Users\ferna\OneDrive\Documentos\uergs\trabalhos\computer-organization\first-work\jaguar40\jaguar40.srcs\sources_1\new\register_bank.vhd:]
ERROR: [Common 17-180] Spawn failed: No error
INFO: [USF-XSim-69] 'compile' step finished in '2' seconds
ERROR: [USF-XSim-62] 'compile' step failed with error(s) while executing 'C:/Users/ferna/OneDrive/Documentos/uergs/trabalhos/computer-organization/first-work/jaguar40/jaguar40.sim/sim_1/behav/xsim/compile.bat' script. Please check that the file has the correct 'read/write/execute' permissions and the Tcl console output for any other possible errors or warnings.
ERROR: [Vivado 12-4473] Detected error while running simulation. Please correct the issue and retry this operation.
ERROR: [Common 17-39] 'launch_simulation' failed due to earlier errors.
launch_simulation
Command: launch_simulation 
INFO: [Vivado 12-12493] Simulation top is 'tb_jaguar40'
WARNING: [Vivado 12-13340] Unable to auto find GCC executables from simulator install path! (path not set)
INFO: [Vivado 12-5682] Launching behavioral simulation in 'C:/Users/ferna/OneDrive/Documentos/uergs/trabalhos/computer-organization/first-work/jaguar40/jaguar40.sim/sim_1/behav/xsim'
INFO: [SIM-utils-51] Simulation object is 'sim_1'
INFO: [SIM-utils-72] Using boost library from 'C:/Xilinx/Vivado/2023.2/tps/boost_1_72_0'
INFO: [SIM-utils-54] Inspecting design source files for 'tb_jaguar40' in fileset 'sim_1'...
INFO: [USF-XSim-97] Finding global include files...
INFO: [USF-XSim-98] Fetching design files from 'sim_1'...
INFO: [USF-XSim-2] XSim::Compile design
INFO: [USF-XSim-61] Executing 'COMPILE and ANALYZE' step in 'C:/Users/ferna/OneDrive/Documentos/uergs/trabalhos/computer-organization/first-work/jaguar40/jaguar40.sim/sim_1/behav/xsim'
"xvhdl --incr --relax -prj tb_jaguar40_vhdl.prj"
ECHO est  desativado.
ECHO est  desativado.
INFO: [USF-XSim-69] 'compile' step finished in '1' seconds
INFO: [USF-XSim-3] XSim::Elaborate design
INFO: [USF-XSim-61] Executing 'ELABORATE' step in 'C:/Users/ferna/OneDrive/Documentos/uergs/trabalhos/computer-organization/first-work/jaguar40/jaguar40.sim/sim_1/behav/xsim'
"xelab --incr --debug typical --relax --mt 2 -L xil_defaultlib -L secureip --snapshot tb_jaguar40_behav xil_defaultlib.tb_jaguar40 -log elaborate.log"
ECHO est  desativado.
ECHO est  desativado.
Vivado Simulator v2023.2
Copyright 1986-2022 Xilinx, Inc. All Rights Reserved.
Copyright 2022-2023 Advanced Micro Devices, Inc. All Rights Reserved.
Running: C:/Xilinx/Vivado/2023.2/bin/unwrapped/win64.o/xelab.exe --incr --debug typical --relax --mt 2 -L xil_defaultlib -L secureip --snapshot tb_jaguar40_behav xil_defaultlib.tb_jaguar40 -log elaborate.log 
Using 2 slave threads.
Starting static elaboration
Completed static elaboration
Starting simulation data flow analysis
Completed simulation data flow analysis
Time Resolution for simulation is 1ps
Compiling package std.standard
Compiling package std.textio
Compiling package ieee.std_logic_1164
Compiling package ieee.numeric_std
Compiling package ieee.std_logic_arith
Compiling package ieee.std_logic_unsigned
Compiling architecture behavioral of entity xil_defaultlib.ula [ula_default]
Compiling architecture behavioral of entity xil_defaultlib.register_bank [register_bank_default]
Compiling architecture behavioral of entity xil_defaultlib.pc [pc_default]
Compiling architecture behavioral of entity xil_defaultlib.control_unit [control_unit_default]
Compiling architecture behavioral of entity xil_defaultlib.memory [memory_default]
Compiling architecture behavioral of entity xil_defaultlib.jaguar40 [jaguar40_default]
Compiling architecture behavior of entity xil_defaultlib.tb_jaguar40
Built simulation snapshot tb_jaguar40_behav
INFO: [USF-XSim-69] 'elaborate' step finished in '3' seconds
INFO: [USF-XSim-4] XSim::Simulate design
INFO: [USF-XSim-61] Executing 'SIMULATE' step in 'C:/Users/ferna/OneDrive/Documentos/uergs/trabalhos/computer-organization/first-work/jaguar40/jaguar40.sim/sim_1/behav/xsim'
INFO: [USF-XSim-98] *** Running xsim
   with args "tb_jaguar40_behav -key {Behavioral:sim_1:Functional:tb_jaguar40} -tclbatch {tb_jaguar40.tcl} -view {C:/Users/ferna/OneDrive/Documentos/uergs/trabalhos/computer-organization/first-work/jaguar40/tb_jaguar40_behav.wcfg} -log {simulate.log}"
INFO: [USF-XSim-8] Loading simulator feature
Time resolution is 1 ps
open_wave_config C:/Users/ferna/OneDrive/Documentos/uergs/trabalhos/computer-organization/first-work/jaguar40/tb_jaguar40_behav.wcfg
source tb_jaguar40.tcl
# set curr_wave [current_wave_config]
# if { [string length $curr_wave] == 0 } {
#   if { [llength [get_objects]] > 0} {
#     add_wave /
#     set_property needs_save false [current_wave_config]
#   } else {
#      send_msg_id Add_Wave-1 WARNING "No top level signals found. Simulator will start without a wave window. If you want to open a wave window go to 'File->New Waveform Configuration' or type 'create_wave_config' in the TCL console."
#   }
# }
# run 1000ns
INFO: [USF-XSim-96] XSim completed. Design snapshot 'tb_jaguar40_behav' loaded.
INFO: [USF-XSim-97] XSim simulation ran for 1000ns
launch_simulation: Time (s): cpu = 00:00:03 ; elapsed = 00:00:07 . Memory (MB): peak = 2615.324 ; gain = 0.000
close [ open C:/Users/ferna/OneDrive/Documentos/uergs/trabalhos/computer-organization/first-work/jaguar40/jaguar40.srcs/sources_1/new/intermed_register.vhd w ]
add_files C:/Users/ferna/OneDrive/Documentos/uergs/trabalhos/computer-organization/first-work/jaguar40/jaguar40.srcs/sources_1/new/intermed_register.vhd
WARNING: [filemgmt 56-199] Attempt to get parsing info during refresh. "On-the-fly" syntax checking information may be incorrect. [C:\Users\ferna\OneDrive\Documentos\uergs\trabalhos\computer-organization\first-work\jaguar40\jaguar40.srcs\sources_1\new\ula.vhd:]
WARNING: [filemgmt 56-199] Attempt to get parsing info during refresh. "On-the-fly" syntax checking information may be incorrect. [C:\Users\ferna\OneDrive\Documentos\uergs\trabalhos\computer-organization\first-work\jaguar40\jaguar40.srcs\sim_1\new\tb_jaguar40.vhd:]
WARNING: [filemgmt 56-199] Attempt to get parsing info during refresh. "On-the-fly" syntax checking information may be incorrect. [C:\Users\ferna\OneDrive\Documentos\uergs\trabalhos\computer-organization\first-work\jaguar40\jaguar40.srcs\sources_1\new\memory.vhd:]
WARNING: [filemgmt 56-199] Attempt to get parsing info during refresh. "On-the-fly" syntax checking information may be incorrect. [C:\Users\ferna\OneDrive\Documentos\uergs\trabalhos\computer-organization\first-work\jaguar40\jaguar40.srcs\sources_1\new\control_unit.vhd:]
WARNING: [filemgmt 56-199] Attempt to get parsing info during refresh. "On-the-fly" syntax checking information may be incorrect. [C:\Users\ferna\OneDrive\Documentos\uergs\trabalhos\computer-organization\first-work\jaguar40\jaguar40.srcs\sources_1\new\pc.vhd:]
WARNING: [filemgmt 56-199] Attempt to get parsing info during refresh. "On-the-fly" syntax checking information may be incorrect. [C:\Users\ferna\OneDrive\Documentos\uergs\trabalhos\computer-organization\first-work\jaguar40\jaguar40.srcs\sources_1\new\jaguar40.vhd:]
WARNING: [filemgmt 56-199] Attempt to get parsing info during refresh. "On-the-fly" syntax checking information may be incorrect. [C:\Users\ferna\OneDrive\Documentos\uergs\trabalhos\computer-organization\first-work\jaguar40\jaguar40.srcs\sources_1\new\register_bank.vhd:]
WARNING: [filemgmt 56-199] Attempt to get parsing info during refresh. "On-the-fly" syntax checking information may be incorrect. [C:\Users\ferna\OneDrive\Documentos\uergs\trabalhos\computer-organization\first-work\jaguar40\jaguar40.srcs\sources_1\new\ula.vhd:]
WARNING: [filemgmt 56-199] Attempt to get parsing info during refresh. "On-the-fly" syntax checking information may be incorrect. [C:\Users\ferna\OneDrive\Documentos\uergs\trabalhos\computer-organization\first-work\jaguar40\jaguar40.srcs\sim_1\new\tb_jaguar40.vhd:]
WARNING: [filemgmt 56-199] Attempt to get parsing info during refresh. "On-the-fly" syntax checking information may be incorrect. [C:\Users\ferna\OneDrive\Documentos\uergs\trabalhos\computer-organization\first-work\jaguar40\jaguar40.srcs\sources_1\new\memory.vhd:]
WARNING: [filemgmt 56-199] Attempt to get parsing info during refresh. "On-the-fly" syntax checking information may be incorrect. [C:\Users\ferna\OneDrive\Documentos\uergs\trabalhos\computer-organization\first-work\jaguar40\jaguar40.srcs\sources_1\new\control_unit.vhd:]
WARNING: [filemgmt 56-199] Attempt to get parsing info during refresh. "On-the-fly" syntax checking information may be incorrect. [C:\Users\ferna\OneDrive\Documentos\uergs\trabalhos\computer-organization\first-work\jaguar40\jaguar40.srcs\sources_1\new\pc.vhd:]
WARNING: [filemgmt 56-199] Attempt to get parsing info during refresh. "On-the-fly" syntax checking information may be incorrect. [C:\Users\ferna\OneDrive\Documentos\uergs\trabalhos\computer-organization\first-work\jaguar40\jaguar40.srcs\sources_1\new\jaguar40.vhd:]
WARNING: [filemgmt 56-199] Attempt to get parsing info during refresh. "On-the-fly" syntax checking information may be incorrect. [C:\Users\ferna\OneDrive\Documentos\uergs\trabalhos\computer-organization\first-work\jaguar40\jaguar40.srcs\sources_1\new\register_bank.vhd:]
WARNING: [filemgmt 56-199] Attempt to get parsing info during refresh. "On-the-fly" syntax checking information may be incorrect. [C:\Users\ferna\OneDrive\Documentos\uergs\trabalhos\computer-organization\first-work\jaguar40\jaguar40.srcs\sources_1\new\ula.vhd:]
WARNING: [filemgmt 56-199] Attempt to get parsing info during refresh. "On-the-fly" syntax checking information may be incorrect. [C:\Users\ferna\OneDrive\Documentos\uergs\trabalhos\computer-organization\first-work\jaguar40\jaguar40.srcs\sim_1\new\tb_jaguar40.vhd:]
WARNING: [filemgmt 56-199] Attempt to get parsing info during refresh. "On-the-fly" syntax checking information may be incorrect. [C:\Users\ferna\OneDrive\Documentos\uergs\trabalhos\computer-organization\first-work\jaguar40\jaguar40.srcs\sources_1\new\memory.vhd:]
WARNING: [filemgmt 56-199] Attempt to get parsing info during refresh. "On-the-fly" syntax checking information may be incorrect. [C:\Users\ferna\OneDrive\Documentos\uergs\trabalhos\computer-organization\first-work\jaguar40\jaguar40.srcs\sources_1\new\control_unit.vhd:]
WARNING: [filemgmt 56-199] Attempt to get parsing info during refresh. "On-the-fly" syntax checking information may be incorrect. [C:\Users\ferna\OneDrive\Documentos\uergs\trabalhos\computer-organization\first-work\jaguar40\jaguar40.srcs\sources_1\new\pc.vhd:]
WARNING: [filemgmt 56-199] Attempt to get parsing info during refresh. "On-the-fly" syntax checking information may be incorrect. [C:\Users\ferna\OneDrive\Documentos\uergs\trabalhos\computer-organization\first-work\jaguar40\jaguar40.srcs\sources_1\new\jaguar40.vhd:]
WARNING: [filemgmt 56-199] Attempt to get parsing info during refresh. "On-the-fly" syntax checking information may be incorrect. [C:\Users\ferna\OneDrive\Documentos\uergs\trabalhos\computer-organization\first-work\jaguar40\jaguar40.srcs\sources_1\new\register_bank.vhd:]
WARNING: [filemgmt 56-199] Attempt to get parsing info during refresh. "On-the-fly" syntax checking information may be incorrect. [C:\Users\ferna\OneDrive\Documentos\uergs\trabalhos\computer-organization\first-work\jaguar40\jaguar40.srcs\sources_1\new\ula.vhd:]
WARNING: [filemgmt 56-199] Attempt to get parsing info during refresh. "On-the-fly" syntax checking information may be incorrect. [C:\Users\ferna\OneDrive\Documentos\uergs\trabalhos\computer-organization\first-work\jaguar40\jaguar40.srcs\sim_1\new\tb_jaguar40.vhd:]
WARNING: [filemgmt 56-199] Attempt to get parsing info during refresh. "On-the-fly" syntax checking information may be incorrect. [C:\Users\ferna\OneDrive\Documentos\uergs\trabalhos\computer-organization\first-work\jaguar40\jaguar40.srcs\sources_1\new\memory.vhd:]
WARNING: [filemgmt 56-199] Attempt to get parsing info during refresh. "On-the-fly" syntax checking information may be incorrect. [C:\Users\ferna\OneDrive\Documentos\uergs\trabalhos\computer-organization\first-work\jaguar40\jaguar40.srcs\sources_1\new\control_unit.vhd:]
WARNING: [filemgmt 56-199] Attempt to get parsing info during refresh. "On-the-fly" syntax checking information may be incorrect. [C:\Users\ferna\OneDrive\Documentos\uergs\trabalhos\computer-organization\first-work\jaguar40\jaguar40.srcs\sources_1\new\pc.vhd:]
WARNING: [filemgmt 56-199] Attempt to get parsing info during refresh. "On-the-fly" syntax checking information may be incorrect. [C:\Users\ferna\OneDrive\Documentos\uergs\trabalhos\computer-organization\first-work\jaguar40\jaguar40.srcs\sources_1\new\jaguar40.vhd:]
WARNING: [filemgmt 56-199] Attempt to get parsing info during refresh. "On-the-fly" syntax checking information may be incorrect. [C:\Users\ferna\OneDrive\Documentos\uergs\trabalhos\computer-organization\first-work\jaguar40\jaguar40.srcs\sources_1\new\register_bank.vhd:]
ERROR: [Common 17-180] Spawn failed: No error
ERROR: [Common 17-180] Spawn failed: No error
ERROR: [Common 17-180] Spawn failed: No error
WARNING: [filemgmt 56-199] Attempt to get parsing info during refresh. "On-the-fly" syntax checking information may be incorrect. [C:\Users\ferna\OneDrive\Documentos\uergs\trabalhos\computer-organization\first-work\jaguar40\jaguar40.srcs\sources_1\new\ula.vhd:]
WARNING: [filemgmt 56-199] Attempt to get parsing info during refresh. "On-the-fly" syntax checking information may be incorrect. [C:\Users\ferna\OneDrive\Documentos\uergs\trabalhos\computer-organization\first-work\jaguar40\jaguar40.srcs\sources_1\new\ula.vhd:]
WARNING: [filemgmt 56-199] Attempt to get parsing info during refresh. "On-the-fly" syntax checking information may be incorrect. [C:\Users\ferna\OneDrive\Documentos\uergs\trabalhos\computer-organization\first-work\jaguar40\jaguar40.srcs\sim_1\new\tb_jaguar40.vhd:]
WARNING: [filemgmt 56-199] Attempt to get parsing info during refresh. "On-the-fly" syntax checking information may be incorrect. [C:\Users\ferna\OneDrive\Documentos\uergs\trabalhos\computer-organization\first-work\jaguar40\jaguar40.srcs\sources_1\new\memory.vhd:]
WARNING: [filemgmt 56-199] Attempt to get parsing info during refresh. "On-the-fly" syntax checking information may be incorrect. [C:\Users\ferna\OneDrive\Documentos\uergs\trabalhos\computer-organization\first-work\jaguar40\jaguar40.srcs\sources_1\new\control_unit.vhd:]
WARNING: [filemgmt 56-199] Attempt to get parsing info during refresh. "On-the-fly" syntax checking information may be incorrect. [C:\Users\ferna\OneDrive\Documentos\uergs\trabalhos\computer-organization\first-work\jaguar40\jaguar40.srcs\sources_1\new\pc.vhd:]
WARNING: [filemgmt 56-199] Attempt to get parsing info during refresh. "On-the-fly" syntax checking information may be incorrect. [C:\Users\ferna\OneDrive\Documentos\uergs\trabalhos\computer-organization\first-work\jaguar40\jaguar40.srcs\sources_1\new\jaguar40.vhd:]
WARNING: [filemgmt 56-199] Attempt to get parsing info during refresh. "On-the-fly" syntax checking information may be incorrect. [C:\Users\ferna\OneDrive\Documentos\uergs\trabalhos\computer-organization\first-work\jaguar40\jaguar40.srcs\sources_1\new\register_bank.vhd:]
WARNING: [filemgmt 56-199] Attempt to get parsing info during refresh. "On-the-fly" syntax checking information may be incorrect. [C:\Users\ferna\OneDrive\Documentos\uergs\trabalhos\computer-organization\first-work\jaguar40\jaguar40.srcs\sources_1\new\ula.vhd:]
WARNING: [filemgmt 56-199] Attempt to get parsing info during refresh. "On-the-fly" syntax checking information may be incorrect. [C:\Users\ferna\OneDrive\Documentos\uergs\trabalhos\computer-organization\first-work\jaguar40\jaguar40.srcs\sim_1\new\tb_jaguar40.vhd:]
WARNING: [filemgmt 56-199] Attempt to get parsing info during refresh. "On-the-fly" syntax checking information may be incorrect. [C:\Users\ferna\OneDrive\Documentos\uergs\trabalhos\computer-organization\first-work\jaguar40\jaguar40.srcs\sources_1\new\memory.vhd:]
WARNING: [filemgmt 56-199] Attempt to get parsing info during refresh. "On-the-fly" syntax checking information may be incorrect. [C:\Users\ferna\OneDrive\Documentos\uergs\trabalhos\computer-organization\first-work\jaguar40\jaguar40.srcs\sources_1\new\control_unit.vhd:]
WARNING: [filemgmt 56-199] Attempt to get parsing info during refresh. "On-the-fly" syntax checking information may be incorrect. [C:\Users\ferna\OneDrive\Documentos\uergs\trabalhos\computer-organization\first-work\jaguar40\jaguar40.srcs\sources_1\new\pc.vhd:]
WARNING: [filemgmt 56-199] Attempt to get parsing info during refresh. "On-the-fly" syntax checking information may be incorrect. [C:\Users\ferna\OneDrive\Documentos\uergs\trabalhos\computer-organization\first-work\jaguar40\jaguar40.srcs\sources_1\new\jaguar40.vhd:]
WARNING: [filemgmt 56-199] Attempt to get parsing info during refresh. "On-the-fly" syntax checking information may be incorrect. [C:\Users\ferna\OneDrive\Documentos\uergs\trabalhos\computer-organization\first-work\jaguar40\jaguar40.srcs\sources_1\new\register_bank.vhd:]
WARNING: [filemgmt 56-199] Attempt to get parsing info during refresh. "On-the-fly" syntax checking information may be incorrect. [C:\Users\ferna\OneDrive\Documentos\uergs\trabalhos\computer-organization\first-work\jaguar40\jaguar40.srcs\sources_1\new\ula.vhd:]
WARNING: [filemgmt 56-199] Attempt to get parsing info during refresh. "On-the-fly" syntax checking information may be incorrect. [C:\Users\ferna\OneDrive\Documentos\uergs\trabalhos\computer-organization\first-work\jaguar40\jaguar40.srcs\sim_1\new\tb_jaguar40.vhd:]
WARNING: [filemgmt 56-199] Attempt to get parsing info during refresh. "On-the-fly" syntax checking information may be incorrect. [C:\Users\ferna\OneDrive\Documentos\uergs\trabalhos\computer-organization\first-work\jaguar40\jaguar40.srcs\sources_1\new\memory.vhd:]
WARNING: [filemgmt 56-199] Attempt to get parsing info during refresh. "On-the-fly" syntax checking information may be incorrect. [C:\Users\ferna\OneDrive\Documentos\uergs\trabalhos\computer-organization\first-work\jaguar40\jaguar40.srcs\sources_1\new\control_unit.vhd:]
WARNING: [filemgmt 56-199] Attempt to get parsing info during refresh. "On-the-fly" syntax checking information may be incorrect. [C:\Users\ferna\OneDrive\Documentos\uergs\trabalhos\computer-organization\first-work\jaguar40\jaguar40.srcs\sources_1\new\pc.vhd:]
WARNING: [filemgmt 56-199] Attempt to get parsing info during refresh. "On-the-fly" syntax checking information may be incorrect. [C:\Users\ferna\OneDrive\Documentos\uergs\trabalhos\computer-organization\first-work\jaguar40\jaguar40.srcs\sources_1\new\jaguar40.vhd:]
WARNING: [filemgmt 56-199] Attempt to get parsing info during refresh. "On-the-fly" syntax checking information may be incorrect. [C:\Users\ferna\OneDrive\Documentos\uergs\trabalhos\computer-organization\first-work\jaguar40\jaguar40.srcs\sources_1\new\register_bank.vhd:]
WARNING: [filemgmt 56-199] Attempt to get parsing info during refresh. "On-the-fly" syntax checking information may be incorrect. [C:\Users\ferna\OneDrive\Documentos\uergs\trabalhos\computer-organization\first-work\jaguar40\jaguar40.srcs\sources_1\new\ula.vhd:]
WARNING: [filemgmt 56-199] Attempt to get parsing info during refresh. "On-the-fly" syntax checking information may be incorrect. [C:\Users\ferna\OneDrive\Documentos\uergs\trabalhos\computer-organization\first-work\jaguar40\jaguar40.srcs\sim_1\new\tb_jaguar40.vhd:]
WARNING: [filemgmt 56-199] Attempt to get parsing info during refresh. "On-the-fly" syntax checking information may be incorrect. [C:\Users\ferna\OneDrive\Documentos\uergs\trabalhos\computer-organization\first-work\jaguar40\jaguar40.srcs\sources_1\new\memory.vhd:]
WARNING: [filemgmt 56-199] Attempt to get parsing info during refresh. "On-the-fly" syntax checking information may be incorrect. [C:\Users\ferna\OneDrive\Documentos\uergs\trabalhos\computer-organization\first-work\jaguar40\jaguar40.srcs\sources_1\new\control_unit.vhd:]
WARNING: [filemgmt 56-199] Attempt to get parsing info during refresh. "On-the-fly" syntax checking information may be incorrect. [C:\Users\ferna\OneDrive\Documentos\uergs\trabalhos\computer-organization\first-work\jaguar40\jaguar40.srcs\sources_1\new\pc.vhd:]
WARNING: [filemgmt 56-199] Attempt to get parsing info during refresh. "On-the-fly" syntax checking information may be incorrect. [C:\Users\ferna\OneDrive\Documentos\uergs\trabalhos\computer-organization\first-work\jaguar40\jaguar40.srcs\sources_1\new\jaguar40.vhd:]
WARNING: [filemgmt 56-199] Attempt to get parsing info during refresh. "On-the-fly" syntax checking information may be incorrect. [C:\Users\ferna\OneDrive\Documentos\uergs\trabalhos\computer-organization\first-work\jaguar40\jaguar40.srcs\sources_1\new\register_bank.vhd:]
WARNING: [filemgmt 56-199] Attempt to get parsing info during refresh. "On-the-fly" syntax checking information may be incorrect. [C:\Users\ferna\OneDrive\Documentos\uergs\trabalhos\computer-organization\first-work\jaguar40\jaguar40.srcs\sources_1\new\ula.vhd:]
WARNING: [filemgmt 56-199] Attempt to get parsing info during refresh. "On-the-fly" syntax checking information may be incorrect. [C:\Users\ferna\OneDrive\Documentos\uergs\trabalhos\computer-organization\first-work\jaguar40\jaguar40.srcs\sim_1\new\tb_jaguar40.vhd:]
WARNING: [filemgmt 56-199] Attempt to get parsing info during refresh. "On-the-fly" syntax checking information may be incorrect. [C:\Users\ferna\OneDrive\Documentos\uergs\trabalhos\computer-organization\first-work\jaguar40\jaguar40.srcs\sources_1\new\memory.vhd:]
WARNING: [filemgmt 56-199] Attempt to get parsing info during refresh. "On-the-fly" syntax checking information may be incorrect. [C:\Users\ferna\OneDrive\Documentos\uergs\trabalhos\computer-organization\first-work\jaguar40\jaguar40.srcs\sources_1\new\control_unit.vhd:]
WARNING: [filemgmt 56-199] Attempt to get parsing info during refresh. "On-the-fly" syntax checking information may be incorrect. [C:\Users\ferna\OneDrive\Documentos\uergs\trabalhos\computer-organization\first-work\jaguar40\jaguar40.srcs\sources_1\new\pc.vhd:]
WARNING: [filemgmt 56-199] Attempt to get parsing info during refresh. "On-the-fly" syntax checking information may be incorrect. [C:\Users\ferna\OneDrive\Documentos\uergs\trabalhos\computer-organization\first-work\jaguar40\jaguar40.srcs\sources_1\new\jaguar40.vhd:]
WARNING: [filemgmt 56-199] Attempt to get parsing info during refresh. "On-the-fly" syntax checking information may be incorrect. [C:\Users\ferna\OneDrive\Documentos\uergs\trabalhos\computer-organization\first-work\jaguar40\jaguar40.srcs\sources_1\new\register_bank.vhd:]
WARNING: [filemgmt 56-199] Attempt to get parsing info during refresh. "On-the-fly" syntax checking information may be incorrect. [C:\Users\ferna\OneDrive\Documentos\uergs\trabalhos\computer-organization\first-work\jaguar40\jaguar40.srcs\sources_1\new\ula.vhd:]
WARNING: [filemgmt 56-199] Attempt to get parsing info during refresh. "On-the-fly" syntax checking information may be incorrect. [C:\Users\ferna\OneDrive\Documentos\uergs\trabalhos\computer-organization\first-work\jaguar40\jaguar40.srcs\sim_1\new\tb_jaguar40.vhd:]
WARNING: [filemgmt 56-199] Attempt to get parsing info during refresh. "On-the-fly" syntax checking information may be incorrect. [C:\Users\ferna\OneDrive\Documentos\uergs\trabalhos\computer-organization\first-work\jaguar40\jaguar40.srcs\sources_1\new\memory.vhd:]
WARNING: [filemgmt 56-199] Attempt to get parsing info during refresh. "On-the-fly" syntax checking information may be incorrect. [C:\Users\ferna\OneDrive\Documentos\uergs\trabalhos\computer-organization\first-work\jaguar40\jaguar40.srcs\sources_1\new\control_unit.vhd:]
WARNING: [filemgmt 56-199] Attempt to get parsing info during refresh. "On-the-fly" syntax checking information may be incorrect. [C:\Users\ferna\OneDrive\Documentos\uergs\trabalhos\computer-organization\first-work\jaguar40\jaguar40.srcs\sources_1\new\pc.vhd:]
INFO: [Common 17-14] Message 'filemgmt 56-199' appears 100 times and further instances of the messages will be disabled. Use the Tcl command set_msg_config to change the current settings.
update_compile_order -fileset sources_1
WARNING: [filemgmt 56-199] Attempt to get parsing info during refresh. "On-the-fly" syntax checking information may be incorrect. [C:\Users\ferna\OneDrive\Documentos\uergs\trabalhos\computer-organization\first-work\jaguar40\jaguar40.srcs\sources_1\new\ula.vhd:]
WARNING: [filemgmt 56-199] Attempt to get parsing info during refresh. "On-the-fly" syntax checking information may be incorrect. [C:\Users\ferna\OneDrive\Documentos\uergs\trabalhos\computer-organization\first-work\jaguar40\jaguar40.srcs\sim_1\new\tb_jaguar40.vhd:]
WARNING: [filemgmt 56-199] Attempt to get parsing info during refresh. "On-the-fly" syntax checking information may be incorrect. [C:\Users\ferna\OneDrive\Documentos\uergs\trabalhos\computer-organization\first-work\jaguar40\jaguar40.srcs\sources_1\new\memory.vhd:]
WARNING: [filemgmt 56-199] Attempt to get parsing info during refresh. "On-the-fly" syntax checking information may be incorrect. [C:\Users\ferna\OneDrive\Documentos\uergs\trabalhos\computer-organization\first-work\jaguar40\jaguar40.srcs\sources_1\new\control_unit.vhd:]
WARNING: [filemgmt 56-199] Attempt to get parsing info during refresh. "On-the-fly" syntax checking information may be incorrect. [C:\Users\ferna\OneDrive\Documentos\uergs\trabalhos\computer-organization\first-work\jaguar40\jaguar40.srcs\sources_1\new\pc.vhd:]
WARNING: [filemgmt 56-199] Attempt to get parsing info during refresh. "On-the-fly" syntax checking information may be incorrect. [C:\Users\ferna\OneDrive\Documentos\uergs\trabalhos\computer-organization\first-work\jaguar40\jaguar40.srcs\sources_1\new\jaguar40.vhd:]
WARNING: [filemgmt 56-199] Attempt to get parsing info during refresh. "On-the-fly" syntax checking information may be incorrect. [C:\Users\ferna\OneDrive\Documentos\uergs\trabalhos\computer-organization\first-work\jaguar40\jaguar40.srcs\sources_1\new\register_bank.vhd:]
WARNING: [filemgmt 56-199] Attempt to get parsing info during refresh. "On-the-fly" syntax checking information may be incorrect. [C:\Users\ferna\OneDrive\Documentos\uergs\trabalhos\computer-organization\first-work\jaguar40\jaguar40.srcs\sources_1\new\ula.vhd:]
WARNING: [filemgmt 56-199] Attempt to get parsing info during refresh. "On-the-fly" syntax checking information may be incorrect. [C:\Users\ferna\OneDrive\Documentos\uergs\trabalhos\computer-organization\first-work\jaguar40\jaguar40.srcs\sim_1\new\tb_jaguar40.vhd:]
WARNING: [filemgmt 56-199] Attempt to get parsing info during refresh. "On-the-fly" syntax checking information may be incorrect. [C:\Users\ferna\OneDrive\Documentos\uergs\trabalhos\computer-organization\first-work\jaguar40\jaguar40.srcs\sources_1\new\memory.vhd:]
WARNING: [filemgmt 56-199] Attempt to get parsing info during refresh. "On-the-fly" syntax checking information may be incorrect. [C:\Users\ferna\OneDrive\Documentos\uergs\trabalhos\computer-organization\first-work\jaguar40\jaguar40.srcs\sources_1\new\control_unit.vhd:]
WARNING: [filemgmt 56-199] Attempt to get parsing info during refresh. "On-the-fly" syntax checking information may be incorrect. [C:\Users\ferna\OneDrive\Documentos\uergs\trabalhos\computer-organization\first-work\jaguar40\jaguar40.srcs\sources_1\new\pc.vhd:]
WARNING: [filemgmt 56-199] Attempt to get parsing info during refresh. "On-the-fly" syntax checking information may be incorrect. [C:\Users\ferna\OneDrive\Documentos\uergs\trabalhos\computer-organization\first-work\jaguar40\jaguar40.srcs\sources_1\new\jaguar40.vhd:]
WARNING: [filemgmt 56-199] Attempt to get parsing info during refresh. "On-the-fly" syntax checking information may be incorrect. [C:\Users\ferna\OneDrive\Documentos\uergs\trabalhos\computer-organization\first-work\jaguar40\jaguar40.srcs\sources_1\new\register_bank.vhd:]
WARNING: [filemgmt 56-199] Attempt to get parsing info during refresh. "On-the-fly" syntax checking information may be incorrect. [C:\Users\ferna\OneDrive\Documentos\uergs\trabalhos\computer-organization\first-work\jaguar40\jaguar40.srcs\sources_1\new\ula.vhd:]
WARNING: [filemgmt 56-199] Attempt to get parsing info during refresh. "On-the-fly" syntax checking information may be incorrect. [C:\Users\ferna\OneDrive\Documentos\uergs\trabalhos\computer-organization\first-work\jaguar40\jaguar40.srcs\sim_1\new\tb_jaguar40.vhd:]
WARNING: [filemgmt 56-199] Attempt to get parsing info during refresh. "On-the-fly" syntax checking information may be incorrect. [C:\Users\ferna\OneDrive\Documentos\uergs\trabalhos\computer-organization\first-work\jaguar40\jaguar40.srcs\sources_1\new\memory.vhd:]
WARNING: [filemgmt 56-199] Attempt to get parsing info during refresh. "On-the-fly" syntax checking information may be incorrect. [C:\Users\ferna\OneDrive\Documentos\uergs\trabalhos\computer-organization\first-work\jaguar40\jaguar40.srcs\sources_1\new\control_unit.vhd:]
WARNING: [filemgmt 56-199] Attempt to get parsing info during refresh. "On-the-fly" syntax checking information may be incorrect. [C:\Users\ferna\OneDrive\Documentos\uergs\trabalhos\computer-organization\first-work\jaguar40\jaguar40.srcs\sources_1\new\pc.vhd:]
WARNING: [filemgmt 56-199] Attempt to get parsing info during refresh. "On-the-fly" syntax checking information may be incorrect. [C:\Users\ferna\OneDrive\Documentos\uergs\trabalhos\computer-organization\first-work\jaguar40\jaguar40.srcs\sources_1\new\jaguar40.vhd:]
WARNING: [filemgmt 56-199] Attempt to get parsing info during refresh. "On-the-fly" syntax checking information may be incorrect. [C:\Users\ferna\OneDrive\Documentos\uergs\trabalhos\computer-organization\first-work\jaguar40\jaguar40.srcs\sources_1\new\register_bank.vhd:]
WARNING: [filemgmt 56-199] Attempt to get parsing info during refresh. "On-the-fly" syntax checking information may be incorrect. [C:\Users\ferna\OneDrive\Documentos\uergs\trabalhos\computer-organization\first-work\jaguar40\jaguar40.srcs\sources_1\new\ula.vhd:]
WARNING: [filemgmt 56-199] Attempt to get parsing info during refresh. "On-the-fly" syntax checking information may be incorrect. [C:\Users\ferna\OneDrive\Documentos\uergs\trabalhos\computer-organization\first-work\jaguar40\jaguar40.srcs\sim_1\new\tb_jaguar40.vhd:]
WARNING: [filemgmt 56-199] Attempt to get parsing info during refresh. "On-the-fly" syntax checking information may be incorrect. [C:\Users\ferna\OneDrive\Documentos\uergs\trabalhos\computer-organization\first-work\jaguar40\jaguar40.srcs\sources_1\new\memory.vhd:]
WARNING: [filemgmt 56-199] Attempt to get parsing info during refresh. "On-the-fly" syntax checking information may be incorrect. [C:\Users\ferna\OneDrive\Documentos\uergs\trabalhos\computer-organization\first-work\jaguar40\jaguar40.srcs\sources_1\new\control_unit.vhd:]
WARNING: [filemgmt 56-199] Attempt to get parsing info during refresh. "On-the-fly" syntax checking information may be incorrect. [C:\Users\ferna\OneDrive\Documentos\uergs\trabalhos\computer-organization\first-work\jaguar40\jaguar40.srcs\sources_1\new\pc.vhd:]
WARNING: [filemgmt 56-199] Attempt to get parsing info during refresh. "On-the-fly" syntax checking information may be incorrect. [C:\Users\ferna\OneDrive\Documentos\uergs\trabalhos\computer-organization\first-work\jaguar40\jaguar40.srcs\sources_1\new\jaguar40.vhd:]
WARNING: [filemgmt 56-199] Attempt to get parsing info during refresh. "On-the-fly" syntax checking information may be incorrect. [C:\Users\ferna\OneDrive\Documentos\uergs\trabalhos\computer-organization\first-work\jaguar40\jaguar40.srcs\sources_1\new\register_bank.vhd:]
ERROR: [Common 17-180] Spawn failed: No error
ERROR: [Common 17-180] Spawn failed: No error
ERROR: [Common 17-180] Spawn failed: No error
WARNING: [filemgmt 56-199] Attempt to get parsing info during refresh. "On-the-fly" syntax checking information may be incorrect. [C:\Users\ferna\OneDrive\Documentos\uergs\trabalhos\computer-organization\first-work\jaguar40\jaguar40.srcs\sources_1\new\ula.vhd:]
WARNING: [filemgmt 56-199] Attempt to get parsing info during refresh. "On-the-fly" syntax checking information may be incorrect. [C:\Users\ferna\OneDrive\Documentos\uergs\trabalhos\computer-organization\first-work\jaguar40\jaguar40.srcs\sim_1\new\tb_jaguar40.vhd:]
WARNING: [filemgmt 56-199] Attempt to get parsing info during refresh. "On-the-fly" syntax checking information may be incorrect. [C:\Users\ferna\OneDrive\Documentos\uergs\trabalhos\computer-organization\first-work\jaguar40\jaguar40.srcs\sources_1\new\memory.vhd:]
WARNING: [filemgmt 56-199] Attempt to get parsing info during refresh. "On-the-fly" syntax checking information may be incorrect. [C:\Users\ferna\OneDrive\Documentos\uergs\trabalhos\computer-organization\first-work\jaguar40\jaguar40.srcs\sources_1\new\control_unit.vhd:]
WARNING: [filemgmt 56-199] Attempt to get parsing info during refresh. "On-the-fly" syntax checking information may be incorrect. [C:\Users\ferna\OneDrive\Documentos\uergs\trabalhos\computer-organization\first-work\jaguar40\jaguar40.srcs\sources_1\new\pc.vhd:]
WARNING: [filemgmt 56-199] Attempt to get parsing info during refresh. "On-the-fly" syntax checking information may be incorrect. [C:\Users\ferna\OneDrive\Documentos\uergs\trabalhos\computer-organization\first-work\jaguar40\jaguar40.srcs\sources_1\new\jaguar40.vhd:]
WARNING: [filemgmt 56-199] Attempt to get parsing info during refresh. "On-the-fly" syntax checking information may be incorrect. [C:\Users\ferna\OneDrive\Documentos\uergs\trabalhos\computer-organization\first-work\jaguar40\jaguar40.srcs\sources_1\new\register_bank.vhd:]
WARNING: [filemgmt 56-199] Attempt to get parsing info during refresh. "On-the-fly" syntax checking information may be incorrect. [C:\Users\ferna\OneDrive\Documentos\uergs\trabalhos\computer-organization\first-work\jaguar40\jaguar40.srcs\sources_1\new\intermed_register.vhd:]
WARNING: [filemgmt 56-199] Attempt to get parsing info during refresh. "On-the-fly" syntax checking information may be incorrect. [C:\Users\ferna\OneDrive\Documentos\uergs\trabalhos\computer-organization\first-work\jaguar40\jaguar40.srcs\sources_1\new\ula.vhd:]
WARNING: [filemgmt 56-199] Attempt to get parsing info during refresh. "On-the-fly" syntax checking information may be incorrect. [C:\Users\ferna\OneDrive\Documentos\uergs\trabalhos\computer-organization\first-work\jaguar40\jaguar40.srcs\sim_1\new\tb_jaguar40.vhd:]
WARNING: [filemgmt 56-199] Attempt to get parsing info during refresh. "On-the-fly" syntax checking information may be incorrect. [C:\Users\ferna\OneDrive\Documentos\uergs\trabalhos\computer-organization\first-work\jaguar40\jaguar40.srcs\sources_1\new\memory.vhd:]
WARNING: [filemgmt 56-199] Attempt to get parsing info during refresh. "On-the-fly" syntax checking information may be incorrect. [C:\Users\ferna\OneDrive\Documentos\uergs\trabalhos\computer-organization\first-work\jaguar40\jaguar40.srcs\sources_1\new\control_unit.vhd:]
WARNING: [filemgmt 56-199] Attempt to get parsing info during refresh. "On-the-fly" syntax checking information may be incorrect. [C:\Users\ferna\OneDrive\Documentos\uergs\trabalhos\computer-organization\first-work\jaguar40\jaguar40.srcs\sources_1\new\pc.vhd:]
WARNING: [filemgmt 56-199] Attempt to get parsing info during refresh. "On-the-fly" syntax checking information may be incorrect. [C:\Users\ferna\OneDrive\Documentos\uergs\trabalhos\computer-organization\first-work\jaguar40\jaguar40.srcs\sources_1\new\jaguar40.vhd:]
WARNING: [filemgmt 56-199] Attempt to get parsing info during refresh. "On-the-fly" syntax checking information may be incorrect. [C:\Users\ferna\OneDrive\Documentos\uergs\trabalhos\computer-organization\first-work\jaguar40\jaguar40.srcs\sources_1\new\register_bank.vhd:]
WARNING: [filemgmt 56-199] Attempt to get parsing info during refresh. "On-the-fly" syntax checking information may be incorrect. [C:\Users\ferna\OneDrive\Documentos\uergs\trabalhos\computer-organization\first-work\jaguar40\jaguar40.srcs\sources_1\new\intermed_register.vhd:]
WARNING: [filemgmt 56-199] Attempt to get parsing info during refresh. "On-the-fly" syntax checking information may be incorrect. [C:\Users\ferna\OneDrive\Documentos\uergs\trabalhos\computer-organization\first-work\jaguar40\jaguar40.srcs\sources_1\new\ula.vhd:]
WARNING: [filemgmt 56-199] Attempt to get parsing info during refresh. "On-the-fly" syntax checking information may be incorrect. [C:\Users\ferna\OneDrive\Documentos\uergs\trabalhos\computer-organization\first-work\jaguar40\jaguar40.srcs\sim_1\new\tb_jaguar40.vhd:]
WARNING: [filemgmt 56-199] Attempt to get parsing info during refresh. "On-the-fly" syntax checking information may be incorrect. [C:\Users\ferna\OneDrive\Documentos\uergs\trabalhos\computer-organization\first-work\jaguar40\jaguar40.srcs\sources_1\new\memory.vhd:]
WARNING: [filemgmt 56-199] Attempt to get parsing info during refresh. "On-the-fly" syntax checking information may be incorrect. [C:\Users\ferna\OneDrive\Documentos\uergs\trabalhos\computer-organization\first-work\jaguar40\jaguar40.srcs\sources_1\new\control_unit.vhd:]
WARNING: [filemgmt 56-199] Attempt to get parsing info during refresh. "On-the-fly" syntax checking information may be incorrect. [C:\Users\ferna\OneDrive\Documentos\uergs\trabalhos\computer-organization\first-work\jaguar40\jaguar40.srcs\sources_1\new\pc.vhd:]
WARNING: [filemgmt 56-199] Attempt to get parsing info during refresh. "On-the-fly" syntax checking information may be incorrect. [C:\Users\ferna\OneDrive\Documentos\uergs\trabalhos\computer-organization\first-work\jaguar40\jaguar40.srcs\sources_1\new\jaguar40.vhd:]
WARNING: [filemgmt 56-199] Attempt to get parsing info during refresh. "On-the-fly" syntax checking information may be incorrect. [C:\Users\ferna\OneDrive\Documentos\uergs\trabalhos\computer-organization\first-work\jaguar40\jaguar40.srcs\sources_1\new\register_bank.vhd:]
WARNING: [filemgmt 56-199] Attempt to get parsing info during refresh. "On-the-fly" syntax checking information may be incorrect. [C:\Users\ferna\OneDrive\Documentos\uergs\trabalhos\computer-organization\first-work\jaguar40\jaguar40.srcs\sources_1\new\intermed_register.vhd:]
WARNING: [filemgmt 56-199] Attempt to get parsing info during refresh. "On-the-fly" syntax checking information may be incorrect. [C:\Users\ferna\OneDrive\Documentos\uergs\trabalhos\computer-organization\first-work\jaguar40\jaguar40.srcs\sources_1\new\ula.vhd:]
WARNING: [filemgmt 56-199] Attempt to get parsing info during refresh. "On-the-fly" syntax checking information may be incorrect. [C:\Users\ferna\OneDrive\Documentos\uergs\trabalhos\computer-organization\first-work\jaguar40\jaguar40.srcs\sim_1\new\tb_jaguar40.vhd:]
WARNING: [filemgmt 56-199] Attempt to get parsing info during refresh. "On-the-fly" syntax checking information may be incorrect. [C:\Users\ferna\OneDrive\Documentos\uergs\trabalhos\computer-organization\first-work\jaguar40\jaguar40.srcs\sources_1\new\memory.vhd:]
WARNING: [filemgmt 56-199] Attempt to get parsing info during refresh. "On-the-fly" syntax checking information may be incorrect. [C:\Users\ferna\OneDrive\Documentos\uergs\trabalhos\computer-organization\first-work\jaguar40\jaguar40.srcs\sources_1\new\control_unit.vhd:]
WARNING: [filemgmt 56-199] Attempt to get parsing info during refresh. "On-the-fly" syntax checking information may be incorrect. [C:\Users\ferna\OneDrive\Documentos\uergs\trabalhos\computer-organization\first-work\jaguar40\jaguar40.srcs\sources_1\new\pc.vhd:]
WARNING: [filemgmt 56-199] Attempt to get parsing info during refresh. "On-the-fly" syntax checking information may be incorrect. [C:\Users\ferna\OneDrive\Documentos\uergs\trabalhos\computer-organization\first-work\jaguar40\jaguar40.srcs\sources_1\new\jaguar40.vhd:]
WARNING: [filemgmt 56-199] Attempt to get parsing info during refresh. "On-the-fly" syntax checking information may be incorrect. [C:\Users\ferna\OneDrive\Documentos\uergs\trabalhos\computer-organization\first-work\jaguar40\jaguar40.srcs\sources_1\new\register_bank.vhd:]
WARNING: [filemgmt 56-199] Attempt to get parsing info during refresh. "On-the-fly" syntax checking information may be incorrect. [C:\Users\ferna\OneDrive\Documentos\uergs\trabalhos\computer-organization\first-work\jaguar40\jaguar40.srcs\sources_1\new\intermed_register.vhd:]
WARNING: [filemgmt 56-199] Attempt to get parsing info during refresh. "On-the-fly" syntax checking information may be incorrect. [C:\Users\ferna\OneDrive\Documentos\uergs\trabalhos\computer-organization\first-work\jaguar40\jaguar40.srcs\sources_1\new\ula.vhd:]
WARNING: [filemgmt 56-199] Attempt to get parsing info during refresh. "On-the-fly" syntax checking information may be incorrect. [C:\Users\ferna\OneDrive\Documentos\uergs\trabalhos\computer-organization\first-work\jaguar40\jaguar40.srcs\sim_1\new\tb_jaguar40.vhd:]
WARNING: [filemgmt 56-199] Attempt to get parsing info during refresh. "On-the-fly" syntax checking information may be incorrect. [C:\Users\ferna\OneDrive\Documentos\uergs\trabalhos\computer-organization\first-work\jaguar40\jaguar40.srcs\sources_1\new\memory.vhd:]
WARNING: [filemgmt 56-199] Attempt to get parsing info during refresh. "On-the-fly" syntax checking information may be incorrect. [C:\Users\ferna\OneDrive\Documentos\uergs\trabalhos\computer-organization\first-work\jaguar40\jaguar40.srcs\sources_1\new\control_unit.vhd:]
WARNING: [filemgmt 56-199] Attempt to get parsing info during refresh. "On-the-fly" syntax checking information may be incorrect. [C:\Users\ferna\OneDrive\Documentos\uergs\trabalhos\computer-organization\first-work\jaguar40\jaguar40.srcs\sources_1\new\pc.vhd:]
WARNING: [filemgmt 56-199] Attempt to get parsing info during refresh. "On-the-fly" syntax checking information may be incorrect. [C:\Users\ferna\OneDrive\Documentos\uergs\trabalhos\computer-organization\first-work\jaguar40\jaguar40.srcs\sources_1\new\jaguar40.vhd:]
WARNING: [filemgmt 56-199] Attempt to get parsing info during refresh. "On-the-fly" syntax checking information may be incorrect. [C:\Users\ferna\OneDrive\Documentos\uergs\trabalhos\computer-organization\first-work\jaguar40\jaguar40.srcs\sources_1\new\register_bank.vhd:]
WARNING: [filemgmt 56-199] Attempt to get parsing info during refresh. "On-the-fly" syntax checking information may be incorrect. [C:\Users\ferna\OneDrive\Documentos\uergs\trabalhos\computer-organization\first-work\jaguar40\jaguar40.srcs\sources_1\new\intermed_register.vhd:]
WARNING: [filemgmt 56-199] Attempt to get parsing info during refresh. "On-the-fly" syntax checking information may be incorrect. [C:\Users\ferna\OneDrive\Documentos\uergs\trabalhos\computer-organization\first-work\jaguar40\jaguar40.srcs\sources_1\new\ula.vhd:]
WARNING: [filemgmt 56-199] Attempt to get parsing info during refresh. "On-the-fly" syntax checking information may be incorrect. [C:\Users\ferna\OneDrive\Documentos\uergs\trabalhos\computer-organization\first-work\jaguar40\jaguar40.srcs\sim_1\new\tb_jaguar40.vhd:]
WARNING: [filemgmt 56-199] Attempt to get parsing info during refresh. "On-the-fly" syntax checking information may be incorrect. [C:\Users\ferna\OneDrive\Documentos\uergs\trabalhos\computer-organization\first-work\jaguar40\jaguar40.srcs\sources_1\new\memory.vhd:]
WARNING: [filemgmt 56-199] Attempt to get parsing info during refresh. "On-the-fly" syntax checking information may be incorrect. [C:\Users\ferna\OneDrive\Documentos\uergs\trabalhos\computer-organization\first-work\jaguar40\jaguar40.srcs\sources_1\new\control_unit.vhd:]
WARNING: [filemgmt 56-199] Attempt to get parsing info during refresh. "On-the-fly" syntax checking information may be incorrect. [C:\Users\ferna\OneDrive\Documentos\uergs\trabalhos\computer-organization\first-work\jaguar40\jaguar40.srcs\sources_1\new\pc.vhd:]
WARNING: [filemgmt 56-199] Attempt to get parsing info during refresh. "On-the-fly" syntax checking information may be incorrect. [C:\Users\ferna\OneDrive\Documentos\uergs\trabalhos\computer-organization\first-work\jaguar40\jaguar40.srcs\sources_1\new\jaguar40.vhd:]
WARNING: [filemgmt 56-199] Attempt to get parsing info during refresh. "On-the-fly" syntax checking information may be incorrect. [C:\Users\ferna\OneDrive\Documentos\uergs\trabalhos\computer-organization\first-work\jaguar40\jaguar40.srcs\sources_1\new\register_bank.vhd:]
WARNING: [filemgmt 56-199] Attempt to get parsing info during refresh. "On-the-fly" syntax checking information may be incorrect. [C:\Users\ferna\OneDrive\Documentos\uergs\trabalhos\computer-organization\first-work\jaguar40\jaguar40.srcs\sources_1\new\intermed_register.vhd:]
WARNING: [filemgmt 56-199] Attempt to get parsing info during refresh. "On-the-fly" syntax checking information may be incorrect. [C:\Users\ferna\OneDrive\Documentos\uergs\trabalhos\computer-organization\first-work\jaguar40\jaguar40.srcs\sources_1\new\ula.vhd:]
WARNING: [filemgmt 56-199] Attempt to get parsing info during refresh. "On-the-fly" syntax checking information may be incorrect. [C:\Users\ferna\OneDrive\Documentos\uergs\trabalhos\computer-organization\first-work\jaguar40\jaguar40.srcs\sim_1\new\tb_jaguar40.vhd:]
WARNING: [filemgmt 56-199] Attempt to get parsing info during refresh. "On-the-fly" syntax checking information may be incorrect. [C:\Users\ferna\OneDrive\Documentos\uergs\trabalhos\computer-organization\first-work\jaguar40\jaguar40.srcs\sources_1\new\memory.vhd:]
WARNING: [filemgmt 56-199] Attempt to get parsing info during refresh. "On-the-fly" syntax checking information may be incorrect. [C:\Users\ferna\OneDrive\Documentos\uergs\trabalhos\computer-organization\first-work\jaguar40\jaguar40.srcs\sources_1\new\control_unit.vhd:]
WARNING: [filemgmt 56-199] Attempt to get parsing info during refresh. "On-the-fly" syntax checking information may be incorrect. [C:\Users\ferna\OneDrive\Documentos\uergs\trabalhos\computer-organization\first-work\jaguar40\jaguar40.srcs\sources_1\new\pc.vhd:]
WARNING: [filemgmt 56-199] Attempt to get parsing info during refresh. "On-the-fly" syntax checking information may be incorrect. [C:\Users\ferna\OneDrive\Documentos\uergs\trabalhos\computer-organization\first-work\jaguar40\jaguar40.srcs\sources_1\new\jaguar40.vhd:]
WARNING: [filemgmt 56-199] Attempt to get parsing info during refresh. "On-the-fly" syntax checking information may be incorrect. [C:\Users\ferna\OneDrive\Documentos\uergs\trabalhos\computer-organization\first-work\jaguar40\jaguar40.srcs\sources_1\new\register_bank.vhd:]
WARNING: [filemgmt 56-199] Attempt to get parsing info during refresh. "On-the-fly" syntax checking information may be incorrect. [C:\Users\ferna\OneDrive\Documentos\uergs\trabalhos\computer-organization\first-work\jaguar40\jaguar40.srcs\sources_1\new\intermed_register.vhd:]
WARNING: [filemgmt 56-199] Attempt to get parsing info during refresh. "On-the-fly" syntax checking information may be incorrect. [C:\Users\ferna\OneDrive\Documentos\uergs\trabalhos\computer-organization\first-work\jaguar40\jaguar40.srcs\sources_1\new\ula.vhd:]
WARNING: [filemgmt 56-199] Attempt to get parsing info during refresh. "On-the-fly" syntax checking information may be incorrect. [C:\Users\ferna\OneDrive\Documentos\uergs\trabalhos\computer-organization\first-work\jaguar40\jaguar40.srcs\sim_1\new\tb_jaguar40.vhd:]
WARNING: [filemgmt 56-199] Attempt to get parsing info during refresh. "On-the-fly" syntax checking information may be incorrect. [C:\Users\ferna\OneDrive\Documentos\uergs\trabalhos\computer-organization\first-work\jaguar40\jaguar40.srcs\sources_1\new\memory.vhd:]
WARNING: [filemgmt 56-199] Attempt to get parsing info during refresh. "On-the-fly" syntax checking information may be incorrect. [C:\Users\ferna\OneDrive\Documentos\uergs\trabalhos\computer-organization\first-work\jaguar40\jaguar40.srcs\sources_1\new\control_unit.vhd:]
WARNING: [filemgmt 56-199] Attempt to get parsing info during refresh. "On-the-fly" syntax checking information may be incorrect. [C:\Users\ferna\OneDrive\Documentos\uergs\trabalhos\computer-organization\first-work\jaguar40\jaguar40.srcs\sources_1\new\pc.vhd:]
WARNING: [filemgmt 56-199] Attempt to get parsing info during refresh. "On-the-fly" syntax checking information may be incorrect. [C:\Users\ferna\OneDrive\Documentos\uergs\trabalhos\computer-organization\first-work\jaguar40\jaguar40.srcs\sources_1\new\jaguar40.vhd:]
WARNING: [filemgmt 56-199] Attempt to get parsing info during refresh. "On-the-fly" syntax checking information may be incorrect. [C:\Users\ferna\OneDrive\Documentos\uergs\trabalhos\computer-organization\first-work\jaguar40\jaguar40.srcs\sources_1\new\register_bank.vhd:]
WARNING: [filemgmt 56-199] Attempt to get parsing info during refresh. "On-the-fly" syntax checking information may be incorrect. [C:\Users\ferna\OneDrive\Documentos\uergs\trabalhos\computer-organization\first-work\jaguar40\jaguar40.srcs\sources_1\new\intermed_register.vhd:]
WARNING: [filemgmt 56-199] Attempt to get parsing info during refresh. "On-the-fly" syntax checking information may be incorrect. [C:\Users\ferna\OneDrive\Documentos\uergs\trabalhos\computer-organization\first-work\jaguar40\jaguar40.srcs\sources_1\new\ula.vhd:]
WARNING: [filemgmt 56-199] Attempt to get parsing info during refresh. "On-the-fly" syntax checking information may be incorrect. [C:\Users\ferna\OneDrive\Documentos\uergs\trabalhos\computer-organization\first-work\jaguar40\jaguar40.srcs\sim_1\new\tb_jaguar40.vhd:]
WARNING: [filemgmt 56-199] Attempt to get parsing info during refresh. "On-the-fly" syntax checking information may be incorrect. [C:\Users\ferna\OneDrive\Documentos\uergs\trabalhos\computer-organization\first-work\jaguar40\jaguar40.srcs\sources_1\new\memory.vhd:]
WARNING: [filemgmt 56-199] Attempt to get parsing info during refresh. "On-the-fly" syntax checking information may be incorrect. [C:\Users\ferna\OneDrive\Documentos\uergs\trabalhos\computer-organization\first-work\jaguar40\jaguar40.srcs\sources_1\new\control_unit.vhd:]
WARNING: [filemgmt 56-199] Attempt to get parsing info during refresh. "On-the-fly" syntax checking information may be incorrect. [C:\Users\ferna\OneDrive\Documentos\uergs\trabalhos\computer-organization\first-work\jaguar40\jaguar40.srcs\sources_1\new\pc.vhd:]
WARNING: [filemgmt 56-199] Attempt to get parsing info during refresh. "On-the-fly" syntax checking information may be incorrect. [C:\Users\ferna\OneDrive\Documentos\uergs\trabalhos\computer-organization\first-work\jaguar40\jaguar40.srcs\sources_1\new\jaguar40.vhd:]
WARNING: [filemgmt 56-199] Attempt to get parsing info during refresh. "On-the-fly" syntax checking information may be incorrect. [C:\Users\ferna\OneDrive\Documentos\uergs\trabalhos\computer-organization\first-work\jaguar40\jaguar40.srcs\sources_1\new\register_bank.vhd:]
WARNING: [filemgmt 56-199] Attempt to get parsing info during refresh. "On-the-fly" syntax checking information may be incorrect. [C:\Users\ferna\OneDrive\Documentos\uergs\trabalhos\computer-organization\first-work\jaguar40\jaguar40.srcs\sources_1\new\intermed_register.vhd:]
WARNING: [filemgmt 56-199] Attempt to get parsing info during refresh. "On-the-fly" syntax checking information may be incorrect. [C:\Users\ferna\OneDrive\Documentos\uergs\trabalhos\computer-organization\first-work\jaguar40\jaguar40.srcs\sources_1\new\ula.vhd:]
WARNING: [filemgmt 56-199] Attempt to get parsing info during refresh. "On-the-fly" syntax checking information may be incorrect. [C:\Users\ferna\OneDrive\Documentos\uergs\trabalhos\computer-organization\first-work\jaguar40\jaguar40.srcs\sim_1\new\tb_jaguar40.vhd:]
WARNING: [filemgmt 56-199] Attempt to get parsing info during refresh. "On-the-fly" syntax checking information may be incorrect. [C:\Users\ferna\OneDrive\Documentos\uergs\trabalhos\computer-organization\first-work\jaguar40\jaguar40.srcs\sources_1\new\memory.vhd:]
WARNING: [filemgmt 56-199] Attempt to get parsing info during refresh. "On-the-fly" syntax checking information may be incorrect. [C:\Users\ferna\OneDrive\Documentos\uergs\trabalhos\computer-organization\first-work\jaguar40\jaguar40.srcs\sources_1\new\control_unit.vhd:]
WARNING: [filemgmt 56-199] Attempt to get parsing info during refresh. "On-the-fly" syntax checking information may be incorrect. [C:\Users\ferna\OneDrive\Documentos\uergs\trabalhos\computer-organization\first-work\jaguar40\jaguar40.srcs\sources_1\new\pc.vhd:]
WARNING: [filemgmt 56-199] Attempt to get parsing info during refresh. "On-the-fly" syntax checking information may be incorrect. [C:\Users\ferna\OneDrive\Documentos\uergs\trabalhos\computer-organization\first-work\jaguar40\jaguar40.srcs\sources_1\new\jaguar40.vhd:]
WARNING: [filemgmt 56-199] Attempt to get parsing info during refresh. "On-the-fly" syntax checking information may be incorrect. [C:\Users\ferna\OneDrive\Documentos\uergs\trabalhos\computer-organization\first-work\jaguar40\jaguar40.srcs\sources_1\new\register_bank.vhd:]
WARNING: [filemgmt 56-199] Attempt to get parsing info during refresh. "On-the-fly" syntax checking information may be incorrect. [C:\Users\ferna\OneDrive\Documentos\uergs\trabalhos\computer-organization\first-work\jaguar40\jaguar40.srcs\sources_1\new\intermed_register.vhd:]
WARNING: [filemgmt 56-199] Attempt to get parsing info during refresh. "On-the-fly" syntax checking information may be incorrect. [C:\Users\ferna\OneDrive\Documentos\uergs\trabalhos\computer-organization\first-work\jaguar40\jaguar40.srcs\sources_1\new\ula.vhd:]
WARNING: [filemgmt 56-199] Attempt to get parsing info during refresh. "On-the-fly" syntax checking information may be incorrect. [C:\Users\ferna\OneDrive\Documentos\uergs\trabalhos\computer-organization\first-work\jaguar40\jaguar40.srcs\sim_1\new\tb_jaguar40.vhd:]
WARNING: [filemgmt 56-199] Attempt to get parsing info during refresh. "On-the-fly" syntax checking information may be incorrect. [C:\Users\ferna\OneDrive\Documentos\uergs\trabalhos\computer-organization\first-work\jaguar40\jaguar40.srcs\sources_1\new\memory.vhd:]
WARNING: [filemgmt 56-199] Attempt to get parsing info during refresh. "On-the-fly" syntax checking information may be incorrect. [C:\Users\ferna\OneDrive\Documentos\uergs\trabalhos\computer-organization\first-work\jaguar40\jaguar40.srcs\sources_1\new\control_unit.vhd:]
WARNING: [filemgmt 56-199] Attempt to get parsing info during refresh. "On-the-fly" syntax checking information may be incorrect. [C:\Users\ferna\OneDrive\Documentos\uergs\trabalhos\computer-organization\first-work\jaguar40\jaguar40.srcs\sources_1\new\pc.vhd:]
WARNING: [filemgmt 56-199] Attempt to get parsing info during refresh. "On-the-fly" syntax checking information may be incorrect. [C:\Users\ferna\OneDrive\Documentos\uergs\trabalhos\computer-organization\first-work\jaguar40\jaguar40.srcs\sources_1\new\jaguar40.vhd:]
WARNING: [filemgmt 56-199] Attempt to get parsing info during refresh. "On-the-fly" syntax checking information may be incorrect. [C:\Users\ferna\OneDrive\Documentos\uergs\trabalhos\computer-organization\first-work\jaguar40\jaguar40.srcs\sources_1\new\register_bank.vhd:]
WARNING: [filemgmt 56-199] Attempt to get parsing info during refresh. "On-the-fly" syntax checking information may be incorrect. [C:\Users\ferna\OneDrive\Documentos\uergs\trabalhos\computer-organization\first-work\jaguar40\jaguar40.srcs\sources_1\new\intermed_register.vhd:]
ERROR: [Common 17-180] Spawn failed: No error
ERROR: [Common 17-180] Spawn failed: No error
ERROR: [Common 17-180] Spawn failed: No error
ERROR: [Common 17-180] Spawn failed: No error
WARNING: [filemgmt 56-199] Attempt to get parsing info during refresh. "On-the-fly" syntax checking information may be incorrect. [C:\Users\ferna\OneDrive\Documentos\uergs\trabalhos\computer-organization\first-work\jaguar40\jaguar40.srcs\sources_1\new\ula.vhd:]
WARNING: [filemgmt 56-199] Attempt to get parsing info during refresh. "On-the-fly" syntax checking information may be incorrect. [C:\Users\ferna\OneDrive\Documentos\uergs\trabalhos\computer-organization\first-work\jaguar40\jaguar40.srcs\sim_1\new\tb_jaguar40.vhd:]
WARNING: [filemgmt 56-199] Attempt to get parsing info during refresh. "On-the-fly" syntax checking information may be incorrect. [C:\Users\ferna\OneDrive\Documentos\uergs\trabalhos\computer-organization\first-work\jaguar40\jaguar40.srcs\sources_1\new\memory.vhd:]
WARNING: [filemgmt 56-199] Attempt to get parsing info during refresh. "On-the-fly" syntax checking information may be incorrect. [C:\Users\ferna\OneDrive\Documentos\uergs\trabalhos\computer-organization\first-work\jaguar40\jaguar40.srcs\sources_1\new\control_unit.vhd:]
WARNING: [filemgmt 56-199] Attempt to get parsing info during refresh. "On-the-fly" syntax checking information may be incorrect. [C:\Users\ferna\OneDrive\Documentos\uergs\trabalhos\computer-organization\first-work\jaguar40\jaguar40.srcs\sources_1\new\pc.vhd:]
WARNING: [filemgmt 56-199] Attempt to get parsing info during refresh. "On-the-fly" syntax checking information may be incorrect. [C:\Users\ferna\OneDrive\Documentos\uergs\trabalhos\computer-organization\first-work\jaguar40\jaguar40.srcs\sources_1\new\jaguar40.vhd:]
WARNING: [filemgmt 56-199] Attempt to get parsing info during refresh. "On-the-fly" syntax checking information may be incorrect. [C:\Users\ferna\OneDrive\Documentos\uergs\trabalhos\computer-organization\first-work\jaguar40\jaguar40.srcs\sources_1\new\register_bank.vhd:]
WARNING: [filemgmt 56-199] Attempt to get parsing info during refresh. "On-the-fly" syntax checking information may be incorrect. [C:\Users\ferna\OneDrive\Documentos\uergs\trabalhos\computer-organization\first-work\jaguar40\jaguar40.srcs\sources_1\new\intermed_register.vhd:]
WARNING: [filemgmt 56-199] Attempt to get parsing info during refresh. "On-the-fly" syntax checking information may be incorrect. [C:\Users\ferna\OneDrive\Documentos\uergs\trabalhos\computer-organization\first-work\jaguar40\jaguar40.srcs\sources_1\new\ula.vhd:]
WARNING: [filemgmt 56-199] Attempt to get parsing info during refresh. "On-the-fly" syntax checking information may be incorrect. [C:\Users\ferna\OneDrive\Documentos\uergs\trabalhos\computer-organization\first-work\jaguar40\jaguar40.srcs\sim_1\new\tb_jaguar40.vhd:]
WARNING: [filemgmt 56-199] Attempt to get parsing info during refresh. "On-the-fly" syntax checking information may be incorrect. [C:\Users\ferna\OneDrive\Documentos\uergs\trabalhos\computer-organization\first-work\jaguar40\jaguar40.srcs\sources_1\new\memory.vhd:]
WARNING: [filemgmt 56-199] Attempt to get parsing info during refresh. "On-the-fly" syntax checking information may be incorrect. [C:\Users\ferna\OneDrive\Documentos\uergs\trabalhos\computer-organization\first-work\jaguar40\jaguar40.srcs\sources_1\new\control_unit.vhd:]
WARNING: [filemgmt 56-199] Attempt to get parsing info during refresh. "On-the-fly" syntax checking information may be incorrect. [C:\Users\ferna\OneDrive\Documentos\uergs\trabalhos\computer-organization\first-work\jaguar40\jaguar40.srcs\sources_1\new\pc.vhd:]
WARNING: [filemgmt 56-199] Attempt to get parsing info during refresh. "On-the-fly" syntax checking information may be incorrect. [C:\Users\ferna\OneDrive\Documentos\uergs\trabalhos\computer-organization\first-work\jaguar40\jaguar40.srcs\sources_1\new\jaguar40.vhd:]
WARNING: [filemgmt 56-199] Attempt to get parsing info during refresh. "On-the-fly" syntax checking information may be incorrect. [C:\Users\ferna\OneDrive\Documentos\uergs\trabalhos\computer-organization\first-work\jaguar40\jaguar40.srcs\sources_1\new\register_bank.vhd:]
WARNING: [filemgmt 56-199] Attempt to get parsing info during refresh. "On-the-fly" syntax checking information may be incorrect. [C:\Users\ferna\OneDrive\Documentos\uergs\trabalhos\computer-organization\first-work\jaguar40\jaguar40.srcs\sources_1\new\intermed_register.vhd:]
WARNING: [filemgmt 56-199] Attempt to get parsing info during refresh. "On-the-fly" syntax checking information may be incorrect. [C:\Users\ferna\OneDrive\Documentos\uergs\trabalhos\computer-organization\first-work\jaguar40\jaguar40.srcs\sources_1\new\ula.vhd:]
WARNING: [filemgmt 56-199] Attempt to get parsing info during refresh. "On-the-fly" syntax checking information may be incorrect. [C:\Users\ferna\OneDrive\Documentos\uergs\trabalhos\computer-organization\first-work\jaguar40\jaguar40.srcs\sim_1\new\tb_jaguar40.vhd:]
WARNING: [filemgmt 56-199] Attempt to get parsing info during refresh. "On-the-fly" syntax checking information may be incorrect. [C:\Users\ferna\OneDrive\Documentos\uergs\trabalhos\computer-organization\first-work\jaguar40\jaguar40.srcs\sources_1\new\memory.vhd:]
WARNING: [filemgmt 56-199] Attempt to get parsing info during refresh. "On-the-fly" syntax checking information may be incorrect. [C:\Users\ferna\OneDrive\Documentos\uergs\trabalhos\computer-organization\first-work\jaguar40\jaguar40.srcs\sources_1\new\control_unit.vhd:]
WARNING: [filemgmt 56-199] Attempt to get parsing info during refresh. "On-the-fly" syntax checking information may be incorrect. [C:\Users\ferna\OneDrive\Documentos\uergs\trabalhos\computer-organization\first-work\jaguar40\jaguar40.srcs\sources_1\new\pc.vhd:]
WARNING: [filemgmt 56-199] Attempt to get parsing info during refresh. "On-the-fly" syntax checking information may be incorrect. [C:\Users\ferna\OneDrive\Documentos\uergs\trabalhos\computer-organization\first-work\jaguar40\jaguar40.srcs\sources_1\new\jaguar40.vhd:]
WARNING: [filemgmt 56-199] Attempt to get parsing info during refresh. "On-the-fly" syntax checking information may be incorrect. [C:\Users\ferna\OneDrive\Documentos\uergs\trabalhos\computer-organization\first-work\jaguar40\jaguar40.srcs\sources_1\new\register_bank.vhd:]
WARNING: [filemgmt 56-199] Attempt to get parsing info during refresh. "On-the-fly" syntax checking information may be incorrect. [C:\Users\ferna\OneDrive\Documentos\uergs\trabalhos\computer-organization\first-work\jaguar40\jaguar40.srcs\sources_1\new\intermed_register.vhd:]
WARNING: [filemgmt 56-199] Attempt to get parsing info during refresh. "On-the-fly" syntax checking information may be incorrect. [C:\Users\ferna\OneDrive\Documentos\uergs\trabalhos\computer-organization\first-work\jaguar40\jaguar40.srcs\sources_1\new\ula.vhd:]
WARNING: [filemgmt 56-199] Attempt to get parsing info during refresh. "On-the-fly" syntax checking information may be incorrect. [C:\Users\ferna\OneDrive\Documentos\uergs\trabalhos\computer-organization\first-work\jaguar40\jaguar40.srcs\sim_1\new\tb_jaguar40.vhd:]
WARNING: [filemgmt 56-199] Attempt to get parsing info during refresh. "On-the-fly" syntax checking information may be incorrect. [C:\Users\ferna\OneDrive\Documentos\uergs\trabalhos\computer-organization\first-work\jaguar40\jaguar40.srcs\sources_1\new\memory.vhd:]
WARNING: [filemgmt 56-199] Attempt to get parsing info during refresh. "On-the-fly" syntax checking information may be incorrect. [C:\Users\ferna\OneDrive\Documentos\uergs\trabalhos\computer-organization\first-work\jaguar40\jaguar40.srcs\sources_1\new\control_unit.vhd:]
WARNING: [filemgmt 56-199] Attempt to get parsing info during refresh. "On-the-fly" syntax checking information may be incorrect. [C:\Users\ferna\OneDrive\Documentos\uergs\trabalhos\computer-organization\first-work\jaguar40\jaguar40.srcs\sources_1\new\pc.vhd:]
WARNING: [filemgmt 56-199] Attempt to get parsing info during refresh. "On-the-fly" syntax checking information may be incorrect. [C:\Users\ferna\OneDrive\Documentos\uergs\trabalhos\computer-organization\first-work\jaguar40\jaguar40.srcs\sources_1\new\jaguar40.vhd:]
WARNING: [filemgmt 56-199] Attempt to get parsing info during refresh. "On-the-fly" syntax checking information may be incorrect. [C:\Users\ferna\OneDrive\Documentos\uergs\trabalhos\computer-organization\first-work\jaguar40\jaguar40.srcs\sources_1\new\register_bank.vhd:]
WARNING: [filemgmt 56-199] Attempt to get parsing info during refresh. "On-the-fly" syntax checking information may be incorrect. [C:\Users\ferna\OneDrive\Documentos\uergs\trabalhos\computer-organization\first-work\jaguar40\jaguar40.srcs\sources_1\new\intermed_register.vhd:]
ERROR: [Common 17-180] Spawn failed: No error
WARNING: [filemgmt 56-199] Attempt to get parsing info during refresh. "On-the-fly" syntax checking information may be incorrect. [C:\Users\ferna\OneDrive\Documentos\uergs\trabalhos\computer-organization\first-work\jaguar40\jaguar40.srcs\sources_1\new\ula.vhd:]
WARNING: [filemgmt 56-199] Attempt to get parsing info during refresh. "On-the-fly" syntax checking information may be incorrect. [C:\Users\ferna\OneDrive\Documentos\uergs\trabalhos\computer-organization\first-work\jaguar40\jaguar40.srcs\sim_1\new\tb_jaguar40.vhd:]
WARNING: [filemgmt 56-199] Attempt to get parsing info during refresh. "On-the-fly" syntax checking information may be incorrect. [C:\Users\ferna\OneDrive\Documentos\uergs\trabalhos\computer-organization\first-work\jaguar40\jaguar40.srcs\sources_1\new\memory.vhd:]
WARNING: [filemgmt 56-199] Attempt to get parsing info during refresh. "On-the-fly" syntax checking information may be incorrect. [C:\Users\ferna\OneDrive\Documentos\uergs\trabalhos\computer-organization\first-work\jaguar40\jaguar40.srcs\sources_1\new\control_unit.vhd:]
WARNING: [filemgmt 56-199] Attempt to get parsing info during refresh. "On-the-fly" syntax checking information may be incorrect. [C:\Users\ferna\OneDrive\Documentos\uergs\trabalhos\computer-organization\first-work\jaguar40\jaguar40.srcs\sources_1\new\pc.vhd:]
WARNING: [filemgmt 56-199] Attempt to get parsing info during refresh. "On-the-fly" syntax checking information may be incorrect. [C:\Users\ferna\OneDrive\Documentos\uergs\trabalhos\computer-organization\first-work\jaguar40\jaguar40.srcs\sources_1\new\jaguar40.vhd:]
WARNING: [filemgmt 56-199] Attempt to get parsing info during refresh. "On-the-fly" syntax checking information may be incorrect. [C:\Users\ferna\OneDrive\Documentos\uergs\trabalhos\computer-organization\first-work\jaguar40\jaguar40.srcs\sources_1\new\register_bank.vhd:]
WARNING: [filemgmt 56-199] Attempt to get parsing info during refresh. "On-the-fly" syntax checking information may be incorrect. [C:\Users\ferna\OneDrive\Documentos\uergs\trabalhos\computer-organization\first-work\jaguar40\jaguar40.srcs\sources_1\new\intermed_register.vhd:]
ERROR: [Common 17-180] Spawn failed: No error
WARNING: [filemgmt 56-199] Attempt to get parsing info during refresh. "On-the-fly" syntax checking information may be incorrect. [C:\Users\ferna\OneDrive\Documentos\uergs\trabalhos\computer-organization\first-work\jaguar40\jaguar40.srcs\sources_1\new\ula.vhd:]
WARNING: [filemgmt 56-199] Attempt to get parsing info during refresh. "On-the-fly" syntax checking information may be incorrect. [C:\Users\ferna\OneDrive\Documentos\uergs\trabalhos\computer-organization\first-work\jaguar40\jaguar40.srcs\sim_1\new\tb_jaguar40.vhd:]
WARNING: [filemgmt 56-199] Attempt to get parsing info during refresh. "On-the-fly" syntax checking information may be incorrect. [C:\Users\ferna\OneDrive\Documentos\uergs\trabalhos\computer-organization\first-work\jaguar40\jaguar40.srcs\sources_1\new\memory.vhd:]
WARNING: [filemgmt 56-199] Attempt to get parsing info during refresh. "On-the-fly" syntax checking information may be incorrect. [C:\Users\ferna\OneDrive\Documentos\uergs\trabalhos\computer-organization\first-work\jaguar40\jaguar40.srcs\sources_1\new\control_unit.vhd:]
WARNING: [filemgmt 56-199] Attempt to get parsing info during refresh. "On-the-fly" syntax checking information may be incorrect. [C:\Users\ferna\OneDrive\Documentos\uergs\trabalhos\computer-organization\first-work\jaguar40\jaguar40.srcs\sources_1\new\pc.vhd:]
WARNING: [filemgmt 56-199] Attempt to get parsing info during refresh. "On-the-fly" syntax checking information may be incorrect. [C:\Users\ferna\OneDrive\Documentos\uergs\trabalhos\computer-organization\first-work\jaguar40\jaguar40.srcs\sources_1\new\jaguar40.vhd:]
WARNING: [filemgmt 56-199] Attempt to get parsing info during refresh. "On-the-fly" syntax checking information may be incorrect. [C:\Users\ferna\OneDrive\Documentos\uergs\trabalhos\computer-organization\first-work\jaguar40\jaguar40.srcs\sources_1\new\register_bank.vhd:]
WARNING: [filemgmt 56-199] Attempt to get parsing info during refresh. "On-the-fly" syntax checking information may be incorrect. [C:\Users\ferna\OneDrive\Documentos\uergs\trabalhos\computer-organization\first-work\jaguar40\jaguar40.srcs\sources_1\new\intermed_register.vhd:]
ERROR: [Common 17-180] Spawn failed: No error
WARNING: [filemgmt 56-199] Attempt to get parsing info during refresh. "On-the-fly" syntax checking information may be incorrect. [C:\Users\ferna\OneDrive\Documentos\uergs\trabalhos\computer-organization\first-work\jaguar40\jaguar40.srcs\sources_1\new\ula.vhd:]
WARNING: [filemgmt 56-199] Attempt to get parsing info during refresh. "On-the-fly" syntax checking information may be incorrect. [C:\Users\ferna\OneDrive\Documentos\uergs\trabalhos\computer-organization\first-work\jaguar40\jaguar40.srcs\sim_1\new\tb_jaguar40.vhd:]
WARNING: [filemgmt 56-199] Attempt to get parsing info during refresh. "On-the-fly" syntax checking information may be incorrect. [C:\Users\ferna\OneDrive\Documentos\uergs\trabalhos\computer-organization\first-work\jaguar40\jaguar40.srcs\sources_1\new\memory.vhd:]
WARNING: [filemgmt 56-199] Attempt to get parsing info during refresh. "On-the-fly" syntax checking information may be incorrect. [C:\Users\ferna\OneDrive\Documentos\uergs\trabalhos\computer-organization\first-work\jaguar40\jaguar40.srcs\sources_1\new\control_unit.vhd:]
WARNING: [filemgmt 56-199] Attempt to get parsing info during refresh. "On-the-fly" syntax checking information may be incorrect. [C:\Users\ferna\OneDrive\Documentos\uergs\trabalhos\computer-organization\first-work\jaguar40\jaguar40.srcs\sources_1\new\pc.vhd:]
WARNING: [filemgmt 56-199] Attempt to get parsing info during refresh. "On-the-fly" syntax checking information may be incorrect. [C:\Users\ferna\OneDrive\Documentos\uergs\trabalhos\computer-organization\first-work\jaguar40\jaguar40.srcs\sources_1\new\jaguar40.vhd:]
WARNING: [filemgmt 56-199] Attempt to get parsing info during refresh. "On-the-fly" syntax checking information may be incorrect. [C:\Users\ferna\OneDrive\Documentos\uergs\trabalhos\computer-organization\first-work\jaguar40\jaguar40.srcs\sources_1\new\register_bank.vhd:]
WARNING: [filemgmt 56-199] Attempt to get parsing info during refresh. "On-the-fly" syntax checking information may be incorrect. [C:\Users\ferna\OneDrive\Documentos\uergs\trabalhos\computer-organization\first-work\jaguar40\jaguar40.srcs\sources_1\new\intermed_register.vhd:]
ERROR: [Common 17-180] Spawn failed: No error
update_compile_order -fileset sources_1
WARNING: [filemgmt 56-199] Attempt to get parsing info during refresh. "On-the-fly" syntax checking information may be incorrect. [C:\Users\ferna\OneDrive\Documentos\uergs\trabalhos\computer-organization\first-work\jaguar40\jaguar40.srcs\sources_1\new\ula.vhd:]
WARNING: [filemgmt 56-199] Attempt to get parsing info during refresh. "On-the-fly" syntax checking information may be incorrect. [C:\Users\ferna\OneDrive\Documentos\uergs\trabalhos\computer-organization\first-work\jaguar40\jaguar40.srcs\sim_1\new\tb_jaguar40.vhd:]
WARNING: [filemgmt 56-199] Attempt to get parsing info during refresh. "On-the-fly" syntax checking information may be incorrect. [C:\Users\ferna\OneDrive\Documentos\uergs\trabalhos\computer-organization\first-work\jaguar40\jaguar40.srcs\sources_1\new\memory.vhd:]
WARNING: [filemgmt 56-199] Attempt to get parsing info during refresh. "On-the-fly" syntax checking information may be incorrect. [C:\Users\ferna\OneDrive\Documentos\uergs\trabalhos\computer-organization\first-work\jaguar40\jaguar40.srcs\sources_1\new\control_unit.vhd:]
WARNING: [filemgmt 56-199] Attempt to get parsing info during refresh. "On-the-fly" syntax checking information may be incorrect. [C:\Users\ferna\OneDrive\Documentos\uergs\trabalhos\computer-organization\first-work\jaguar40\jaguar40.srcs\sources_1\new\pc.vhd:]
WARNING: [filemgmt 56-199] Attempt to get parsing info during refresh. "On-the-fly" syntax checking information may be incorrect. [C:\Users\ferna\OneDrive\Documentos\uergs\trabalhos\computer-organization\first-work\jaguar40\jaguar40.srcs\sources_1\new\jaguar40.vhd:]
WARNING: [filemgmt 56-199] Attempt to get parsing info during refresh. "On-the-fly" syntax checking information may be incorrect. [C:\Users\ferna\OneDrive\Documentos\uergs\trabalhos\computer-organization\first-work\jaguar40\jaguar40.srcs\sources_1\new\register_bank.vhd:]
WARNING: [filemgmt 56-199] Attempt to get parsing info during refresh. "On-the-fly" syntax checking information may be incorrect. [C:\Users\ferna\OneDrive\Documentos\uergs\trabalhos\computer-organization\first-work\jaguar40\jaguar40.srcs\sources_1\new\intermed_register.vhd:]
WARNING: [filemgmt 56-199] Attempt to get parsing info during refresh. "On-the-fly" syntax checking information may be incorrect. [C:\Users\ferna\OneDrive\Documentos\uergs\trabalhos\computer-organization\first-work\jaguar40\jaguar40.srcs\sources_1\new\ula.vhd:]
WARNING: [filemgmt 56-199] Attempt to get parsing info during refresh. "On-the-fly" syntax checking information may be incorrect. [C:\Users\ferna\OneDrive\Documentos\uergs\trabalhos\computer-organization\first-work\jaguar40\jaguar40.srcs\sim_1\new\tb_jaguar40.vhd:]
WARNING: [filemgmt 56-199] Attempt to get parsing info during refresh. "On-the-fly" syntax checking information may be incorrect. [C:\Users\ferna\OneDrive\Documentos\uergs\trabalhos\computer-organization\first-work\jaguar40\jaguar40.srcs\sources_1\new\memory.vhd:]
WARNING: [filemgmt 56-199] Attempt to get parsing info during refresh. "On-the-fly" syntax checking information may be incorrect. [C:\Users\ferna\OneDrive\Documentos\uergs\trabalhos\computer-organization\first-work\jaguar40\jaguar40.srcs\sources_1\new\control_unit.vhd:]
WARNING: [filemgmt 56-199] Attempt to get parsing info during refresh. "On-the-fly" syntax checking information may be incorrect. [C:\Users\ferna\OneDrive\Documentos\uergs\trabalhos\computer-organization\first-work\jaguar40\jaguar40.srcs\sources_1\new\pc.vhd:]
WARNING: [filemgmt 56-199] Attempt to get parsing info during refresh. "On-the-fly" syntax checking information may be incorrect. [C:\Users\ferna\OneDrive\Documentos\uergs\trabalhos\computer-organization\first-work\jaguar40\jaguar40.srcs\sources_1\new\jaguar40.vhd:]
WARNING: [filemgmt 56-199] Attempt to get parsing info during refresh. "On-the-fly" syntax checking information may be incorrect. [C:\Users\ferna\OneDrive\Documentos\uergs\trabalhos\computer-organization\first-work\jaguar40\jaguar40.srcs\sources_1\new\register_bank.vhd:]
WARNING: [filemgmt 56-199] Attempt to get parsing info during refresh. "On-the-fly" syntax checking information may be incorrect. [C:\Users\ferna\OneDrive\Documentos\uergs\trabalhos\computer-organization\first-work\jaguar40\jaguar40.srcs\sources_1\new\intermed_register.vhd:]
WARNING: [filemgmt 56-199] Attempt to get parsing info during refresh. "On-the-fly" syntax checking information may be incorrect. [C:\Users\ferna\OneDrive\Documentos\uergs\trabalhos\computer-organization\first-work\jaguar40\jaguar40.srcs\sources_1\new\ula.vhd:]
WARNING: [filemgmt 56-199] Attempt to get parsing info during refresh. "On-the-fly" syntax checking information may be incorrect. [C:\Users\ferna\OneDrive\Documentos\uergs\trabalhos\computer-organization\first-work\jaguar40\jaguar40.srcs\sim_1\new\tb_jaguar40.vhd:]
WARNING: [filemgmt 56-199] Attempt to get parsing info during refresh. "On-the-fly" syntax checking information may be incorrect. [C:\Users\ferna\OneDrive\Documentos\uergs\trabalhos\computer-organization\first-work\jaguar40\jaguar40.srcs\sources_1\new\memory.vhd:]
WARNING: [filemgmt 56-199] Attempt to get parsing info during refresh. "On-the-fly" syntax checking information may be incorrect. [C:\Users\ferna\OneDrive\Documentos\uergs\trabalhos\computer-organization\first-work\jaguar40\jaguar40.srcs\sources_1\new\control_unit.vhd:]
WARNING: [filemgmt 56-199] Attempt to get parsing info during refresh. "On-the-fly" syntax checking information may be incorrect. [C:\Users\ferna\OneDrive\Documentos\uergs\trabalhos\computer-organization\first-work\jaguar40\jaguar40.srcs\sources_1\new\pc.vhd:]
WARNING: [filemgmt 56-199] Attempt to get parsing info during refresh. "On-the-fly" syntax checking information may be incorrect. [C:\Users\ferna\OneDrive\Documentos\uergs\trabalhos\computer-organization\first-work\jaguar40\jaguar40.srcs\sources_1\new\jaguar40.vhd:]
WARNING: [filemgmt 56-199] Attempt to get parsing info during refresh. "On-the-fly" syntax checking information may be incorrect. [C:\Users\ferna\OneDrive\Documentos\uergs\trabalhos\computer-organization\first-work\jaguar40\jaguar40.srcs\sources_1\new\register_bank.vhd:]
WARNING: [filemgmt 56-199] Attempt to get parsing info during refresh. "On-the-fly" syntax checking information may be incorrect. [C:\Users\ferna\OneDrive\Documentos\uergs\trabalhos\computer-organization\first-work\jaguar40\jaguar40.srcs\sources_1\new\intermed_register.vhd:]
WARNING: [filemgmt 56-199] Attempt to get parsing info during refresh. "On-the-fly" syntax checking information may be incorrect. [C:\Users\ferna\OneDrive\Documentos\uergs\trabalhos\computer-organization\first-work\jaguar40\jaguar40.srcs\sources_1\new\ula.vhd:]
WARNING: [filemgmt 56-199] Attempt to get parsing info during refresh. "On-the-fly" syntax checking information may be incorrect. [C:\Users\ferna\OneDrive\Documentos\uergs\trabalhos\computer-organization\first-work\jaguar40\jaguar40.srcs\sim_1\new\tb_jaguar40.vhd:]
WARNING: [filemgmt 56-199] Attempt to get parsing info during refresh. "On-the-fly" syntax checking information may be incorrect. [C:\Users\ferna\OneDrive\Documentos\uergs\trabalhos\computer-organization\first-work\jaguar40\jaguar40.srcs\sources_1\new\memory.vhd:]
WARNING: [filemgmt 56-199] Attempt to get parsing info during refresh. "On-the-fly" syntax checking information may be incorrect. [C:\Users\ferna\OneDrive\Documentos\uergs\trabalhos\computer-organization\first-work\jaguar40\jaguar40.srcs\sources_1\new\control_unit.vhd:]
WARNING: [filemgmt 56-199] Attempt to get parsing info during refresh. "On-the-fly" syntax checking information may be incorrect. [C:\Users\ferna\OneDrive\Documentos\uergs\trabalhos\computer-organization\first-work\jaguar40\jaguar40.srcs\sources_1\new\pc.vhd:]
WARNING: [filemgmt 56-199] Attempt to get parsing info during refresh. "On-the-fly" syntax checking information may be incorrect. [C:\Users\ferna\OneDrive\Documentos\uergs\trabalhos\computer-organization\first-work\jaguar40\jaguar40.srcs\sources_1\new\jaguar40.vhd:]
WARNING: [filemgmt 56-199] Attempt to get parsing info during refresh. "On-the-fly" syntax checking information may be incorrect. [C:\Users\ferna\OneDrive\Documentos\uergs\trabalhos\computer-organization\first-work\jaguar40\jaguar40.srcs\sources_1\new\register_bank.vhd:]
WARNING: [filemgmt 56-199] Attempt to get parsing info during refresh. "On-the-fly" syntax checking information may be incorrect. [C:\Users\ferna\OneDrive\Documentos\uergs\trabalhos\computer-organization\first-work\jaguar40\jaguar40.srcs\sources_1\new\intermed_register.vhd:]
ERROR: [Common 17-180] Spawn failed: No error
ERROR: [Common 17-180] Spawn failed: No error
WARNING: [filemgmt 56-199] Attempt to get parsing info during refresh. "On-the-fly" syntax checking information may be incorrect. [C:\Users\ferna\OneDrive\Documentos\uergs\trabalhos\computer-organization\first-work\jaguar40\jaguar40.srcs\sources_1\new\ula.vhd:]
WARNING: [filemgmt 56-199] Attempt to get parsing info during refresh. "On-the-fly" syntax checking information may be incorrect. [C:\Users\ferna\OneDrive\Documentos\uergs\trabalhos\computer-organization\first-work\jaguar40\jaguar40.srcs\sim_1\new\tb_jaguar40.vhd:]
WARNING: [filemgmt 56-199] Attempt to get parsing info during refresh. "On-the-fly" syntax checking information may be incorrect. [C:\Users\ferna\OneDrive\Documentos\uergs\trabalhos\computer-organization\first-work\jaguar40\jaguar40.srcs\sources_1\new\memory.vhd:]
WARNING: [filemgmt 56-199] Attempt to get parsing info during refresh. "On-the-fly" syntax checking information may be incorrect. [C:\Users\ferna\OneDrive\Documentos\uergs\trabalhos\computer-organization\first-work\jaguar40\jaguar40.srcs\sources_1\new\control_unit.vhd:]
WARNING: [filemgmt 56-199] Attempt to get parsing info during refresh. "On-the-fly" syntax checking information may be incorrect. [C:\Users\ferna\OneDrive\Documentos\uergs\trabalhos\computer-organization\first-work\jaguar40\jaguar40.srcs\sources_1\new\pc.vhd:]
WARNING: [filemgmt 56-199] Attempt to get parsing info during refresh. "On-the-fly" syntax checking information may be incorrect. [C:\Users\ferna\OneDrive\Documentos\uergs\trabalhos\computer-organization\first-work\jaguar40\jaguar40.srcs\sources_1\new\jaguar40.vhd:]
WARNING: [filemgmt 56-199] Attempt to get parsing info during refresh. "On-the-fly" syntax checking information may be incorrect. [C:\Users\ferna\OneDrive\Documentos\uergs\trabalhos\computer-organization\first-work\jaguar40\jaguar40.srcs\sources_1\new\register_bank.vhd:]
WARNING: [filemgmt 56-199] Attempt to get parsing info during refresh. "On-the-fly" syntax checking information may be incorrect. [C:\Users\ferna\OneDrive\Documentos\uergs\trabalhos\computer-organization\first-work\jaguar40\jaguar40.srcs\sources_1\new\intermed_register.vhd:]
WARNING: [filemgmt 56-199] Attempt to get parsing info during refresh. "On-the-fly" syntax checking information may be incorrect. [C:\Users\ferna\OneDrive\Documentos\uergs\trabalhos\computer-organization\first-work\jaguar40\jaguar40.srcs\sources_1\new\ula.vhd:]
WARNING: [filemgmt 56-199] Attempt to get parsing info during refresh. "On-the-fly" syntax checking information may be incorrect. [C:\Users\ferna\OneDrive\Documentos\uergs\trabalhos\computer-organization\first-work\jaguar40\jaguar40.srcs\sim_1\new\tb_jaguar40.vhd:]
WARNING: [filemgmt 56-199] Attempt to get parsing info during refresh. "On-the-fly" syntax checking information may be incorrect. [C:\Users\ferna\OneDrive\Documentos\uergs\trabalhos\computer-organization\first-work\jaguar40\jaguar40.srcs\sources_1\new\memory.vhd:]
WARNING: [filemgmt 56-199] Attempt to get parsing info during refresh. "On-the-fly" syntax checking information may be incorrect. [C:\Users\ferna\OneDrive\Documentos\uergs\trabalhos\computer-organization\first-work\jaguar40\jaguar40.srcs\sources_1\new\control_unit.vhd:]
WARNING: [filemgmt 56-199] Attempt to get parsing info during refresh. "On-the-fly" syntax checking information may be incorrect. [C:\Users\ferna\OneDrive\Documentos\uergs\trabalhos\computer-organization\first-work\jaguar40\jaguar40.srcs\sources_1\new\pc.vhd:]
WARNING: [filemgmt 56-199] Attempt to get parsing info during refresh. "On-the-fly" syntax checking information may be incorrect. [C:\Users\ferna\OneDrive\Documentos\uergs\trabalhos\computer-organization\first-work\jaguar40\jaguar40.srcs\sources_1\new\jaguar40.vhd:]
WARNING: [filemgmt 56-199] Attempt to get parsing info during refresh. "On-the-fly" syntax checking information may be incorrect. [C:\Users\ferna\OneDrive\Documentos\uergs\trabalhos\computer-organization\first-work\jaguar40\jaguar40.srcs\sources_1\new\register_bank.vhd:]
WARNING: [filemgmt 56-199] Attempt to get parsing info during refresh. "On-the-fly" syntax checking information may be incorrect. [C:\Users\ferna\OneDrive\Documentos\uergs\trabalhos\computer-organization\first-work\jaguar40\jaguar40.srcs\sources_1\new\intermed_register.vhd:]
ERROR: [Common 17-180] Spawn failed: No error
WARNING: [filemgmt 56-199] Attempt to get parsing info during refresh. "On-the-fly" syntax checking information may be incorrect. [C:\Users\ferna\OneDrive\Documentos\uergs\trabalhos\computer-organization\first-work\jaguar40\jaguar40.srcs\sources_1\new\ula.vhd:]
WARNING: [filemgmt 56-199] Attempt to get parsing info during refresh. "On-the-fly" syntax checking information may be incorrect. [C:\Users\ferna\OneDrive\Documentos\uergs\trabalhos\computer-organization\first-work\jaguar40\jaguar40.srcs\sim_1\new\tb_jaguar40.vhd:]
WARNING: [filemgmt 56-199] Attempt to get parsing info during refresh. "On-the-fly" syntax checking information may be incorrect. [C:\Users\ferna\OneDrive\Documentos\uergs\trabalhos\computer-organization\first-work\jaguar40\jaguar40.srcs\sources_1\new\memory.vhd:]
WARNING: [filemgmt 56-199] Attempt to get parsing info during refresh. "On-the-fly" syntax checking information may be incorrect. [C:\Users\ferna\OneDrive\Documentos\uergs\trabalhos\computer-organization\first-work\jaguar40\jaguar40.srcs\sources_1\new\control_unit.vhd:]
WARNING: [filemgmt 56-199] Attempt to get parsing info during refresh. "On-the-fly" syntax checking information may be incorrect. [C:\Users\ferna\OneDrive\Documentos\uergs\trabalhos\computer-organization\first-work\jaguar40\jaguar40.srcs\sources_1\new\pc.vhd:]
WARNING: [filemgmt 56-199] Attempt to get parsing info during refresh. "On-the-fly" syntax checking information may be incorrect. [C:\Users\ferna\OneDrive\Documentos\uergs\trabalhos\computer-organization\first-work\jaguar40\jaguar40.srcs\sources_1\new\jaguar40.vhd:]
WARNING: [filemgmt 56-199] Attempt to get parsing info during refresh. "On-the-fly" syntax checking information may be incorrect. [C:\Users\ferna\OneDrive\Documentos\uergs\trabalhos\computer-organization\first-work\jaguar40\jaguar40.srcs\sources_1\new\register_bank.vhd:]
WARNING: [filemgmt 56-199] Attempt to get parsing info during refresh. "On-the-fly" syntax checking information may be incorrect. [C:\Users\ferna\OneDrive\Documentos\uergs\trabalhos\computer-organization\first-work\jaguar40\jaguar40.srcs\sources_1\new\intermed_register.vhd:]
ERROR: [Common 17-180] Spawn failed: No error
WARNING: [filemgmt 56-199] Attempt to get parsing info during refresh. "On-the-fly" syntax checking information may be incorrect. [C:\Users\ferna\OneDrive\Documentos\uergs\trabalhos\computer-organization\first-work\jaguar40\jaguar40.srcs\sources_1\new\ula.vhd:]
WARNING: [filemgmt 56-199] Attempt to get parsing info during refresh. "On-the-fly" syntax checking information may be incorrect. [C:\Users\ferna\OneDrive\Documentos\uergs\trabalhos\computer-organization\first-work\jaguar40\jaguar40.srcs\sim_1\new\tb_jaguar40.vhd:]
WARNING: [filemgmt 56-199] Attempt to get parsing info during refresh. "On-the-fly" syntax checking information may be incorrect. [C:\Users\ferna\OneDrive\Documentos\uergs\trabalhos\computer-organization\first-work\jaguar40\jaguar40.srcs\sources_1\new\memory.vhd:]
WARNING: [filemgmt 56-199] Attempt to get parsing info during refresh. "On-the-fly" syntax checking information may be incorrect. [C:\Users\ferna\OneDrive\Documentos\uergs\trabalhos\computer-organization\first-work\jaguar40\jaguar40.srcs\sources_1\new\control_unit.vhd:]
WARNING: [filemgmt 56-199] Attempt to get parsing info during refresh. "On-the-fly" syntax checking information may be incorrect. [C:\Users\ferna\OneDrive\Documentos\uergs\trabalhos\computer-organization\first-work\jaguar40\jaguar40.srcs\sources_1\new\pc.vhd:]
WARNING: [filemgmt 56-199] Attempt to get parsing info during refresh. "On-the-fly" syntax checking information may be incorrect. [C:\Users\ferna\OneDrive\Documentos\uergs\trabalhos\computer-organization\first-work\jaguar40\jaguar40.srcs\sources_1\new\jaguar40.vhd:]
WARNING: [filemgmt 56-199] Attempt to get parsing info during refresh. "On-the-fly" syntax checking information may be incorrect. [C:\Users\ferna\OneDrive\Documentos\uergs\trabalhos\computer-organization\first-work\jaguar40\jaguar40.srcs\sources_1\new\register_bank.vhd:]
WARNING: [filemgmt 56-199] Attempt to get parsing info during refresh. "On-the-fly" syntax checking information may be incorrect. [C:\Users\ferna\OneDrive\Documentos\uergs\trabalhos\computer-organization\first-work\jaguar40\jaguar40.srcs\sources_1\new\intermed_register.vhd:]
WARNING: [filemgmt 56-199] Attempt to get parsing info during refresh. "On-the-fly" syntax checking information may be incorrect. [C:\Users\ferna\OneDrive\Documentos\uergs\trabalhos\computer-organization\first-work\jaguar40\jaguar40.srcs\sources_1\new\ula.vhd:]
WARNING: [filemgmt 56-199] Attempt to get parsing info during refresh. "On-the-fly" syntax checking information may be incorrect. [C:\Users\ferna\OneDrive\Documentos\uergs\trabalhos\computer-organization\first-work\jaguar40\jaguar40.srcs\sim_1\new\tb_jaguar40.vhd:]
WARNING: [filemgmt 56-199] Attempt to get parsing info during refresh. "On-the-fly" syntax checking information may be incorrect. [C:\Users\ferna\OneDrive\Documentos\uergs\trabalhos\computer-organization\first-work\jaguar40\jaguar40.srcs\sources_1\new\memory.vhd:]
WARNING: [filemgmt 56-199] Attempt to get parsing info during refresh. "On-the-fly" syntax checking information may be incorrect. [C:\Users\ferna\OneDrive\Documentos\uergs\trabalhos\computer-organization\first-work\jaguar40\jaguar40.srcs\sources_1\new\control_unit.vhd:]
WARNING: [filemgmt 56-199] Attempt to get parsing info during refresh. "On-the-fly" syntax checking information may be incorrect. [C:\Users\ferna\OneDrive\Documentos\uergs\trabalhos\computer-organization\first-work\jaguar40\jaguar40.srcs\sources_1\new\pc.vhd:]
WARNING: [filemgmt 56-199] Attempt to get parsing info during refresh. "On-the-fly" syntax checking information may be incorrect. [C:\Users\ferna\OneDrive\Documentos\uergs\trabalhos\computer-organization\first-work\jaguar40\jaguar40.srcs\sources_1\new\jaguar40.vhd:]
WARNING: [filemgmt 56-199] Attempt to get parsing info during refresh. "On-the-fly" syntax checking information may be incorrect. [C:\Users\ferna\OneDrive\Documentos\uergs\trabalhos\computer-organization\first-work\jaguar40\jaguar40.srcs\sources_1\new\register_bank.vhd:]
WARNING: [filemgmt 56-199] Attempt to get parsing info during refresh. "On-the-fly" syntax checking information may be incorrect. [C:\Users\ferna\OneDrive\Documentos\uergs\trabalhos\computer-organization\first-work\jaguar40\jaguar40.srcs\sources_1\new\intermed_register.vhd:]
WARNING: [filemgmt 56-199] Attempt to get parsing info during refresh. "On-the-fly" syntax checking information may be incorrect. [C:\Users\ferna\OneDrive\Documentos\uergs\trabalhos\computer-organization\first-work\jaguar40\jaguar40.srcs\sources_1\new\ula.vhd:]
WARNING: [filemgmt 56-199] Attempt to get parsing info during refresh. "On-the-fly" syntax checking information may be incorrect. [C:\Users\ferna\OneDrive\Documentos\uergs\trabalhos\computer-organization\first-work\jaguar40\jaguar40.srcs\sim_1\new\tb_jaguar40.vhd:]
WARNING: [filemgmt 56-199] Attempt to get parsing info during refresh. "On-the-fly" syntax checking information may be incorrect. [C:\Users\ferna\OneDrive\Documentos\uergs\trabalhos\computer-organization\first-work\jaguar40\jaguar40.srcs\sources_1\new\memory.vhd:]
WARNING: [filemgmt 56-199] Attempt to get parsing info during refresh. "On-the-fly" syntax checking information may be incorrect. [C:\Users\ferna\OneDrive\Documentos\uergs\trabalhos\computer-organization\first-work\jaguar40\jaguar40.srcs\sources_1\new\control_unit.vhd:]
WARNING: [filemgmt 56-199] Attempt to get parsing info during refresh. "On-the-fly" syntax checking information may be incorrect. [C:\Users\ferna\OneDrive\Documentos\uergs\trabalhos\computer-organization\first-work\jaguar40\jaguar40.srcs\sources_1\new\pc.vhd:]
WARNING: [filemgmt 56-199] Attempt to get parsing info during refresh. "On-the-fly" syntax checking information may be incorrect. [C:\Users\ferna\OneDrive\Documentos\uergs\trabalhos\computer-organization\first-work\jaguar40\jaguar40.srcs\sources_1\new\jaguar40.vhd:]
WARNING: [filemgmt 56-199] Attempt to get parsing info during refresh. "On-the-fly" syntax checking information may be incorrect. [C:\Users\ferna\OneDrive\Documentos\uergs\trabalhos\computer-organization\first-work\jaguar40\jaguar40.srcs\sources_1\new\register_bank.vhd:]
WARNING: [filemgmt 56-199] Attempt to get parsing info during refresh. "On-the-fly" syntax checking information may be incorrect. [C:\Users\ferna\OneDrive\Documentos\uergs\trabalhos\computer-organization\first-work\jaguar40\jaguar40.srcs\sources_1\new\intermed_register.vhd:]
WARNING: [filemgmt 56-199] Attempt to get parsing info during refresh. "On-the-fly" syntax checking information may be incorrect. [C:\Users\ferna\OneDrive\Documentos\uergs\trabalhos\computer-organization\first-work\jaguar40\jaguar40.srcs\sources_1\new\ula.vhd:]
WARNING: [filemgmt 56-199] Attempt to get parsing info during refresh. "On-the-fly" syntax checking information may be incorrect. [C:\Users\ferna\OneDrive\Documentos\uergs\trabalhos\computer-organization\first-work\jaguar40\jaguar40.srcs\sim_1\new\tb_jaguar40.vhd:]
WARNING: [filemgmt 56-199] Attempt to get parsing info during refresh. "On-the-fly" syntax checking information may be incorrect. [C:\Users\ferna\OneDrive\Documentos\uergs\trabalhos\computer-organization\first-work\jaguar40\jaguar40.srcs\sources_1\new\memory.vhd:]
WARNING: [filemgmt 56-199] Attempt to get parsing info during refresh. "On-the-fly" syntax checking information may be incorrect. [C:\Users\ferna\OneDrive\Documentos\uergs\trabalhos\computer-organization\first-work\jaguar40\jaguar40.srcs\sources_1\new\control_unit.vhd:]
WARNING: [filemgmt 56-199] Attempt to get parsing info during refresh. "On-the-fly" syntax checking information may be incorrect. [C:\Users\ferna\OneDrive\Documentos\uergs\trabalhos\computer-organization\first-work\jaguar40\jaguar40.srcs\sources_1\new\pc.vhd:]
WARNING: [filemgmt 56-199] Attempt to get parsing info during refresh. "On-the-fly" syntax checking information may be incorrect. [C:\Users\ferna\OneDrive\Documentos\uergs\trabalhos\computer-organization\first-work\jaguar40\jaguar40.srcs\sources_1\new\jaguar40.vhd:]
WARNING: [filemgmt 56-199] Attempt to get parsing info during refresh. "On-the-fly" syntax checking information may be incorrect. [C:\Users\ferna\OneDrive\Documentos\uergs\trabalhos\computer-organization\first-work\jaguar40\jaguar40.srcs\sources_1\new\register_bank.vhd:]
WARNING: [filemgmt 56-199] Attempt to get parsing info during refresh. "On-the-fly" syntax checking information may be incorrect. [C:\Users\ferna\OneDrive\Documentos\uergs\trabalhos\computer-organization\first-work\jaguar40\jaguar40.srcs\sources_1\new\intermed_register.vhd:]
ERROR: [Common 17-180] Spawn failed: No error
WARNING: [filemgmt 56-199] Attempt to get parsing info during refresh. "On-the-fly" syntax checking information may be incorrect. [C:\Users\ferna\OneDrive\Documentos\uergs\trabalhos\computer-organization\first-work\jaguar40\jaguar40.srcs\sources_1\new\ula.vhd:]
WARNING: [filemgmt 56-199] Attempt to get parsing info during refresh. "On-the-fly" syntax checking information may be incorrect. [C:\Users\ferna\OneDrive\Documentos\uergs\trabalhos\computer-organization\first-work\jaguar40\jaguar40.srcs\sim_1\new\tb_jaguar40.vhd:]
WARNING: [filemgmt 56-199] Attempt to get parsing info during refresh. "On-the-fly" syntax checking information may be incorrect. [C:\Users\ferna\OneDrive\Documentos\uergs\trabalhos\computer-organization\first-work\jaguar40\jaguar40.srcs\sources_1\new\memory.vhd:]
WARNING: [filemgmt 56-199] Attempt to get parsing info during refresh. "On-the-fly" syntax checking information may be incorrect. [C:\Users\ferna\OneDrive\Documentos\uergs\trabalhos\computer-organization\first-work\jaguar40\jaguar40.srcs\sources_1\new\control_unit.vhd:]
WARNING: [filemgmt 56-199] Attempt to get parsing info during refresh. "On-the-fly" syntax checking information may be incorrect. [C:\Users\ferna\OneDrive\Documentos\uergs\trabalhos\computer-organization\first-work\jaguar40\jaguar40.srcs\sources_1\new\pc.vhd:]
WARNING: [filemgmt 56-199] Attempt to get parsing info during refresh. "On-the-fly" syntax checking information may be incorrect. [C:\Users\ferna\OneDrive\Documentos\uergs\trabalhos\computer-organization\first-work\jaguar40\jaguar40.srcs\sources_1\new\jaguar40.vhd:]
WARNING: [filemgmt 56-199] Attempt to get parsing info during refresh. "On-the-fly" syntax checking information may be incorrect. [C:\Users\ferna\OneDrive\Documentos\uergs\trabalhos\computer-organization\first-work\jaguar40\jaguar40.srcs\sources_1\new\register_bank.vhd:]
WARNING: [filemgmt 56-199] Attempt to get parsing info during refresh. "On-the-fly" syntax checking information may be incorrect. [C:\Users\ferna\OneDrive\Documentos\uergs\trabalhos\computer-organization\first-work\jaguar40\jaguar40.srcs\sources_1\new\intermed_register.vhd:]
ERROR: [Common 17-180] Spawn failed: No error
ERROR: [Common 17-180] Spawn failed: No error
ERROR: [Common 17-180] Spawn failed: No error
WARNING: [filemgmt 56-199] Attempt to get parsing info during refresh. "On-the-fly" syntax checking information may be incorrect. [C:\Users\ferna\OneDrive\Documentos\uergs\trabalhos\computer-organization\first-work\jaguar40\jaguar40.srcs\sources_1\new\ula.vhd:]
WARNING: [filemgmt 56-199] Attempt to get parsing info during refresh. "On-the-fly" syntax checking information may be incorrect. [C:\Users\ferna\OneDrive\Documentos\uergs\trabalhos\computer-organization\first-work\jaguar40\jaguar40.srcs\sim_1\new\tb_jaguar40.vhd:]
WARNING: [filemgmt 56-199] Attempt to get parsing info during refresh. "On-the-fly" syntax checking information may be incorrect. [C:\Users\ferna\OneDrive\Documentos\uergs\trabalhos\computer-organization\first-work\jaguar40\jaguar40.srcs\sources_1\new\memory.vhd:]
WARNING: [filemgmt 56-199] Attempt to get parsing info during refresh. "On-the-fly" syntax checking information may be incorrect. [C:\Users\ferna\OneDrive\Documentos\uergs\trabalhos\computer-organization\first-work\jaguar40\jaguar40.srcs\sources_1\new\control_unit.vhd:]
WARNING: [filemgmt 56-199] Attempt to get parsing info during refresh. "On-the-fly" syntax checking information may be incorrect. [C:\Users\ferna\OneDrive\Documentos\uergs\trabalhos\computer-organization\first-work\jaguar40\jaguar40.srcs\sources_1\new\pc.vhd:]
WARNING: [filemgmt 56-199] Attempt to get parsing info during refresh. "On-the-fly" syntax checking information may be incorrect. [C:\Users\ferna\OneDrive\Documentos\uergs\trabalhos\computer-organization\first-work\jaguar40\jaguar40.srcs\sources_1\new\jaguar40.vhd:]
WARNING: [filemgmt 56-199] Attempt to get parsing info during refresh. "On-the-fly" syntax checking information may be incorrect. [C:\Users\ferna\OneDrive\Documentos\uergs\trabalhos\computer-organization\first-work\jaguar40\jaguar40.srcs\sources_1\new\register_bank.vhd:]
WARNING: [filemgmt 56-199] Attempt to get parsing info during refresh. "On-the-fly" syntax checking information may be incorrect. [C:\Users\ferna\OneDrive\Documentos\uergs\trabalhos\computer-organization\first-work\jaguar40\jaguar40.srcs\sources_1\new\intermed_register.vhd:]
WARNING: [filemgmt 56-199] Attempt to get parsing info during refresh. "On-the-fly" syntax checking information may be incorrect. [C:\Users\ferna\OneDrive\Documentos\uergs\trabalhos\computer-organization\first-work\jaguar40\jaguar40.srcs\sources_1\new\ula.vhd:]
WARNING: [filemgmt 56-199] Attempt to get parsing info during refresh. "On-the-fly" syntax checking information may be incorrect. [C:\Users\ferna\OneDrive\Documentos\uergs\trabalhos\computer-organization\first-work\jaguar40\jaguar40.srcs\sim_1\new\tb_jaguar40.vhd:]
WARNING: [filemgmt 56-199] Attempt to get parsing info during refresh. "On-the-fly" syntax checking information may be incorrect. [C:\Users\ferna\OneDrive\Documentos\uergs\trabalhos\computer-organization\first-work\jaguar40\jaguar40.srcs\sources_1\new\memory.vhd:]
WARNING: [filemgmt 56-199] Attempt to get parsing info during refresh. "On-the-fly" syntax checking information may be incorrect. [C:\Users\ferna\OneDrive\Documentos\uergs\trabalhos\computer-organization\first-work\jaguar40\jaguar40.srcs\sources_1\new\control_unit.vhd:]
WARNING: [filemgmt 56-199] Attempt to get parsing info during refresh. "On-the-fly" syntax checking information may be incorrect. [C:\Users\ferna\OneDrive\Documentos\uergs\trabalhos\computer-organization\first-work\jaguar40\jaguar40.srcs\sources_1\new\pc.vhd:]
WARNING: [filemgmt 56-199] Attempt to get parsing info during refresh. "On-the-fly" syntax checking information may be incorrect. [C:\Users\ferna\OneDrive\Documentos\uergs\trabalhos\computer-organization\first-work\jaguar40\jaguar40.srcs\sources_1\new\jaguar40.vhd:]
WARNING: [filemgmt 56-199] Attempt to get parsing info during refresh. "On-the-fly" syntax checking information may be incorrect. [C:\Users\ferna\OneDrive\Documentos\uergs\trabalhos\computer-organization\first-work\jaguar40\jaguar40.srcs\sources_1\new\register_bank.vhd:]
WARNING: [filemgmt 56-199] Attempt to get parsing info during refresh. "On-the-fly" syntax checking information may be incorrect. [C:\Users\ferna\OneDrive\Documentos\uergs\trabalhos\computer-organization\first-work\jaguar40\jaguar40.srcs\sources_1\new\intermed_register.vhd:]
WARNING: [filemgmt 56-199] Attempt to get parsing info during refresh. "On-the-fly" syntax checking information may be incorrect. [C:\Users\ferna\OneDrive\Documentos\uergs\trabalhos\computer-organization\first-work\jaguar40\jaguar40.srcs\sources_1\new\ula.vhd:]
WARNING: [filemgmt 56-199] Attempt to get parsing info during refresh. "On-the-fly" syntax checking information may be incorrect. [C:\Users\ferna\OneDrive\Documentos\uergs\trabalhos\computer-organization\first-work\jaguar40\jaguar40.srcs\sim_1\new\tb_jaguar40.vhd:]
WARNING: [filemgmt 56-199] Attempt to get parsing info during refresh. "On-the-fly" syntax checking information may be incorrect. [C:\Users\ferna\OneDrive\Documentos\uergs\trabalhos\computer-organization\first-work\jaguar40\jaguar40.srcs\sources_1\new\memory.vhd:]
WARNING: [filemgmt 56-199] Attempt to get parsing info during refresh. "On-the-fly" syntax checking information may be incorrect. [C:\Users\ferna\OneDrive\Documentos\uergs\trabalhos\computer-organization\first-work\jaguar40\jaguar40.srcs\sources_1\new\control_unit.vhd:]
WARNING: [filemgmt 56-199] Attempt to get parsing info during refresh. "On-the-fly" syntax checking information may be incorrect. [C:\Users\ferna\OneDrive\Documentos\uergs\trabalhos\computer-organization\first-work\jaguar40\jaguar40.srcs\sources_1\new\pc.vhd:]
WARNING: [filemgmt 56-199] Attempt to get parsing info during refresh. "On-the-fly" syntax checking information may be incorrect. [C:\Users\ferna\OneDrive\Documentos\uergs\trabalhos\computer-organization\first-work\jaguar40\jaguar40.srcs\sources_1\new\jaguar40.vhd:]
WARNING: [filemgmt 56-199] Attempt to get parsing info during refresh. "On-the-fly" syntax checking information may be incorrect. [C:\Users\ferna\OneDrive\Documentos\uergs\trabalhos\computer-organization\first-work\jaguar40\jaguar40.srcs\sources_1\new\register_bank.vhd:]
WARNING: [filemgmt 56-199] Attempt to get parsing info during refresh. "On-the-fly" syntax checking information may be incorrect. [C:\Users\ferna\OneDrive\Documentos\uergs\trabalhos\computer-organization\first-work\jaguar40\jaguar40.srcs\sources_1\new\intermed_register.vhd:]
WARNING: [filemgmt 56-199] Attempt to get parsing info during refresh. "On-the-fly" syntax checking information may be incorrect. [C:\Users\ferna\OneDrive\Documentos\uergs\trabalhos\computer-organization\first-work\jaguar40\jaguar40.srcs\sources_1\new\ula.vhd:]
WARNING: [filemgmt 56-199] Attempt to get parsing info during refresh. "On-the-fly" syntax checking information may be incorrect. [C:\Users\ferna\OneDrive\Documentos\uergs\trabalhos\computer-organization\first-work\jaguar40\jaguar40.srcs\sim_1\new\tb_jaguar40.vhd:]
WARNING: [filemgmt 56-199] Attempt to get parsing info during refresh. "On-the-fly" syntax checking information may be incorrect. [C:\Users\ferna\OneDrive\Documentos\uergs\trabalhos\computer-organization\first-work\jaguar40\jaguar40.srcs\sources_1\new\memory.vhd:]
WARNING: [filemgmt 56-199] Attempt to get parsing info during refresh. "On-the-fly" syntax checking information may be incorrect. [C:\Users\ferna\OneDrive\Documentos\uergs\trabalhos\computer-organization\first-work\jaguar40\jaguar40.srcs\sources_1\new\control_unit.vhd:]
WARNING: [filemgmt 56-199] Attempt to get parsing info during refresh. "On-the-fly" syntax checking information may be incorrect. [C:\Users\ferna\OneDrive\Documentos\uergs\trabalhos\computer-organization\first-work\jaguar40\jaguar40.srcs\sources_1\new\pc.vhd:]
WARNING: [filemgmt 56-199] Attempt to get parsing info during refresh. "On-the-fly" syntax checking information may be incorrect. [C:\Users\ferna\OneDrive\Documentos\uergs\trabalhos\computer-organization\first-work\jaguar40\jaguar40.srcs\sources_1\new\jaguar40.vhd:]
WARNING: [filemgmt 56-199] Attempt to get parsing info during refresh. "On-the-fly" syntax checking information may be incorrect. [C:\Users\ferna\OneDrive\Documentos\uergs\trabalhos\computer-organization\first-work\jaguar40\jaguar40.srcs\sources_1\new\register_bank.vhd:]
WARNING: [filemgmt 56-199] Attempt to get parsing info during refresh. "On-the-fly" syntax checking information may be incorrect. [C:\Users\ferna\OneDrive\Documentos\uergs\trabalhos\computer-organization\first-work\jaguar40\jaguar40.srcs\sources_1\new\intermed_register.vhd:]
ERROR: [Common 17-180] Spawn failed: No error
WARNING: [filemgmt 56-199] Attempt to get parsing info during refresh. "On-the-fly" syntax checking information may be incorrect. [C:\Users\ferna\OneDrive\Documentos\uergs\trabalhos\computer-organization\first-work\jaguar40\jaguar40.srcs\sources_1\new\ula.vhd:]
WARNING: [filemgmt 56-199] Attempt to get parsing info during refresh. "On-the-fly" syntax checking information may be incorrect. [C:\Users\ferna\OneDrive\Documentos\uergs\trabalhos\computer-organization\first-work\jaguar40\jaguar40.srcs\sim_1\new\tb_jaguar40.vhd:]
WARNING: [filemgmt 56-199] Attempt to get parsing info during refresh. "On-the-fly" syntax checking information may be incorrect. [C:\Users\ferna\OneDrive\Documentos\uergs\trabalhos\computer-organization\first-work\jaguar40\jaguar40.srcs\sources_1\new\memory.vhd:]
WARNING: [filemgmt 56-199] Attempt to get parsing info during refresh. "On-the-fly" syntax checking information may be incorrect. [C:\Users\ferna\OneDrive\Documentos\uergs\trabalhos\computer-organization\first-work\jaguar40\jaguar40.srcs\sources_1\new\control_unit.vhd:]
WARNING: [filemgmt 56-199] Attempt to get parsing info during refresh. "On-the-fly" syntax checking information may be incorrect. [C:\Users\ferna\OneDrive\Documentos\uergs\trabalhos\computer-organization\first-work\jaguar40\jaguar40.srcs\sources_1\new\pc.vhd:]
WARNING: [filemgmt 56-199] Attempt to get parsing info during refresh. "On-the-fly" syntax checking information may be incorrect. [C:\Users\ferna\OneDrive\Documentos\uergs\trabalhos\computer-organization\first-work\jaguar40\jaguar40.srcs\sources_1\new\jaguar40.vhd:]
WARNING: [filemgmt 56-199] Attempt to get parsing info during refresh. "On-the-fly" syntax checking information may be incorrect. [C:\Users\ferna\OneDrive\Documentos\uergs\trabalhos\computer-organization\first-work\jaguar40\jaguar40.srcs\sources_1\new\register_bank.vhd:]
WARNING: [filemgmt 56-199] Attempt to get parsing info during refresh. "On-the-fly" syntax checking information may be incorrect. [C:\Users\ferna\OneDrive\Documentos\uergs\trabalhos\computer-organization\first-work\jaguar40\jaguar40.srcs\sources_1\new\intermed_register.vhd:]
ERROR: [Common 17-180] Spawn failed: No error
WARNING: [filemgmt 56-199] Attempt to get parsing info during refresh. "On-the-fly" syntax checking information may be incorrect. [C:\Users\ferna\OneDrive\Documentos\uergs\trabalhos\computer-organization\first-work\jaguar40\jaguar40.srcs\sources_1\new\ula.vhd:]
WARNING: [filemgmt 56-199] Attempt to get parsing info during refresh. "On-the-fly" syntax checking information may be incorrect. [C:\Users\ferna\OneDrive\Documentos\uergs\trabalhos\computer-organization\first-work\jaguar40\jaguar40.srcs\sim_1\new\tb_jaguar40.vhd:]
WARNING: [filemgmt 56-199] Attempt to get parsing info during refresh. "On-the-fly" syntax checking information may be incorrect. [C:\Users\ferna\OneDrive\Documentos\uergs\trabalhos\computer-organization\first-work\jaguar40\jaguar40.srcs\sources_1\new\memory.vhd:]
WARNING: [filemgmt 56-199] Attempt to get parsing info during refresh. "On-the-fly" syntax checking information may be incorrect. [C:\Users\ferna\OneDrive\Documentos\uergs\trabalhos\computer-organization\first-work\jaguar40\jaguar40.srcs\sources_1\new\control_unit.vhd:]
WARNING: [filemgmt 56-199] Attempt to get parsing info during refresh. "On-the-fly" syntax checking information may be incorrect. [C:\Users\ferna\OneDrive\Documentos\uergs\trabalhos\computer-organization\first-work\jaguar40\jaguar40.srcs\sources_1\new\pc.vhd:]
WARNING: [filemgmt 56-199] Attempt to get parsing info during refresh. "On-the-fly" syntax checking information may be incorrect. [C:\Users\ferna\OneDrive\Documentos\uergs\trabalhos\computer-organization\first-work\jaguar40\jaguar40.srcs\sources_1\new\jaguar40.vhd:]
WARNING: [filemgmt 56-199] Attempt to get parsing info during refresh. "On-the-fly" syntax checking information may be incorrect. [C:\Users\ferna\OneDrive\Documentos\uergs\trabalhos\computer-organization\first-work\jaguar40\jaguar40.srcs\sources_1\new\register_bank.vhd:]
WARNING: [filemgmt 56-199] Attempt to get parsing info during refresh. "On-the-fly" syntax checking information may be incorrect. [C:\Users\ferna\OneDrive\Documentos\uergs\trabalhos\computer-organization\first-work\jaguar40\jaguar40.srcs\sources_1\new\intermed_register.vhd:]
ERROR: [Common 17-180] Spawn failed: No error
ERROR: [Common 17-180] Spawn failed: No error
WARNING: [filemgmt 56-199] Attempt to get parsing info during refresh. "On-the-fly" syntax checking information may be incorrect. [C:\Users\ferna\OneDrive\Documentos\uergs\trabalhos\computer-organization\first-work\jaguar40\jaguar40.srcs\sources_1\new\ula.vhd:]
WARNING: [filemgmt 56-199] Attempt to get parsing info during refresh. "On-the-fly" syntax checking information may be incorrect. [C:\Users\ferna\OneDrive\Documentos\uergs\trabalhos\computer-organization\first-work\jaguar40\jaguar40.srcs\sources_1\new\ula.vhd:]
WARNING: [filemgmt 56-199] Attempt to get parsing info during refresh. "On-the-fly" syntax checking information may be incorrect. [C:\Users\ferna\OneDrive\Documentos\uergs\trabalhos\computer-organization\first-work\jaguar40\jaguar40.srcs\sources_1\new\memory.vhd:]
WARNING: [filemgmt 56-199] Attempt to get parsing info during refresh. "On-the-fly" syntax checking information may be incorrect. [C:\Users\ferna\OneDrive\Documentos\uergs\trabalhos\computer-organization\first-work\jaguar40\jaguar40.srcs\sources_1\new\control_unit.vhd:]
WARNING: [filemgmt 56-199] Attempt to get parsing info during refresh. "On-the-fly" syntax checking information may be incorrect. [C:\Users\ferna\OneDrive\Documentos\uergs\trabalhos\computer-organization\first-work\jaguar40\jaguar40.srcs\sources_1\new\pc.vhd:]
WARNING: [filemgmt 56-199] Attempt to get parsing info during refresh. "On-the-fly" syntax checking information may be incorrect. [C:\Users\ferna\OneDrive\Documentos\uergs\trabalhos\computer-organization\first-work\jaguar40\jaguar40.srcs\sources_1\new\jaguar40.vhd:]
WARNING: [filemgmt 56-199] Attempt to get parsing info during refresh. "On-the-fly" syntax checking information may be incorrect. [C:\Users\ferna\OneDrive\Documentos\uergs\trabalhos\computer-organization\first-work\jaguar40\jaguar40.srcs\sources_1\new\register_bank.vhd:]
WARNING: [filemgmt 56-199] Attempt to get parsing info during refresh. "On-the-fly" syntax checking information may be incorrect. [C:\Users\ferna\OneDrive\Documentos\uergs\trabalhos\computer-organization\first-work\jaguar40\jaguar40.srcs\sources_1\new\intermed_register.vhd:]
WARNING: [filemgmt 56-199] Attempt to get parsing info during refresh. "On-the-fly" syntax checking information may be incorrect. [C:\Users\ferna\OneDrive\Documentos\uergs\trabalhos\computer-organization\first-work\jaguar40\jaguar40.srcs\sources_1\new\ula.vhd:]
WARNING: [filemgmt 56-199] Attempt to get parsing info during refresh. "On-the-fly" syntax checking information may be incorrect. [C:\Users\ferna\OneDrive\Documentos\uergs\trabalhos\computer-organization\first-work\jaguar40\jaguar40.srcs\sources_1\new\memory.vhd:]
WARNING: [filemgmt 56-199] Attempt to get parsing info during refresh. "On-the-fly" syntax checking information may be incorrect. [C:\Users\ferna\OneDrive\Documentos\uergs\trabalhos\computer-organization\first-work\jaguar40\jaguar40.srcs\sources_1\new\control_unit.vhd:]
WARNING: [filemgmt 56-199] Attempt to get parsing info during refresh. "On-the-fly" syntax checking information may be incorrect. [C:\Users\ferna\OneDrive\Documentos\uergs\trabalhos\computer-organization\first-work\jaguar40\jaguar40.srcs\sources_1\new\pc.vhd:]
WARNING: [filemgmt 56-199] Attempt to get parsing info during refresh. "On-the-fly" syntax checking information may be incorrect. [C:\Users\ferna\OneDrive\Documentos\uergs\trabalhos\computer-organization\first-work\jaguar40\jaguar40.srcs\sources_1\new\jaguar40.vhd:]
WARNING: [filemgmt 56-199] Attempt to get parsing info during refresh. "On-the-fly" syntax checking information may be incorrect. [C:\Users\ferna\OneDrive\Documentos\uergs\trabalhos\computer-organization\first-work\jaguar40\jaguar40.srcs\sources_1\new\register_bank.vhd:]
WARNING: [filemgmt 56-199] Attempt to get parsing info during refresh. "On-the-fly" syntax checking information may be incorrect. [C:\Users\ferna\OneDrive\Documentos\uergs\trabalhos\computer-organization\first-work\jaguar40\jaguar40.srcs\sources_1\new\intermed_register.vhd:]
WARNING: [filemgmt 56-199] Attempt to get parsing info during refresh. "On-the-fly" syntax checking information may be incorrect. [C:\Users\ferna\OneDrive\Documentos\uergs\trabalhos\computer-organization\first-work\jaguar40\jaguar40.srcs\sources_1\new\ula.vhd:]
WARNING: [filemgmt 56-199] Attempt to get parsing info during refresh. "On-the-fly" syntax checking information may be incorrect. [C:\Users\ferna\OneDrive\Documentos\uergs\trabalhos\computer-organization\first-work\jaguar40\jaguar40.srcs\sources_1\new\memory.vhd:]
WARNING: [filemgmt 56-199] Attempt to get parsing info during refresh. "On-the-fly" syntax checking information may be incorrect. [C:\Users\ferna\OneDrive\Documentos\uergs\trabalhos\computer-organization\first-work\jaguar40\jaguar40.srcs\sources_1\new\control_unit.vhd:]
WARNING: [filemgmt 56-199] Attempt to get parsing info during refresh. "On-the-fly" syntax checking information may be incorrect. [C:\Users\ferna\OneDrive\Documentos\uergs\trabalhos\computer-organization\first-work\jaguar40\jaguar40.srcs\sources_1\new\pc.vhd:]
WARNING: [filemgmt 56-199] Attempt to get parsing info during refresh. "On-the-fly" syntax checking information may be incorrect. [C:\Users\ferna\OneDrive\Documentos\uergs\trabalhos\computer-organization\first-work\jaguar40\jaguar40.srcs\sources_1\new\jaguar40.vhd:]
WARNING: [filemgmt 56-199] Attempt to get parsing info during refresh. "On-the-fly" syntax checking information may be incorrect. [C:\Users\ferna\OneDrive\Documentos\uergs\trabalhos\computer-organization\first-work\jaguar40\jaguar40.srcs\sources_1\new\register_bank.vhd:]
WARNING: [filemgmt 56-199] Attempt to get parsing info during refresh. "On-the-fly" syntax checking information may be incorrect. [C:\Users\ferna\OneDrive\Documentos\uergs\trabalhos\computer-organization\first-work\jaguar40\jaguar40.srcs\sources_1\new\intermed_register.vhd:]
WARNING: [filemgmt 56-199] Attempt to get parsing info during refresh. "On-the-fly" syntax checking information may be incorrect. [C:\Users\ferna\OneDrive\Documentos\uergs\trabalhos\computer-organization\first-work\jaguar40\jaguar40.srcs\sources_1\new\ula.vhd:]
WARNING: [filemgmt 56-199] Attempt to get parsing info during refresh. "On-the-fly" syntax checking information may be incorrect. [C:\Users\ferna\OneDrive\Documentos\uergs\trabalhos\computer-organization\first-work\jaguar40\jaguar40.srcs\sources_1\new\memory.vhd:]
WARNING: [filemgmt 56-199] Attempt to get parsing info during refresh. "On-the-fly" syntax checking information may be incorrect. [C:\Users\ferna\OneDrive\Documentos\uergs\trabalhos\computer-organization\first-work\jaguar40\jaguar40.srcs\sources_1\new\control_unit.vhd:]
WARNING: [filemgmt 56-199] Attempt to get parsing info during refresh. "On-the-fly" syntax checking information may be incorrect. [C:\Users\ferna\OneDrive\Documentos\uergs\trabalhos\computer-organization\first-work\jaguar40\jaguar40.srcs\sources_1\new\pc.vhd:]
WARNING: [filemgmt 56-199] Attempt to get parsing info during refresh. "On-the-fly" syntax checking information may be incorrect. [C:\Users\ferna\OneDrive\Documentos\uergs\trabalhos\computer-organization\first-work\jaguar40\jaguar40.srcs\sources_1\new\jaguar40.vhd:]
WARNING: [filemgmt 56-199] Attempt to get parsing info during refresh. "On-the-fly" syntax checking information may be incorrect. [C:\Users\ferna\OneDrive\Documentos\uergs\trabalhos\computer-organization\first-work\jaguar40\jaguar40.srcs\sources_1\new\register_bank.vhd:]
WARNING: [filemgmt 56-199] Attempt to get parsing info during refresh. "On-the-fly" syntax checking information may be incorrect. [C:\Users\ferna\OneDrive\Documentos\uergs\trabalhos\computer-organization\first-work\jaguar40\jaguar40.srcs\sources_1\new\intermed_register.vhd:]
WARNING: [filemgmt 56-199] Attempt to get parsing info during refresh. "On-the-fly" syntax checking information may be incorrect. [C:\Users\ferna\OneDrive\Documentos\uergs\trabalhos\computer-organization\first-work\jaguar40\jaguar40.srcs\sources_1\new\ula.vhd:]
WARNING: [filemgmt 56-199] Attempt to get parsing info during refresh. "On-the-fly" syntax checking information may be incorrect. [C:\Users\ferna\OneDrive\Documentos\uergs\trabalhos\computer-organization\first-work\jaguar40\jaguar40.srcs\sources_1\new\memory.vhd:]
WARNING: [filemgmt 56-199] Attempt to get parsing info during refresh. "On-the-fly" syntax checking information may be incorrect. [C:\Users\ferna\OneDrive\Documentos\uergs\trabalhos\computer-organization\first-work\jaguar40\jaguar40.srcs\sources_1\new\control_unit.vhd:]
WARNING: [filemgmt 56-199] Attempt to get parsing info during refresh. "On-the-fly" syntax checking information may be incorrect. [C:\Users\ferna\OneDrive\Documentos\uergs\trabalhos\computer-organization\first-work\jaguar40\jaguar40.srcs\sources_1\new\pc.vhd:]
WARNING: [filemgmt 56-199] Attempt to get parsing info during refresh. "On-the-fly" syntax checking information may be incorrect. [C:\Users\ferna\OneDrive\Documentos\uergs\trabalhos\computer-organization\first-work\jaguar40\jaguar40.srcs\sources_1\new\jaguar40.vhd:]
WARNING: [filemgmt 56-199] Attempt to get parsing info during refresh. "On-the-fly" syntax checking information may be incorrect. [C:\Users\ferna\OneDrive\Documentos\uergs\trabalhos\computer-organization\first-work\jaguar40\jaguar40.srcs\sources_1\new\register_bank.vhd:]
WARNING: [filemgmt 56-199] Attempt to get parsing info during refresh. "On-the-fly" syntax checking information may be incorrect. [C:\Users\ferna\OneDrive\Documentos\uergs\trabalhos\computer-organization\first-work\jaguar40\jaguar40.srcs\sources_1\new\intermed_register.vhd:]
WARNING: [filemgmt 56-199] Attempt to get parsing info during refresh. "On-the-fly" syntax checking information may be incorrect. [C:\Users\ferna\OneDrive\Documentos\uergs\trabalhos\computer-organization\first-work\jaguar40\jaguar40.srcs\sources_1\new\ula.vhd:]
WARNING: [filemgmt 56-199] Attempt to get parsing info during refresh. "On-the-fly" syntax checking information may be incorrect. [C:\Users\ferna\OneDrive\Documentos\uergs\trabalhos\computer-organization\first-work\jaguar40\jaguar40.srcs\sources_1\new\memory.vhd:]
WARNING: [filemgmt 56-199] Attempt to get parsing info during refresh. "On-the-fly" syntax checking information may be incorrect. [C:\Users\ferna\OneDrive\Documentos\uergs\trabalhos\computer-organization\first-work\jaguar40\jaguar40.srcs\sources_1\new\control_unit.vhd:]
WARNING: [filemgmt 56-199] Attempt to get parsing info during refresh. "On-the-fly" syntax checking information may be incorrect. [C:\Users\ferna\OneDrive\Documentos\uergs\trabalhos\computer-organization\first-work\jaguar40\jaguar40.srcs\sources_1\new\pc.vhd:]
WARNING: [filemgmt 56-199] Attempt to get parsing info during refresh. "On-the-fly" syntax checking information may be incorrect. [C:\Users\ferna\OneDrive\Documentos\uergs\trabalhos\computer-organization\first-work\jaguar40\jaguar40.srcs\sources_1\new\jaguar40.vhd:]
WARNING: [filemgmt 56-199] Attempt to get parsing info during refresh. "On-the-fly" syntax checking information may be incorrect. [C:\Users\ferna\OneDrive\Documentos\uergs\trabalhos\computer-organization\first-work\jaguar40\jaguar40.srcs\sources_1\new\register_bank.vhd:]
WARNING: [filemgmt 56-199] Attempt to get parsing info during refresh. "On-the-fly" syntax checking information may be incorrect. [C:\Users\ferna\OneDrive\Documentos\uergs\trabalhos\computer-organization\first-work\jaguar40\jaguar40.srcs\sources_1\new\intermed_register.vhd:]
WARNING: [filemgmt 56-199] Attempt to get parsing info during refresh. "On-the-fly" syntax checking information may be incorrect. [C:\Users\ferna\OneDrive\Documentos\uergs\trabalhos\computer-organization\first-work\jaguar40\jaguar40.srcs\sources_1\new\ula.vhd:]
WARNING: [filemgmt 56-199] Attempt to get parsing info during refresh. "On-the-fly" syntax checking information may be incorrect. [C:\Users\ferna\OneDrive\Documentos\uergs\trabalhos\computer-organization\first-work\jaguar40\jaguar40.srcs\sources_1\new\memory.vhd:]
WARNING: [filemgmt 56-199] Attempt to get parsing info during refresh. "On-the-fly" syntax checking information may be incorrect. [C:\Users\ferna\OneDrive\Documentos\uergs\trabalhos\computer-organization\first-work\jaguar40\jaguar40.srcs\sources_1\new\control_unit.vhd:]
WARNING: [filemgmt 56-199] Attempt to get parsing info during refresh. "On-the-fly" syntax checking information may be incorrect. [C:\Users\ferna\OneDrive\Documentos\uergs\trabalhos\computer-organization\first-work\jaguar40\jaguar40.srcs\sources_1\new\pc.vhd:]
WARNING: [filemgmt 56-199] Attempt to get parsing info during refresh. "On-the-fly" syntax checking information may be incorrect. [C:\Users\ferna\OneDrive\Documentos\uergs\trabalhos\computer-organization\first-work\jaguar40\jaguar40.srcs\sources_1\new\jaguar40.vhd:]
WARNING: [filemgmt 56-199] Attempt to get parsing info during refresh. "On-the-fly" syntax checking information may be incorrect. [C:\Users\ferna\OneDrive\Documentos\uergs\trabalhos\computer-organization\first-work\jaguar40\jaguar40.srcs\sources_1\new\register_bank.vhd:]
WARNING: [filemgmt 56-199] Attempt to get parsing info during refresh. "On-the-fly" syntax checking information may be incorrect. [C:\Users\ferna\OneDrive\Documentos\uergs\trabalhos\computer-organization\first-work\jaguar40\jaguar40.srcs\sources_1\new\intermed_register.vhd:]
WARNING: [filemgmt 56-199] Attempt to get parsing info during refresh. "On-the-fly" syntax checking information may be incorrect. [C:\Users\ferna\OneDrive\Documentos\uergs\trabalhos\computer-organization\first-work\jaguar40\jaguar40.srcs\sources_1\new\ula.vhd:]
WARNING: [filemgmt 56-199] Attempt to get parsing info during refresh. "On-the-fly" syntax checking information may be incorrect. [C:\Users\ferna\OneDrive\Documentos\uergs\trabalhos\computer-organization\first-work\jaguar40\jaguar40.srcs\sources_1\new\memory.vhd:]
WARNING: [filemgmt 56-199] Attempt to get parsing info during refresh. "On-the-fly" syntax checking information may be incorrect. [C:\Users\ferna\OneDrive\Documentos\uergs\trabalhos\computer-organization\first-work\jaguar40\jaguar40.srcs\sources_1\new\control_unit.vhd:]
WARNING: [filemgmt 56-199] Attempt to get parsing info during refresh. "On-the-fly" syntax checking information may be incorrect. [C:\Users\ferna\OneDrive\Documentos\uergs\trabalhos\computer-organization\first-work\jaguar40\jaguar40.srcs\sources_1\new\pc.vhd:]
WARNING: [filemgmt 56-199] Attempt to get parsing info during refresh. "On-the-fly" syntax checking information may be incorrect. [C:\Users\ferna\OneDrive\Documentos\uergs\trabalhos\computer-organization\first-work\jaguar40\jaguar40.srcs\sources_1\new\jaguar40.vhd:]
WARNING: [filemgmt 56-199] Attempt to get parsing info during refresh. "On-the-fly" syntax checking information may be incorrect. [C:\Users\ferna\OneDrive\Documentos\uergs\trabalhos\computer-organization\first-work\jaguar40\jaguar40.srcs\sources_1\new\register_bank.vhd:]
WARNING: [filemgmt 56-199] Attempt to get parsing info during refresh. "On-the-fly" syntax checking information may be incorrect. [C:\Users\ferna\OneDrive\Documentos\uergs\trabalhos\computer-organization\first-work\jaguar40\jaguar40.srcs\sources_1\new\intermed_register.vhd:]
WARNING: [filemgmt 56-199] Attempt to get parsing info during refresh. "On-the-fly" syntax checking information may be incorrect. [C:\Users\ferna\OneDrive\Documentos\uergs\trabalhos\computer-organization\first-work\jaguar40\jaguar40.srcs\sources_1\new\ula.vhd:]
WARNING: [filemgmt 56-199] Attempt to get parsing info during refresh. "On-the-fly" syntax checking information may be incorrect. [C:\Users\ferna\OneDrive\Documentos\uergs\trabalhos\computer-organization\first-work\jaguar40\jaguar40.srcs\sources_1\new\memory.vhd:]
WARNING: [filemgmt 56-199] Attempt to get parsing info during refresh. "On-the-fly" syntax checking information may be incorrect. [C:\Users\ferna\OneDrive\Documentos\uergs\trabalhos\computer-organization\first-work\jaguar40\jaguar40.srcs\sources_1\new\control_unit.vhd:]
WARNING: [filemgmt 56-199] Attempt to get parsing info during refresh. "On-the-fly" syntax checking information may be incorrect. [C:\Users\ferna\OneDrive\Documentos\uergs\trabalhos\computer-organization\first-work\jaguar40\jaguar40.srcs\sources_1\new\pc.vhd:]
WARNING: [filemgmt 56-199] Attempt to get parsing info during refresh. "On-the-fly" syntax checking information may be incorrect. [C:\Users\ferna\OneDrive\Documentos\uergs\trabalhos\computer-organization\first-work\jaguar40\jaguar40.srcs\sources_1\new\jaguar40.vhd:]
WARNING: [filemgmt 56-199] Attempt to get parsing info during refresh. "On-the-fly" syntax checking information may be incorrect. [C:\Users\ferna\OneDrive\Documentos\uergs\trabalhos\computer-organization\first-work\jaguar40\jaguar40.srcs\sources_1\new\register_bank.vhd:]
WARNING: [filemgmt 56-199] Attempt to get parsing info during refresh. "On-the-fly" syntax checking information may be incorrect. [C:\Users\ferna\OneDrive\Documentos\uergs\trabalhos\computer-organization\first-work\jaguar40\jaguar40.srcs\sources_1\new\intermed_register.vhd:]
WARNING: [filemgmt 56-199] Attempt to get parsing info during refresh. "On-the-fly" syntax checking information may be incorrect. [C:\Users\ferna\OneDrive\Documentos\uergs\trabalhos\computer-organization\first-work\jaguar40\jaguar40.srcs\sources_1\new\ula.vhd:]
WARNING: [filemgmt 56-199] Attempt to get parsing info during refresh. "On-the-fly" syntax checking information may be incorrect. [C:\Users\ferna\OneDrive\Documentos\uergs\trabalhos\computer-organization\first-work\jaguar40\jaguar40.srcs\sources_1\new\memory.vhd:]
WARNING: [filemgmt 56-199] Attempt to get parsing info during refresh. "On-the-fly" syntax checking information may be incorrect. [C:\Users\ferna\OneDrive\Documentos\uergs\trabalhos\computer-organization\first-work\jaguar40\jaguar40.srcs\sources_1\new\control_unit.vhd:]
WARNING: [filemgmt 56-199] Attempt to get parsing info during refresh. "On-the-fly" syntax checking information may be incorrect. [C:\Users\ferna\OneDrive\Documentos\uergs\trabalhos\computer-organization\first-work\jaguar40\jaguar40.srcs\sources_1\new\pc.vhd:]
WARNING: [filemgmt 56-199] Attempt to get parsing info during refresh. "On-the-fly" syntax checking information may be incorrect. [C:\Users\ferna\OneDrive\Documentos\uergs\trabalhos\computer-organization\first-work\jaguar40\jaguar40.srcs\sources_1\new\jaguar40.vhd:]
WARNING: [filemgmt 56-199] Attempt to get parsing info during refresh. "On-the-fly" syntax checking information may be incorrect. [C:\Users\ferna\OneDrive\Documentos\uergs\trabalhos\computer-organization\first-work\jaguar40\jaguar40.srcs\sources_1\new\register_bank.vhd:]
WARNING: [filemgmt 56-199] Attempt to get parsing info during refresh. "On-the-fly" syntax checking information may be incorrect. [C:\Users\ferna\OneDrive\Documentos\uergs\trabalhos\computer-organization\first-work\jaguar40\jaguar40.srcs\sources_1\new\intermed_register.vhd:]
WARNING: [filemgmt 56-199] Attempt to get parsing info during refresh. "On-the-fly" syntax checking information may be incorrect. [C:\Users\ferna\OneDrive\Documentos\uergs\trabalhos\computer-organization\first-work\jaguar40\jaguar40.srcs\sources_1\new\ula.vhd:]
WARNING: [filemgmt 56-199] Attempt to get parsing info during refresh. "On-the-fly" syntax checking information may be incorrect. [C:\Users\ferna\OneDrive\Documentos\uergs\trabalhos\computer-organization\first-work\jaguar40\jaguar40.srcs\sources_1\new\memory.vhd:]
WARNING: [filemgmt 56-199] Attempt to get parsing info during refresh. "On-the-fly" syntax checking information may be incorrect. [C:\Users\ferna\OneDrive\Documentos\uergs\trabalhos\computer-organization\first-work\jaguar40\jaguar40.srcs\sources_1\new\control_unit.vhd:]
WARNING: [filemgmt 56-199] Attempt to get parsing info during refresh. "On-the-fly" syntax checking information may be incorrect. [C:\Users\ferna\OneDrive\Documentos\uergs\trabalhos\computer-organization\first-work\jaguar40\jaguar40.srcs\sources_1\new\pc.vhd:]
WARNING: [filemgmt 56-199] Attempt to get parsing info during refresh. "On-the-fly" syntax checking information may be incorrect. [C:\Users\ferna\OneDrive\Documentos\uergs\trabalhos\computer-organization\first-work\jaguar40\jaguar40.srcs\sources_1\new\jaguar40.vhd:]
WARNING: [filemgmt 56-199] Attempt to get parsing info during refresh. "On-the-fly" syntax checking information may be incorrect. [C:\Users\ferna\OneDrive\Documentos\uergs\trabalhos\computer-organization\first-work\jaguar40\jaguar40.srcs\sources_1\new\register_bank.vhd:]
WARNING: [filemgmt 56-199] Attempt to get parsing info during refresh. "On-the-fly" syntax checking information may be incorrect. [C:\Users\ferna\OneDrive\Documentos\uergs\trabalhos\computer-organization\first-work\jaguar40\jaguar40.srcs\sources_1\new\intermed_register.vhd:]
WARNING: [filemgmt 56-199] Attempt to get parsing info during refresh. "On-the-fly" syntax checking information may be incorrect. [C:\Users\ferna\OneDrive\Documentos\uergs\trabalhos\computer-organization\first-work\jaguar40\jaguar40.srcs\sources_1\new\ula.vhd:]
WARNING: [filemgmt 56-199] Attempt to get parsing info during refresh. "On-the-fly" syntax checking information may be incorrect. [C:\Users\ferna\OneDrive\Documentos\uergs\trabalhos\computer-organization\first-work\jaguar40\jaguar40.srcs\sources_1\new\memory.vhd:]
WARNING: [filemgmt 56-199] Attempt to get parsing info during refresh. "On-the-fly" syntax checking information may be incorrect. [C:\Users\ferna\OneDrive\Documentos\uergs\trabalhos\computer-organization\first-work\jaguar40\jaguar40.srcs\sources_1\new\control_unit.vhd:]
WARNING: [filemgmt 56-199] Attempt to get parsing info during refresh. "On-the-fly" syntax checking information may be incorrect. [C:\Users\ferna\OneDrive\Documentos\uergs\trabalhos\computer-organization\first-work\jaguar40\jaguar40.srcs\sources_1\new\pc.vhd:]
WARNING: [filemgmt 56-199] Attempt to get parsing info during refresh. "On-the-fly" syntax checking information may be incorrect. [C:\Users\ferna\OneDrive\Documentos\uergs\trabalhos\computer-organization\first-work\jaguar40\jaguar40.srcs\sources_1\new\jaguar40.vhd:]
WARNING: [filemgmt 56-199] Attempt to get parsing info during refresh. "On-the-fly" syntax checking information may be incorrect. [C:\Users\ferna\OneDrive\Documentos\uergs\trabalhos\computer-organization\first-work\jaguar40\jaguar40.srcs\sources_1\new\register_bank.vhd:]
WARNING: [filemgmt 56-199] Attempt to get parsing info during refresh. "On-the-fly" syntax checking information may be incorrect. [C:\Users\ferna\OneDrive\Documentos\uergs\trabalhos\computer-organization\first-work\jaguar40\jaguar40.srcs\sources_1\new\intermed_register.vhd:]
relaunch_sim
Command: launch_simulation -step compile -simset sim_1 -mode behavioral
INFO: [Vivado 12-12493] Simulation top is 'tb_jaguar40'
WARNING: [Vivado 12-13340] Unable to auto find GCC executables from simulator install path! (path not set)
INFO: [Vivado 12-5682] Launching behavioral simulation in 'C:/Users/ferna/OneDrive/Documentos/uergs/trabalhos/computer-organization/first-work/jaguar40/jaguar40.sim/sim_1/behav/xsim'
INFO: [SIM-utils-51] Simulation object is 'sim_1'
INFO: [USF-XSim-2] XSim::Compile design
INFO: [USF-XSim-61] Executing 'COMPILE and ANALYZE' step in 'C:/Users/ferna/OneDrive/Documentos/uergs/trabalhos/computer-organization/first-work/jaguar40/jaguar40.sim/sim_1/behav/xsim'
"xvhdl --incr --relax -prj tb_jaguar40_vhdl.prj"
ECHO est  desativado.
ECHO est  desativado.
INFO: [VRFC 10-163] Analyzing VHDL file "C:/Users/ferna/OneDrive/Documentos/uergs/trabalhos/computer-organization/first-work/jaguar40/jaguar40.srcs/sources_1/new/control_unit.vhd" into library xil_defaultlib
INFO: [VRFC 10-3107] analyzing entity 'control_unit'
INFO: [VRFC 10-163] Analyzing VHDL file "C:/Users/ferna/OneDrive/Documentos/uergs/trabalhos/computer-organization/first-work/jaguar40/jaguar40.srcs/sources_1/new/jaguar40.vhd" into library xil_defaultlib
INFO: [VRFC 10-3107] analyzing entity 'jaguar40'
ERROR: [VRFC 10-2987] 'intermed_register' is not compiled in library 'xil_defaultlib' [C:/Users/ferna/OneDrive/Documentos/uergs/trabalhos/computer-organization/first-work/jaguar40/jaguar40.srcs/sources_1/new/jaguar40.vhd:130]
ERROR: [VRFC 10-9458] unit 'behavioral' is ignored due to previous errors [C:/Users/ferna/OneDrive/Documentos/uergs/trabalhos/computer-organization/first-work/jaguar40/jaguar40.srcs/sources_1/new/jaguar40.vhd:20]
INFO: [VRFC 10-8704] VHDL file 'C:/Users/ferna/OneDrive/Documentos/uergs/trabalhos/computer-organization/first-work/jaguar40/jaguar40.srcs/sources_1/new/jaguar40.vhd' is ignored due to errors
INFO: [USF-XSim-69] 'compile' step finished in '2' seconds
INFO: [USF-XSim-99] Step results log file:'C:/Users/ferna/OneDrive/Documentos/uergs/trabalhos/computer-organization/first-work/jaguar40/jaguar40.sim/sim_1/behav/xsim/xvhdl.log'
ERROR: [USF-XSim-62] 'compile' step failed with error(s). Please check the Tcl console output or 'C:/Users/ferna/OneDrive/Documentos/uergs/trabalhos/computer-organization/first-work/jaguar40/jaguar40.sim/sim_1/behav/xsim/xvhdl.log' file for more information.
ERROR: [Vivado 12-4473] Detected error while running simulation. Please correct the issue and retry this operation.
ERROR: [Common 17-39] 'launch_simulation' failed due to earlier errors.
ERROR: [Common 17-69] Command failed: ERROR: [Common 17-39] 'launch_simulation' failed due to earlier errors.

close_sim
INFO: [Simtcl 6-16] Simulation closed
launch_simulation
Command: launch_simulation 
INFO: [Vivado 12-12493] Simulation top is 'tb_jaguar40'
WARNING: [Vivado 12-13340] Unable to auto find GCC executables from simulator install path! (path not set)
INFO: [Vivado 12-5682] Launching behavioral simulation in 'C:/Users/ferna/OneDrive/Documentos/uergs/trabalhos/computer-organization/first-work/jaguar40/jaguar40.sim/sim_1/behav/xsim'
INFO: [SIM-utils-51] Simulation object is 'sim_1'
INFO: [SIM-utils-72] Using boost library from 'C:/Xilinx/Vivado/2023.2/tps/boost_1_72_0'
INFO: [SIM-utils-54] Inspecting design source files for 'tb_jaguar40' in fileset 'sim_1'...
INFO: [USF-XSim-97] Finding global include files...
INFO: [USF-XSim-98] Fetching design files from 'sim_1'...
INFO: [USF-XSim-2] XSim::Compile design
INFO: [USF-XSim-61] Executing 'COMPILE and ANALYZE' step in 'C:/Users/ferna/OneDrive/Documentos/uergs/trabalhos/computer-organization/first-work/jaguar40/jaguar40.sim/sim_1/behav/xsim'
"xvhdl --incr --relax -prj tb_jaguar40_vhdl.prj"
ECHO est  desativado.
ECHO est  desativado.
INFO: [VRFC 10-163] Analyzing VHDL file "C:/Users/ferna/OneDrive/Documentos/uergs/trabalhos/computer-organization/first-work/jaguar40/jaguar40.srcs/sources_1/new/control_unit.vhd" into library xil_defaultlib
INFO: [VRFC 10-3107] analyzing entity 'control_unit'
INFO: [VRFC 10-163] Analyzing VHDL file "C:/Users/ferna/OneDrive/Documentos/uergs/trabalhos/computer-organization/first-work/jaguar40/jaguar40.srcs/sources_1/new/intermed_register.vhd" into library xil_defaultlib
INFO: [VRFC 10-3107] analyzing entity 'intermed_register'
INFO: [VRFC 10-163] Analyzing VHDL file "C:/Users/ferna/OneDrive/Documentos/uergs/trabalhos/computer-organization/first-work/jaguar40/jaguar40.srcs/sources_1/new/jaguar40.vhd" into library xil_defaultlib
INFO: [VRFC 10-3107] analyzing entity 'jaguar40'
INFO: [VRFC 10-163] Analyzing VHDL file "C:/Users/ferna/OneDrive/Documentos/uergs/trabalhos/computer-organization/first-work/jaguar40/jaguar40.srcs/sim_1/new/tb_jaguar40.vhd" into library xil_defaultlib
INFO: [VRFC 10-3107] analyzing entity 'tb_jaguar40'
INFO: [USF-XSim-69] 'compile' step finished in '2' seconds
INFO: [USF-XSim-3] XSim::Elaborate design
INFO: [USF-XSim-61] Executing 'ELABORATE' step in 'C:/Users/ferna/OneDrive/Documentos/uergs/trabalhos/computer-organization/first-work/jaguar40/jaguar40.sim/sim_1/behav/xsim'
"xelab --incr --debug typical --relax --mt 2 -L xil_defaultlib -L secureip --snapshot tb_jaguar40_behav xil_defaultlib.tb_jaguar40 -log elaborate.log"
ECHO est  desativado.
ECHO est  desativado.
Vivado Simulator v2023.2
Copyright 1986-2022 Xilinx, Inc. All Rights Reserved.
Copyright 2022-2023 Advanced Micro Devices, Inc. All Rights Reserved.
Running: C:/Xilinx/Vivado/2023.2/bin/unwrapped/win64.o/xelab.exe --incr --debug typical --relax --mt 2 -L xil_defaultlib -L secureip --snapshot tb_jaguar40_behav xil_defaultlib.tb_jaguar40 -log elaborate.log 
Using 2 slave threads.
Starting static elaboration
Completed static elaboration
Starting simulation data flow analysis
Completed simulation data flow analysis
Time Resolution for simulation is 1ps
Compiling package std.standard
Compiling package std.textio
Compiling package ieee.std_logic_1164
Compiling package ieee.numeric_std
Compiling package ieee.std_logic_arith
Compiling package ieee.std_logic_unsigned
Compiling architecture behavioral of entity xil_defaultlib.ula [ula_default]
Compiling architecture behavioral of entity xil_defaultlib.register_bank [register_bank_default]
Compiling architecture behavioral of entity xil_defaultlib.pc [pc_default]
Compiling architecture behavioral of entity xil_defaultlib.control_unit [control_unit_default]
Compiling architecture behavioral of entity xil_defaultlib.memory [memory_default]
Compiling architecture behavioral of entity xil_defaultlib.intermed_register [intermed_register_default]
Compiling architecture behavioral of entity xil_defaultlib.jaguar40 [jaguar40_default]
Compiling architecture behavior of entity xil_defaultlib.tb_jaguar40
Built simulation snapshot tb_jaguar40_behav
INFO: [USF-XSim-69] 'elaborate' step finished in '5' seconds
INFO: [USF-XSim-4] XSim::Simulate design
INFO: [USF-XSim-61] Executing 'SIMULATE' step in 'C:/Users/ferna/OneDrive/Documentos/uergs/trabalhos/computer-organization/first-work/jaguar40/jaguar40.sim/sim_1/behav/xsim'
INFO: [USF-XSim-98] *** Running xsim
   with args "tb_jaguar40_behav -key {Behavioral:sim_1:Functional:tb_jaguar40} -tclbatch {tb_jaguar40.tcl} -view {C:/Users/ferna/OneDrive/Documentos/uergs/trabalhos/computer-organization/first-work/jaguar40/tb_jaguar40_behav.wcfg} -log {simulate.log}"
INFO: [USF-XSim-8] Loading simulator feature
Time resolution is 1 ps
open_wave_config C:/Users/ferna/OneDrive/Documentos/uergs/trabalhos/computer-organization/first-work/jaguar40/tb_jaguar40_behav.wcfg
source tb_jaguar40.tcl
# set curr_wave [current_wave_config]
# if { [string length $curr_wave] == 0 } {
#   if { [llength [get_objects]] > 0} {
#     add_wave /
#     set_property needs_save false [current_wave_config]
#   } else {
#      send_msg_id Add_Wave-1 WARNING "No top level signals found. Simulator will start without a wave window. If you want to open a wave window go to 'File->New Waveform Configuration' or type 'create_wave_config' in the TCL console."
#   }
# }
# run 1000ns
INFO: [USF-XSim-96] XSim completed. Design snapshot 'tb_jaguar40_behav' loaded.
INFO: [USF-XSim-97] XSim simulation ran for 1000ns
launch_simulation: Time (s): cpu = 00:00:02 ; elapsed = 00:00:09 . Memory (MB): peak = 2615.324 ; gain = 0.000
relaunch_sim
WARNING: [filemgmt 56-199] Attempt to get parsing info during refresh. "On-the-fly" syntax checking information may be incorrect. [C:\Users\ferna\OneDrive\Documentos\uergs\trabalhos\computer-organization\first-work\jaguar40\jaguar40.srcs\sources_1\new\ula.vhd:]
WARNING: [filemgmt 56-199] Attempt to get parsing info during refresh. "On-the-fly" syntax checking information may be incorrect. [C:\Users\ferna\OneDrive\Documentos\uergs\trabalhos\computer-organization\first-work\jaguar40\jaguar40.srcs\sim_1\new\tb_jaguar40.vhd:]
WARNING: [filemgmt 56-199] Attempt to get parsing info during refresh. "On-the-fly" syntax checking information may be incorrect. [C:\Users\ferna\OneDrive\Documentos\uergs\trabalhos\computer-organization\first-work\jaguar40\jaguar40.srcs\sources_1\new\memory.vhd:]
WARNING: [filemgmt 56-199] Attempt to get parsing info during refresh. "On-the-fly" syntax checking information may be incorrect. [C:\Users\ferna\OneDrive\Documentos\uergs\trabalhos\computer-organization\first-work\jaguar40\jaguar40.srcs\sources_1\new\control_unit.vhd:]
WARNING: [filemgmt 56-199] Attempt to get parsing info during refresh. "On-the-fly" syntax checking information may be incorrect. [C:\Users\ferna\OneDrive\Documentos\uergs\trabalhos\computer-organization\first-work\jaguar40\jaguar40.srcs\sources_1\new\pc.vhd:]
WARNING: [filemgmt 56-199] Attempt to get parsing info during refresh. "On-the-fly" syntax checking information may be incorrect. [C:\Users\ferna\OneDrive\Documentos\uergs\trabalhos\computer-organization\first-work\jaguar40\jaguar40.srcs\sources_1\new\jaguar40.vhd:]
WARNING: [filemgmt 56-199] Attempt to get parsing info during refresh. "On-the-fly" syntax checking information may be incorrect. [C:\Users\ferna\OneDrive\Documentos\uergs\trabalhos\computer-organization\first-work\jaguar40\jaguar40.srcs\sources_1\new\register_bank.vhd:]
WARNING: [filemgmt 56-199] Attempt to get parsing info during refresh. "On-the-fly" syntax checking information may be incorrect. [C:\Users\ferna\OneDrive\Documentos\uergs\trabalhos\computer-organization\first-work\jaguar40\jaguar40.srcs\sources_1\new\intermed_register.vhd:]
WARNING: [filemgmt 56-199] Attempt to get parsing info during refresh. "On-the-fly" syntax checking information may be incorrect. [C:\Users\ferna\OneDrive\Documentos\uergs\trabalhos\computer-organization\first-work\jaguar40\jaguar40.srcs\sources_1\new\ula.vhd:]
WARNING: [filemgmt 56-199] Attempt to get parsing info during refresh. "On-the-fly" syntax checking information may be incorrect. [C:\Users\ferna\OneDrive\Documentos\uergs\trabalhos\computer-organization\first-work\jaguar40\jaguar40.srcs\sim_1\new\tb_jaguar40.vhd:]
WARNING: [filemgmt 56-199] Attempt to get parsing info during refresh. "On-the-fly" syntax checking information may be incorrect. [C:\Users\ferna\OneDrive\Documentos\uergs\trabalhos\computer-organization\first-work\jaguar40\jaguar40.srcs\sources_1\new\memory.vhd:]
WARNING: [filemgmt 56-199] Attempt to get parsing info during refresh. "On-the-fly" syntax checking information may be incorrect. [C:\Users\ferna\OneDrive\Documentos\uergs\trabalhos\computer-organization\first-work\jaguar40\jaguar40.srcs\sources_1\new\control_unit.vhd:]
WARNING: [filemgmt 56-199] Attempt to get parsing info during refresh. "On-the-fly" syntax checking information may be incorrect. [C:\Users\ferna\OneDrive\Documentos\uergs\trabalhos\computer-organization\first-work\jaguar40\jaguar40.srcs\sources_1\new\pc.vhd:]
WARNING: [filemgmt 56-199] Attempt to get parsing info during refresh. "On-the-fly" syntax checking information may be incorrect. [C:\Users\ferna\OneDrive\Documentos\uergs\trabalhos\computer-organization\first-work\jaguar40\jaguar40.srcs\sources_1\new\jaguar40.vhd:]
WARNING: [filemgmt 56-199] Attempt to get parsing info during refresh. "On-the-fly" syntax checking information may be incorrect. [C:\Users\ferna\OneDrive\Documentos\uergs\trabalhos\computer-organization\first-work\jaguar40\jaguar40.srcs\sources_1\new\register_bank.vhd:]
WARNING: [filemgmt 56-199] Attempt to get parsing info during refresh. "On-the-fly" syntax checking information may be incorrect. [C:\Users\ferna\OneDrive\Documentos\uergs\trabalhos\computer-organization\first-work\jaguar40\jaguar40.srcs\sources_1\new\intermed_register.vhd:]
WARNING: [filemgmt 56-199] Attempt to get parsing info during refresh. "On-the-fly" syntax checking information may be incorrect. [C:\Users\ferna\OneDrive\Documentos\uergs\trabalhos\computer-organization\first-work\jaguar40\jaguar40.srcs\sources_1\new\ula.vhd:]
WARNING: [filemgmt 56-199] Attempt to get parsing info during refresh. "On-the-fly" syntax checking information may be incorrect. [C:\Users\ferna\OneDrive\Documentos\uergs\trabalhos\computer-organization\first-work\jaguar40\jaguar40.srcs\sim_1\new\tb_jaguar40.vhd:]
WARNING: [filemgmt 56-199] Attempt to get parsing info during refresh. "On-the-fly" syntax checking information may be incorrect. [C:\Users\ferna\OneDrive\Documentos\uergs\trabalhos\computer-organization\first-work\jaguar40\jaguar40.srcs\sources_1\new\memory.vhd:]
WARNING: [filemgmt 56-199] Attempt to get parsing info during refresh. "On-the-fly" syntax checking information may be incorrect. [C:\Users\ferna\OneDrive\Documentos\uergs\trabalhos\computer-organization\first-work\jaguar40\jaguar40.srcs\sources_1\new\control_unit.vhd:]
WARNING: [filemgmt 56-199] Attempt to get parsing info during refresh. "On-the-fly" syntax checking information may be incorrect. [C:\Users\ferna\OneDrive\Documentos\uergs\trabalhos\computer-organization\first-work\jaguar40\jaguar40.srcs\sources_1\new\pc.vhd:]
WARNING: [filemgmt 56-199] Attempt to get parsing info during refresh. "On-the-fly" syntax checking information may be incorrect. [C:\Users\ferna\OneDrive\Documentos\uergs\trabalhos\computer-organization\first-work\jaguar40\jaguar40.srcs\sources_1\new\jaguar40.vhd:]
WARNING: [filemgmt 56-199] Attempt to get parsing info during refresh. "On-the-fly" syntax checking information may be incorrect. [C:\Users\ferna\OneDrive\Documentos\uergs\trabalhos\computer-organization\first-work\jaguar40\jaguar40.srcs\sources_1\new\register_bank.vhd:]
WARNING: [filemgmt 56-199] Attempt to get parsing info during refresh. "On-the-fly" syntax checking information may be incorrect. [C:\Users\ferna\OneDrive\Documentos\uergs\trabalhos\computer-organization\first-work\jaguar40\jaguar40.srcs\sources_1\new\intermed_register.vhd:]
Command: launch_simulation -step compile -simset sim_1 -mode behavioral
INFO: [Vivado 12-12493] Simulation top is 'tb_jaguar40'
WARNING: [Vivado 12-13340] Unable to auto find GCC executables from simulator install path! (path not set)
WARNING: [filemgmt 56-199] Attempt to get parsing info during refresh. "On-the-fly" syntax checking information may be incorrect. [C:\Users\ferna\OneDrive\Documentos\uergs\trabalhos\computer-organization\first-work\jaguar40\jaguar40.srcs\sources_1\new\ula.vhd:]
WARNING: [filemgmt 56-199] Attempt to get parsing info during refresh. "On-the-fly" syntax checking information may be incorrect. [C:\Users\ferna\OneDrive\Documentos\uergs\trabalhos\computer-organization\first-work\jaguar40\jaguar40.srcs\sim_1\new\tb_jaguar40.vhd:]
WARNING: [filemgmt 56-199] Attempt to get parsing info during refresh. "On-the-fly" syntax checking information may be incorrect. [C:\Users\ferna\OneDrive\Documentos\uergs\trabalhos\computer-organization\first-work\jaguar40\jaguar40.srcs\sources_1\new\memory.vhd:]
WARNING: [filemgmt 56-199] Attempt to get parsing info during refresh. "On-the-fly" syntax checking information may be incorrect. [C:\Users\ferna\OneDrive\Documentos\uergs\trabalhos\computer-organization\first-work\jaguar40\jaguar40.srcs\sources_1\new\control_unit.vhd:]
WARNING: [filemgmt 56-199] Attempt to get parsing info during refresh. "On-the-fly" syntax checking information may be incorrect. [C:\Users\ferna\OneDrive\Documentos\uergs\trabalhos\computer-organization\first-work\jaguar40\jaguar40.srcs\sources_1\new\pc.vhd:]
WARNING: [filemgmt 56-199] Attempt to get parsing info during refresh. "On-the-fly" syntax checking information may be incorrect. [C:\Users\ferna\OneDrive\Documentos\uergs\trabalhos\computer-organization\first-work\jaguar40\jaguar40.srcs\sources_1\new\jaguar40.vhd:]
WARNING: [filemgmt 56-199] Attempt to get parsing info during refresh. "On-the-fly" syntax checking information may be incorrect. [C:\Users\ferna\OneDrive\Documentos\uergs\trabalhos\computer-organization\first-work\jaguar40\jaguar40.srcs\sources_1\new\register_bank.vhd:]
WARNING: [filemgmt 56-199] Attempt to get parsing info during refresh. "On-the-fly" syntax checking information may be incorrect. [C:\Users\ferna\OneDrive\Documentos\uergs\trabalhos\computer-organization\first-work\jaguar40\jaguar40.srcs\sources_1\new\intermed_register.vhd:]
ERROR: [Common 17-180] Spawn failed: No error
WARNING: [filemgmt 56-199] Attempt to get parsing info during refresh. "On-the-fly" syntax checking information may be incorrect. [C:\Users\ferna\OneDrive\Documentos\uergs\trabalhos\computer-organization\first-work\jaguar40\jaguar40.srcs\sources_1\new\ula.vhd:]
WARNING: [filemgmt 56-199] Attempt to get parsing info during refresh. "On-the-fly" syntax checking information may be incorrect. [C:\Users\ferna\OneDrive\Documentos\uergs\trabalhos\computer-organization\first-work\jaguar40\jaguar40.srcs\sim_1\new\tb_jaguar40.vhd:]
WARNING: [filemgmt 56-199] Attempt to get parsing info during refresh. "On-the-fly" syntax checking information may be incorrect. [C:\Users\ferna\OneDrive\Documentos\uergs\trabalhos\computer-organization\first-work\jaguar40\jaguar40.srcs\sources_1\new\memory.vhd:]
WARNING: [filemgmt 56-199] Attempt to get parsing info during refresh. "On-the-fly" syntax checking information may be incorrect. [C:\Users\ferna\OneDrive\Documentos\uergs\trabalhos\computer-organization\first-work\jaguar40\jaguar40.srcs\sources_1\new\control_unit.vhd:]
WARNING: [filemgmt 56-199] Attempt to get parsing info during refresh. "On-the-fly" syntax checking information may be incorrect. [C:\Users\ferna\OneDrive\Documentos\uergs\trabalhos\computer-organization\first-work\jaguar40\jaguar40.srcs\sources_1\new\pc.vhd:]
WARNING: [filemgmt 56-199] Attempt to get parsing info during refresh. "On-the-fly" syntax checking information may be incorrect. [C:\Users\ferna\OneDrive\Documentos\uergs\trabalhos\computer-organization\first-work\jaguar40\jaguar40.srcs\sources_1\new\jaguar40.vhd:]
WARNING: [filemgmt 56-199] Attempt to get parsing info during refresh. "On-the-fly" syntax checking information may be incorrect. [C:\Users\ferna\OneDrive\Documentos\uergs\trabalhos\computer-organization\first-work\jaguar40\jaguar40.srcs\sources_1\new\register_bank.vhd:]
WARNING: [filemgmt 56-199] Attempt to get parsing info during refresh. "On-the-fly" syntax checking information may be incorrect. [C:\Users\ferna\OneDrive\Documentos\uergs\trabalhos\computer-organization\first-work\jaguar40\jaguar40.srcs\sources_1\new\intermed_register.vhd:]
ERROR: [Common 17-180] Spawn failed: No error
WARNING: [filemgmt 56-199] Attempt to get parsing info during refresh. "On-the-fly" syntax checking information may be incorrect. [C:\Users\ferna\OneDrive\Documentos\uergs\trabalhos\computer-organization\first-work\jaguar40\jaguar40.srcs\sources_1\new\ula.vhd:]
WARNING: [filemgmt 56-199] Attempt to get parsing info during refresh. "On-the-fly" syntax checking information may be incorrect. [C:\Users\ferna\OneDrive\Documentos\uergs\trabalhos\computer-organization\first-work\jaguar40\jaguar40.srcs\sim_1\new\tb_jaguar40.vhd:]
WARNING: [filemgmt 56-199] Attempt to get parsing info during refresh. "On-the-fly" syntax checking information may be incorrect. [C:\Users\ferna\OneDrive\Documentos\uergs\trabalhos\computer-organization\first-work\jaguar40\jaguar40.srcs\sources_1\new\memory.vhd:]
WARNING: [filemgmt 56-199] Attempt to get parsing info during refresh. "On-the-fly" syntax checking information may be incorrect. [C:\Users\ferna\OneDrive\Documentos\uergs\trabalhos\computer-organization\first-work\jaguar40\jaguar40.srcs\sources_1\new\control_unit.vhd:]
WARNING: [filemgmt 56-199] Attempt to get parsing info during refresh. "On-the-fly" syntax checking information may be incorrect. [C:\Users\ferna\OneDrive\Documentos\uergs\trabalhos\computer-organization\first-work\jaguar40\jaguar40.srcs\sources_1\new\pc.vhd:]
WARNING: [filemgmt 56-199] Attempt to get parsing info during refresh. "On-the-fly" syntax checking information may be incorrect. [C:\Users\ferna\OneDrive\Documentos\uergs\trabalhos\computer-organization\first-work\jaguar40\jaguar40.srcs\sources_1\new\jaguar40.vhd:]
WARNING: [filemgmt 56-199] Attempt to get parsing info during refresh. "On-the-fly" syntax checking information may be incorrect. [C:\Users\ferna\OneDrive\Documentos\uergs\trabalhos\computer-organization\first-work\jaguar40\jaguar40.srcs\sources_1\new\register_bank.vhd:]
WARNING: [filemgmt 56-199] Attempt to get parsing info during refresh. "On-the-fly" syntax checking information may be incorrect. [C:\Users\ferna\OneDrive\Documentos\uergs\trabalhos\computer-organization\first-work\jaguar40\jaguar40.srcs\sources_1\new\intermed_register.vhd:]
ERROR: [Common 17-180] Spawn failed: No error
WARNING: [filemgmt 56-199] Attempt to get parsing info during refresh. "On-the-fly" syntax checking information may be incorrect. [C:\Users\ferna\OneDrive\Documentos\uergs\trabalhos\computer-organization\first-work\jaguar40\jaguar40.srcs\sources_1\new\ula.vhd:]
WARNING: [filemgmt 56-199] Attempt to get parsing info during refresh. "On-the-fly" syntax checking information may be incorrect. [C:\Users\ferna\OneDrive\Documentos\uergs\trabalhos\computer-organization\first-work\jaguar40\jaguar40.srcs\sim_1\new\tb_jaguar40.vhd:]
WARNING: [filemgmt 56-199] Attempt to get parsing info during refresh. "On-the-fly" syntax checking information may be incorrect. [C:\Users\ferna\OneDrive\Documentos\uergs\trabalhos\computer-organization\first-work\jaguar40\jaguar40.srcs\sources_1\new\memory.vhd:]
WARNING: [filemgmt 56-199] Attempt to get parsing info during refresh. "On-the-fly" syntax checking information may be incorrect. [C:\Users\ferna\OneDrive\Documentos\uergs\trabalhos\computer-organization\first-work\jaguar40\jaguar40.srcs\sources_1\new\control_unit.vhd:]
WARNING: [filemgmt 56-199] Attempt to get parsing info during refresh. "On-the-fly" syntax checking information may be incorrect. [C:\Users\ferna\OneDrive\Documentos\uergs\trabalhos\computer-organization\first-work\jaguar40\jaguar40.srcs\sources_1\new\pc.vhd:]
WARNING: [filemgmt 56-199] Attempt to get parsing info during refresh. "On-the-fly" syntax checking information may be incorrect. [C:\Users\ferna\OneDrive\Documentos\uergs\trabalhos\computer-organization\first-work\jaguar40\jaguar40.srcs\sources_1\new\jaguar40.vhd:]
WARNING: [filemgmt 56-199] Attempt to get parsing info during refresh. "On-the-fly" syntax checking information may be incorrect. [C:\Users\ferna\OneDrive\Documentos\uergs\trabalhos\computer-organization\first-work\jaguar40\jaguar40.srcs\sources_1\new\register_bank.vhd:]
WARNING: [filemgmt 56-199] Attempt to get parsing info during refresh. "On-the-fly" syntax checking information may be incorrect. [C:\Users\ferna\OneDrive\Documentos\uergs\trabalhos\computer-organization\first-work\jaguar40\jaguar40.srcs\sources_1\new\intermed_register.vhd:]
ERROR: [Common 17-180] Spawn failed: No error
INFO: [Vivado 12-5682] Launching behavioral simulation in 'C:/Users/ferna/OneDrive/Documentos/uergs/trabalhos/computer-organization/first-work/jaguar40/jaguar40.sim/sim_1/behav/xsim'
INFO: [SIM-utils-51] Simulation object is 'sim_1'
INFO: [USF-XSim-2] XSim::Compile design
INFO: [USF-XSim-61] Executing 'COMPILE and ANALYZE' step in 'C:/Users/ferna/OneDrive/Documentos/uergs/trabalhos/computer-organization/first-work/jaguar40/jaguar40.sim/sim_1/behav/xsim'
"xvhdl --incr --relax -prj tb_jaguar40_vhdl.prj"
ECHO est  desativado.
ECHO est  desativado.
INFO: [VRFC 10-163] Analyzing VHDL file "C:/Users/ferna/OneDrive/Documentos/uergs/trabalhos/computer-organization/first-work/jaguar40/jaguar40.srcs/sources_1/new/jaguar40.vhd" into library xil_defaultlib
INFO: [VRFC 10-3107] analyzing entity 'jaguar40'
INFO: [VRFC 10-163] Analyzing VHDL file "C:/Users/ferna/OneDrive/Documentos/uergs/trabalhos/computer-organization/first-work/jaguar40/jaguar40.srcs/sim_1/new/tb_jaguar40.vhd" into library xil_defaultlib
INFO: [VRFC 10-3107] analyzing entity 'tb_jaguar40'
INFO: [USF-XSim-69] 'compile' step finished in '2' seconds
ERROR: [Common 17-39] 'launch_simulation' failed due to earlier errors.
ERROR: [Common 17-69] Command failed: ERROR: [Common 17-39] 'launch_simulation' failed due to earlier errors.

close_sim
INFO: [Simtcl 6-16] Simulation closed
launch_simulation
Command: launch_simulation 
INFO: [Vivado 12-12493] Simulation top is 'tb_jaguar40'
WARNING: [Vivado 12-13340] Unable to auto find GCC executables from simulator install path! (path not set)
INFO: [Vivado 12-5682] Launching behavioral simulation in 'C:/Users/ferna/OneDrive/Documentos/uergs/trabalhos/computer-organization/first-work/jaguar40/jaguar40.sim/sim_1/behav/xsim'
INFO: [SIM-utils-51] Simulation object is 'sim_1'
INFO: [SIM-utils-72] Using boost library from 'C:/Xilinx/Vivado/2023.2/tps/boost_1_72_0'
INFO: [SIM-utils-54] Inspecting design source files for 'tb_jaguar40' in fileset 'sim_1'...
INFO: [USF-XSim-97] Finding global include files...
INFO: [USF-XSim-98] Fetching design files from 'sim_1'...
INFO: [USF-XSim-2] XSim::Compile design
INFO: [USF-XSim-61] Executing 'COMPILE and ANALYZE' step in 'C:/Users/ferna/OneDrive/Documentos/uergs/trabalhos/computer-organization/first-work/jaguar40/jaguar40.sim/sim_1/behav/xsim'
"xvhdl --incr --relax -prj tb_jaguar40_vhdl.prj"
ECHO est  desativado.
ECHO est  desativado.
INFO: [VRFC 10-163] Analyzing VHDL file "C:/Users/ferna/OneDrive/Documentos/uergs/trabalhos/computer-organization/first-work/jaguar40/jaguar40.srcs/sim_1/new/tb_jaguar40.vhd" into library xil_defaultlib
INFO: [VRFC 10-3107] analyzing entity 'tb_jaguar40'
INFO: [USF-XSim-69] 'compile' step finished in '2' seconds
INFO: [USF-XSim-3] XSim::Elaborate design
INFO: [USF-XSim-61] Executing 'ELABORATE' step in 'C:/Users/ferna/OneDrive/Documentos/uergs/trabalhos/computer-organization/first-work/jaguar40/jaguar40.sim/sim_1/behav/xsim'
"xelab --incr --debug typical --relax --mt 2 -L xil_defaultlib -L secureip --snapshot tb_jaguar40_behav xil_defaultlib.tb_jaguar40 -log elaborate.log"
ECHO est  desativado.
ECHO est  desativado.
Vivado Simulator v2023.2
Copyright 1986-2022 Xilinx, Inc. All Rights Reserved.
Copyright 2022-2023 Advanced Micro Devices, Inc. All Rights Reserved.
Running: C:/Xilinx/Vivado/2023.2/bin/unwrapped/win64.o/xelab.exe --incr --debug typical --relax --mt 2 -L xil_defaultlib -L secureip --snapshot tb_jaguar40_behav xil_defaultlib.tb_jaguar40 -log elaborate.log 
Using 2 slave threads.
Starting static elaboration
Completed static elaboration
Starting simulation data flow analysis
Completed simulation data flow analysis
Time Resolution for simulation is 1ps
Compiling package std.standard
Compiling package std.textio
Compiling package ieee.std_logic_1164
Compiling package ieee.numeric_std
Compiling package ieee.std_logic_arith
Compiling package ieee.std_logic_unsigned
Compiling architecture behavioral of entity xil_defaultlib.ula [ula_default]
Compiling architecture behavioral of entity xil_defaultlib.register_bank [register_bank_default]
Compiling architecture behavioral of entity xil_defaultlib.pc [pc_default]
Compiling architecture behavioral of entity xil_defaultlib.control_unit [control_unit_default]
Compiling architecture behavioral of entity xil_defaultlib.memory [memory_default]
Compiling architecture behavioral of entity xil_defaultlib.intermed_register [intermed_register_default]
Compiling architecture behavioral of entity xil_defaultlib.jaguar40 [jaguar40_default]
Compiling architecture behavior of entity xil_defaultlib.tb_jaguar40
Built simulation snapshot tb_jaguar40_behav
INFO: [USF-XSim-69] 'elaborate' step finished in '3' seconds
INFO: [USF-XSim-4] XSim::Simulate design
INFO: [USF-XSim-61] Executing 'SIMULATE' step in 'C:/Users/ferna/OneDrive/Documentos/uergs/trabalhos/computer-organization/first-work/jaguar40/jaguar40.sim/sim_1/behav/xsim'
INFO: [USF-XSim-98] *** Running xsim
   with args "tb_jaguar40_behav -key {Behavioral:sim_1:Functional:tb_jaguar40} -tclbatch {tb_jaguar40.tcl} -view {C:/Users/ferna/OneDrive/Documentos/uergs/trabalhos/computer-organization/first-work/jaguar40/tb_jaguar40_behav.wcfg} -log {simulate.log}"
INFO: [USF-XSim-8] Loading simulator feature
Time resolution is 1 ps
open_wave_config C:/Users/ferna/OneDrive/Documentos/uergs/trabalhos/computer-organization/first-work/jaguar40/tb_jaguar40_behav.wcfg
source tb_jaguar40.tcl
# set curr_wave [current_wave_config]
# if { [string length $curr_wave] == 0 } {
#   if { [llength [get_objects]] > 0} {
#     add_wave /
#     set_property needs_save false [current_wave_config]
#   } else {
#      send_msg_id Add_Wave-1 WARNING "No top level signals found. Simulator will start without a wave window. If you want to open a wave window go to 'File->New Waveform Configuration' or type 'create_wave_config' in the TCL console."
#   }
# }
# run 1000ns
INFO: [USF-XSim-96] XSim completed. Design snapshot 'tb_jaguar40_behav' loaded.
INFO: [USF-XSim-97] XSim simulation ran for 1000ns
launch_simulation: Time (s): cpu = 00:00:02 ; elapsed = 00:00:08 . Memory (MB): peak = 2615.324 ; gain = 0.000
WARNING: [filemgmt 56-199] Attempt to get parsing info during refresh. "On-the-fly" syntax checking information may be incorrect. [C:\Users\ferna\OneDrive\Documentos\uergs\trabalhos\computer-organization\first-work\jaguar40\jaguar40.srcs\sources_1\new\ula.vhd:]
WARNING: [filemgmt 56-199] Attempt to get parsing info during refresh. "On-the-fly" syntax checking information may be incorrect. [C:\Users\ferna\OneDrive\Documentos\uergs\trabalhos\computer-organization\first-work\jaguar40\jaguar40.srcs\sim_1\new\tb_jaguar40.vhd:]
WARNING: [filemgmt 56-199] Attempt to get parsing info during refresh. "On-the-fly" syntax checking information may be incorrect. [C:\Users\ferna\OneDrive\Documentos\uergs\trabalhos\computer-organization\first-work\jaguar40\jaguar40.srcs\sources_1\new\memory.vhd:]
WARNING: [filemgmt 56-199] Attempt to get parsing info during refresh. "On-the-fly" syntax checking information may be incorrect. [C:\Users\ferna\OneDrive\Documentos\uergs\trabalhos\computer-organization\first-work\jaguar40\jaguar40.srcs\sources_1\new\control_unit.vhd:]
WARNING: [filemgmt 56-199] Attempt to get parsing info during refresh. "On-the-fly" syntax checking information may be incorrect. [C:\Users\ferna\OneDrive\Documentos\uergs\trabalhos\computer-organization\first-work\jaguar40\jaguar40.srcs\sources_1\new\pc.vhd:]
WARNING: [filemgmt 56-199] Attempt to get parsing info during refresh. "On-the-fly" syntax checking information may be incorrect. [C:\Users\ferna\OneDrive\Documentos\uergs\trabalhos\computer-organization\first-work\jaguar40\jaguar40.srcs\sources_1\new\jaguar40.vhd:]
WARNING: [filemgmt 56-199] Attempt to get parsing info during refresh. "On-the-fly" syntax checking information may be incorrect. [C:\Users\ferna\OneDrive\Documentos\uergs\trabalhos\computer-organization\first-work\jaguar40\jaguar40.srcs\sources_1\new\register_bank.vhd:]
WARNING: [filemgmt 56-199] Attempt to get parsing info during refresh. "On-the-fly" syntax checking information may be incorrect. [C:\Users\ferna\OneDrive\Documentos\uergs\trabalhos\computer-organization\first-work\jaguar40\jaguar40.srcs\sources_1\new\intermed_register.vhd:]
WARNING: [filemgmt 56-199] Attempt to get parsing info during refresh. "On-the-fly" syntax checking information may be incorrect. [C:\Users\ferna\OneDrive\Documentos\uergs\trabalhos\computer-organization\first-work\jaguar40\jaguar40.srcs\sources_1\new\ula.vhd:]
WARNING: [filemgmt 56-199] Attempt to get parsing info during refresh. "On-the-fly" syntax checking information may be incorrect. [C:\Users\ferna\OneDrive\Documentos\uergs\trabalhos\computer-organization\first-work\jaguar40\jaguar40.srcs\sim_1\new\tb_jaguar40.vhd:]
WARNING: [filemgmt 56-199] Attempt to get parsing info during refresh. "On-the-fly" syntax checking information may be incorrect. [C:\Users\ferna\OneDrive\Documentos\uergs\trabalhos\computer-organization\first-work\jaguar40\jaguar40.srcs\sources_1\new\memory.vhd:]
WARNING: [filemgmt 56-199] Attempt to get parsing info during refresh. "On-the-fly" syntax checking information may be incorrect. [C:\Users\ferna\OneDrive\Documentos\uergs\trabalhos\computer-organization\first-work\jaguar40\jaguar40.srcs\sources_1\new\control_unit.vhd:]
WARNING: [filemgmt 56-199] Attempt to get parsing info during refresh. "On-the-fly" syntax checking information may be incorrect. [C:\Users\ferna\OneDrive\Documentos\uergs\trabalhos\computer-organization\first-work\jaguar40\jaguar40.srcs\sources_1\new\pc.vhd:]
WARNING: [filemgmt 56-199] Attempt to get parsing info during refresh. "On-the-fly" syntax checking information may be incorrect. [C:\Users\ferna\OneDrive\Documentos\uergs\trabalhos\computer-organization\first-work\jaguar40\jaguar40.srcs\sources_1\new\jaguar40.vhd:]
WARNING: [filemgmt 56-199] Attempt to get parsing info during refresh. "On-the-fly" syntax checking information may be incorrect. [C:\Users\ferna\OneDrive\Documentos\uergs\trabalhos\computer-organization\first-work\jaguar40\jaguar40.srcs\sources_1\new\register_bank.vhd:]
WARNING: [filemgmt 56-199] Attempt to get parsing info during refresh. "On-the-fly" syntax checking information may be incorrect. [C:\Users\ferna\OneDrive\Documentos\uergs\trabalhos\computer-organization\first-work\jaguar40\jaguar40.srcs\sources_1\new\intermed_register.vhd:]
WARNING: [filemgmt 56-199] Attempt to get parsing info during refresh. "On-the-fly" syntax checking information may be incorrect. [C:\Users\ferna\OneDrive\Documentos\uergs\trabalhos\computer-organization\first-work\jaguar40\jaguar40.srcs\sources_1\new\ula.vhd:]
WARNING: [filemgmt 56-199] Attempt to get parsing info during refresh. "On-the-fly" syntax checking information may be incorrect. [C:\Users\ferna\OneDrive\Documentos\uergs\trabalhos\computer-organization\first-work\jaguar40\jaguar40.srcs\sim_1\new\tb_jaguar40.vhd:]
WARNING: [filemgmt 56-199] Attempt to get parsing info during refresh. "On-the-fly" syntax checking information may be incorrect. [C:\Users\ferna\OneDrive\Documentos\uergs\trabalhos\computer-organization\first-work\jaguar40\jaguar40.srcs\sources_1\new\memory.vhd:]
WARNING: [filemgmt 56-199] Attempt to get parsing info during refresh. "On-the-fly" syntax checking information may be incorrect. [C:\Users\ferna\OneDrive\Documentos\uergs\trabalhos\computer-organization\first-work\jaguar40\jaguar40.srcs\sources_1\new\control_unit.vhd:]
WARNING: [filemgmt 56-199] Attempt to get parsing info during refresh. "On-the-fly" syntax checking information may be incorrect. [C:\Users\ferna\OneDrive\Documentos\uergs\trabalhos\computer-organization\first-work\jaguar40\jaguar40.srcs\sources_1\new\pc.vhd:]
WARNING: [filemgmt 56-199] Attempt to get parsing info during refresh. "On-the-fly" syntax checking information may be incorrect. [C:\Users\ferna\OneDrive\Documentos\uergs\trabalhos\computer-organization\first-work\jaguar40\jaguar40.srcs\sources_1\new\jaguar40.vhd:]
WARNING: [filemgmt 56-199] Attempt to get parsing info during refresh. "On-the-fly" syntax checking information may be incorrect. [C:\Users\ferna\OneDrive\Documentos\uergs\trabalhos\computer-organization\first-work\jaguar40\jaguar40.srcs\sources_1\new\register_bank.vhd:]
WARNING: [filemgmt 56-199] Attempt to get parsing info during refresh. "On-the-fly" syntax checking information may be incorrect. [C:\Users\ferna\OneDrive\Documentos\uergs\trabalhos\computer-organization\first-work\jaguar40\jaguar40.srcs\sources_1\new\intermed_register.vhd:]
WARNING: [filemgmt 56-199] Attempt to get parsing info during refresh. "On-the-fly" syntax checking information may be incorrect. [C:\Users\ferna\OneDrive\Documentos\uergs\trabalhos\computer-organization\first-work\jaguar40\jaguar40.srcs\sources_1\new\ula.vhd:]
WARNING: [filemgmt 56-199] Attempt to get parsing info during refresh. "On-the-fly" syntax checking information may be incorrect. [C:\Users\ferna\OneDrive\Documentos\uergs\trabalhos\computer-organization\first-work\jaguar40\jaguar40.srcs\sim_1\new\tb_jaguar40.vhd:]
WARNING: [filemgmt 56-199] Attempt to get parsing info during refresh. "On-the-fly" syntax checking information may be incorrect. [C:\Users\ferna\OneDrive\Documentos\uergs\trabalhos\computer-organization\first-work\jaguar40\jaguar40.srcs\sources_1\new\memory.vhd:]
WARNING: [filemgmt 56-199] Attempt to get parsing info during refresh. "On-the-fly" syntax checking information may be incorrect. [C:\Users\ferna\OneDrive\Documentos\uergs\trabalhos\computer-organization\first-work\jaguar40\jaguar40.srcs\sources_1\new\control_unit.vhd:]
WARNING: [filemgmt 56-199] Attempt to get parsing info during refresh. "On-the-fly" syntax checking information may be incorrect. [C:\Users\ferna\OneDrive\Documentos\uergs\trabalhos\computer-organization\first-work\jaguar40\jaguar40.srcs\sources_1\new\pc.vhd:]
WARNING: [filemgmt 56-199] Attempt to get parsing info during refresh. "On-the-fly" syntax checking information may be incorrect. [C:\Users\ferna\OneDrive\Documentos\uergs\trabalhos\computer-organization\first-work\jaguar40\jaguar40.srcs\sources_1\new\jaguar40.vhd:]
WARNING: [filemgmt 56-199] Attempt to get parsing info during refresh. "On-the-fly" syntax checking information may be incorrect. [C:\Users\ferna\OneDrive\Documentos\uergs\trabalhos\computer-organization\first-work\jaguar40\jaguar40.srcs\sources_1\new\register_bank.vhd:]
WARNING: [filemgmt 56-199] Attempt to get parsing info during refresh. "On-the-fly" syntax checking information may be incorrect. [C:\Users\ferna\OneDrive\Documentos\uergs\trabalhos\computer-organization\first-work\jaguar40\jaguar40.srcs\sources_1\new\intermed_register.vhd:]
ERROR: [Common 17-180] Spawn failed: No error
WARNING: [filemgmt 56-199] Attempt to get parsing info during refresh. "On-the-fly" syntax checking information may be incorrect. [C:\Users\ferna\OneDrive\Documentos\uergs\trabalhos\computer-organization\first-work\jaguar40\jaguar40.srcs\sources_1\new\ula.vhd:]
WARNING: [filemgmt 56-199] Attempt to get parsing info during refresh. "On-the-fly" syntax checking information may be incorrect. [C:\Users\ferna\OneDrive\Documentos\uergs\trabalhos\computer-organization\first-work\jaguar40\jaguar40.srcs\sim_1\new\tb_jaguar40.vhd:]
WARNING: [filemgmt 56-199] Attempt to get parsing info during refresh. "On-the-fly" syntax checking information may be incorrect. [C:\Users\ferna\OneDrive\Documentos\uergs\trabalhos\computer-organization\first-work\jaguar40\jaguar40.srcs\sources_1\new\memory.vhd:]
WARNING: [filemgmt 56-199] Attempt to get parsing info during refresh. "On-the-fly" syntax checking information may be incorrect. [C:\Users\ferna\OneDrive\Documentos\uergs\trabalhos\computer-organization\first-work\jaguar40\jaguar40.srcs\sources_1\new\control_unit.vhd:]
WARNING: [filemgmt 56-199] Attempt to get parsing info during refresh. "On-the-fly" syntax checking information may be incorrect. [C:\Users\ferna\OneDrive\Documentos\uergs\trabalhos\computer-organization\first-work\jaguar40\jaguar40.srcs\sources_1\new\pc.vhd:]
WARNING: [filemgmt 56-199] Attempt to get parsing info during refresh. "On-the-fly" syntax checking information may be incorrect. [C:\Users\ferna\OneDrive\Documentos\uergs\trabalhos\computer-organization\first-work\jaguar40\jaguar40.srcs\sources_1\new\jaguar40.vhd:]
WARNING: [filemgmt 56-199] Attempt to get parsing info during refresh. "On-the-fly" syntax checking information may be incorrect. [C:\Users\ferna\OneDrive\Documentos\uergs\trabalhos\computer-organization\first-work\jaguar40\jaguar40.srcs\sources_1\new\register_bank.vhd:]
WARNING: [filemgmt 56-199] Attempt to get parsing info during refresh. "On-the-fly" syntax checking information may be incorrect. [C:\Users\ferna\OneDrive\Documentos\uergs\trabalhos\computer-organization\first-work\jaguar40\jaguar40.srcs\sources_1\new\intermed_register.vhd:]
ERROR: [Common 17-180] Spawn failed: No error
WARNING: [filemgmt 56-199] Attempt to get parsing info during refresh. "On-the-fly" syntax checking information may be incorrect. [C:\Users\ferna\OneDrive\Documentos\uergs\trabalhos\computer-organization\first-work\jaguar40\jaguar40.srcs\sources_1\new\ula.vhd:]
WARNING: [filemgmt 56-199] Attempt to get parsing info during refresh. "On-the-fly" syntax checking information may be incorrect. [C:\Users\ferna\OneDrive\Documentos\uergs\trabalhos\computer-organization\first-work\jaguar40\jaguar40.srcs\sim_1\new\tb_jaguar40.vhd:]
WARNING: [filemgmt 56-199] Attempt to get parsing info during refresh. "On-the-fly" syntax checking information may be incorrect. [C:\Users\ferna\OneDrive\Documentos\uergs\trabalhos\computer-organization\first-work\jaguar40\jaguar40.srcs\sources_1\new\memory.vhd:]
WARNING: [filemgmt 56-199] Attempt to get parsing info during refresh. "On-the-fly" syntax checking information may be incorrect. [C:\Users\ferna\OneDrive\Documentos\uergs\trabalhos\computer-organization\first-work\jaguar40\jaguar40.srcs\sources_1\new\control_unit.vhd:]
WARNING: [filemgmt 56-199] Attempt to get parsing info during refresh. "On-the-fly" syntax checking information may be incorrect. [C:\Users\ferna\OneDrive\Documentos\uergs\trabalhos\computer-organization\first-work\jaguar40\jaguar40.srcs\sources_1\new\pc.vhd:]
WARNING: [filemgmt 56-199] Attempt to get parsing info during refresh. "On-the-fly" syntax checking information may be incorrect. [C:\Users\ferna\OneDrive\Documentos\uergs\trabalhos\computer-organization\first-work\jaguar40\jaguar40.srcs\sources_1\new\jaguar40.vhd:]
WARNING: [filemgmt 56-199] Attempt to get parsing info during refresh. "On-the-fly" syntax checking information may be incorrect. [C:\Users\ferna\OneDrive\Documentos\uergs\trabalhos\computer-organization\first-work\jaguar40\jaguar40.srcs\sources_1\new\register_bank.vhd:]
WARNING: [filemgmt 56-199] Attempt to get parsing info during refresh. "On-the-fly" syntax checking information may be incorrect. [C:\Users\ferna\OneDrive\Documentos\uergs\trabalhos\computer-organization\first-work\jaguar40\jaguar40.srcs\sources_1\new\intermed_register.vhd:]
ERROR: [Common 17-180] Spawn failed: No error
WARNING: [filemgmt 56-199] Attempt to get parsing info during refresh. "On-the-fly" syntax checking information may be incorrect. [C:\Users\ferna\OneDrive\Documentos\uergs\trabalhos\computer-organization\first-work\jaguar40\jaguar40.srcs\sources_1\new\ula.vhd:]
WARNING: [filemgmt 56-199] Attempt to get parsing info during refresh. "On-the-fly" syntax checking information may be incorrect. [C:\Users\ferna\OneDrive\Documentos\uergs\trabalhos\computer-organization\first-work\jaguar40\jaguar40.srcs\sim_1\new\tb_jaguar40.vhd:]
WARNING: [filemgmt 56-199] Attempt to get parsing info during refresh. "On-the-fly" syntax checking information may be incorrect. [C:\Users\ferna\OneDrive\Documentos\uergs\trabalhos\computer-organization\first-work\jaguar40\jaguar40.srcs\sources_1\new\memory.vhd:]
ERROR: [Common 17-180] Spawn failed: No error
WARNING: [filemgmt 56-199] Attempt to get parsing info during refresh. "On-the-fly" syntax checking information may be incorrect. [C:\Users\ferna\OneDrive\Documentos\uergs\trabalhos\computer-organization\first-work\jaguar40\jaguar40.srcs\sources_1\new\control_unit.vhd:]
WARNING: [filemgmt 56-199] Attempt to get parsing info during refresh. "On-the-fly" syntax checking information may be incorrect. [C:\Users\ferna\OneDrive\Documentos\uergs\trabalhos\computer-organization\first-work\jaguar40\jaguar40.srcs\sources_1\new\pc.vhd:]
WARNING: [filemgmt 56-199] Attempt to get parsing info during refresh. "On-the-fly" syntax checking information may be incorrect. [C:\Users\ferna\OneDrive\Documentos\uergs\trabalhos\computer-organization\first-work\jaguar40\jaguar40.srcs\sources_1\new\jaguar40.vhd:]
WARNING: [filemgmt 56-199] Attempt to get parsing info during refresh. "On-the-fly" syntax checking information may be incorrect. [C:\Users\ferna\OneDrive\Documentos\uergs\trabalhos\computer-organization\first-work\jaguar40\jaguar40.srcs\sources_1\new\register_bank.vhd:]
WARNING: [filemgmt 56-199] Attempt to get parsing info during refresh. "On-the-fly" syntax checking information may be incorrect. [C:\Users\ferna\OneDrive\Documentos\uergs\trabalhos\computer-organization\first-work\jaguar40\jaguar40.srcs\sources_1\new\intermed_register.vhd:]
relaunch_sim
Command: launch_simulation -step compile -simset sim_1 -mode behavioral
INFO: [Vivado 12-12493] Simulation top is 'tb_jaguar40'
WARNING: [Vivado 12-13340] Unable to auto find GCC executables from simulator install path! (path not set)
INFO: [Vivado 12-5682] Launching behavioral simulation in 'C:/Users/ferna/OneDrive/Documentos/uergs/trabalhos/computer-organization/first-work/jaguar40/jaguar40.sim/sim_1/behav/xsim'
INFO: [SIM-utils-51] Simulation object is 'sim_1'
INFO: [USF-XSim-2] XSim::Compile design
INFO: [USF-XSim-61] Executing 'COMPILE and ANALYZE' step in 'C:/Users/ferna/OneDrive/Documentos/uergs/trabalhos/computer-organization/first-work/jaguar40/jaguar40.sim/sim_1/behav/xsim'
"xvhdl --incr --relax -prj tb_jaguar40_vhdl.prj"
ECHO est  desativado.
ECHO est  desativado.
INFO: [VRFC 10-163] Analyzing VHDL file "C:/Users/ferna/OneDrive/Documentos/uergs/trabalhos/computer-organization/first-work/jaguar40/jaguar40.srcs/sim_1/new/tb_jaguar40.vhd" into library xil_defaultlib
INFO: [VRFC 10-3107] analyzing entity 'tb_jaguar40'
INFO: [USF-XSim-69] 'compile' step finished in '2' seconds
Command: launch_simulation -step elaborate -simset sim_1 -mode behavioral
INFO: [Vivado 12-12493] Simulation top is 'tb_jaguar40'
WARNING: [Vivado 12-13340] Unable to auto find GCC executables from simulator install path! (path not set)
INFO: [Vivado 12-5682] Launching behavioral simulation in 'C:/Users/ferna/OneDrive/Documentos/uergs/trabalhos/computer-organization/first-work/jaguar40/jaguar40.sim/sim_1/behav/xsim'
INFO: [SIM-utils-51] Simulation object is 'sim_1'
INFO: [USF-XSim-3] XSim::Elaborate design
INFO: [USF-XSim-61] Executing 'ELABORATE' step in 'C:/Users/ferna/OneDrive/Documentos/uergs/trabalhos/computer-organization/first-work/jaguar40/jaguar40.sim/sim_1/behav/xsim'
"xelab --incr --debug typical --relax --mt 2 -L xil_defaultlib -L secureip --snapshot tb_jaguar40_behav xil_defaultlib.tb_jaguar40 -log elaborate.log"
ECHO est  desativado.
ECHO est  desativado.
Vivado Simulator v2023.2
Copyright 1986-2022 Xilinx, Inc. All Rights Reserved.
Copyright 2022-2023 Advanced Micro Devices, Inc. All Rights Reserved.
Running: C:/Xilinx/Vivado/2023.2/bin/unwrapped/win64.o/xelab.exe --incr --debug typical --relax --mt 2 -L xil_defaultlib -L secureip --snapshot tb_jaguar40_behav xil_defaultlib.tb_jaguar40 -log elaborate.log 
Using 2 slave threads.
Starting static elaboration
Completed static elaboration
Starting simulation data flow analysis
Completed simulation data flow analysis
Time Resolution for simulation is 1ps
Compiling package std.standard
Compiling package std.textio
Compiling package ieee.std_logic_1164
Compiling package ieee.numeric_std
Compiling package ieee.std_logic_arith
Compiling package ieee.std_logic_unsigned
Compiling architecture behavioral of entity xil_defaultlib.ula [ula_default]
Compiling architecture behavioral of entity xil_defaultlib.register_bank [register_bank_default]
Compiling architecture behavioral of entity xil_defaultlib.pc [pc_default]
Compiling architecture behavioral of entity xil_defaultlib.control_unit [control_unit_default]
Compiling architecture behavioral of entity xil_defaultlib.memory [memory_default]
Compiling architecture behavioral of entity xil_defaultlib.intermed_register [intermed_register_default]
Compiling architecture behavioral of entity xil_defaultlib.jaguar40 [jaguar40_default]
Compiling architecture behavior of entity xil_defaultlib.tb_jaguar40
Built simulation snapshot tb_jaguar40_behav
INFO: [USF-XSim-69] 'elaborate' step finished in '3' seconds
Time resolution is 1 ps
relaunch_sim: Time (s): cpu = 00:00:01 ; elapsed = 00:00:07 . Memory (MB): peak = 2615.324 ; gain = 0.000
WARNING: [filemgmt 56-199] Attempt to get parsing info during refresh. "On-the-fly" syntax checking information may be incorrect. [C:\Users\ferna\OneDrive\Documentos\uergs\trabalhos\computer-organization\first-work\jaguar40\jaguar40.srcs\sources_1\new\ula.vhd:]
WARNING: [filemgmt 56-199] Attempt to get parsing info during refresh. "On-the-fly" syntax checking information may be incorrect. [C:\Users\ferna\OneDrive\Documentos\uergs\trabalhos\computer-organization\first-work\jaguar40\jaguar40.srcs\sim_1\new\tb_jaguar40.vhd:]
WARNING: [filemgmt 56-199] Attempt to get parsing info during refresh. "On-the-fly" syntax checking information may be incorrect. [C:\Users\ferna\OneDrive\Documentos\uergs\trabalhos\computer-organization\first-work\jaguar40\jaguar40.srcs\sources_1\new\memory.vhd:]
WARNING: [filemgmt 56-199] Attempt to get parsing info during refresh. "On-the-fly" syntax checking information may be incorrect. [C:\Users\ferna\OneDrive\Documentos\uergs\trabalhos\computer-organization\first-work\jaguar40\jaguar40.srcs\sources_1\new\control_unit.vhd:]
WARNING: [filemgmt 56-199] Attempt to get parsing info during refresh. "On-the-fly" syntax checking information may be incorrect. [C:\Users\ferna\OneDrive\Documentos\uergs\trabalhos\computer-organization\first-work\jaguar40\jaguar40.srcs\sources_1\new\pc.vhd:]
WARNING: [filemgmt 56-199] Attempt to get parsing info during refresh. "On-the-fly" syntax checking information may be incorrect. [C:\Users\ferna\OneDrive\Documentos\uergs\trabalhos\computer-organization\first-work\jaguar40\jaguar40.srcs\sources_1\new\jaguar40.vhd:]
WARNING: [filemgmt 56-199] Attempt to get parsing info during refresh. "On-the-fly" syntax checking information may be incorrect. [C:\Users\ferna\OneDrive\Documentos\uergs\trabalhos\computer-organization\first-work\jaguar40\jaguar40.srcs\sources_1\new\register_bank.vhd:]
WARNING: [filemgmt 56-199] Attempt to get parsing info during refresh. "On-the-fly" syntax checking information may be incorrect. [C:\Users\ferna\OneDrive\Documentos\uergs\trabalhos\computer-organization\first-work\jaguar40\jaguar40.srcs\sources_1\new\intermed_register.vhd:]
WARNING: [filemgmt 56-199] Attempt to get parsing info during refresh. "On-the-fly" syntax checking information may be incorrect. [C:\Users\ferna\OneDrive\Documentos\uergs\trabalhos\computer-organization\first-work\jaguar40\jaguar40.srcs\sources_1\new\ula.vhd:]
WARNING: [filemgmt 56-199] Attempt to get parsing info during refresh. "On-the-fly" syntax checking information may be incorrect. [C:\Users\ferna\OneDrive\Documentos\uergs\trabalhos\computer-organization\first-work\jaguar40\jaguar40.srcs\sim_1\new\tb_jaguar40.vhd:]
WARNING: [filemgmt 56-199] Attempt to get parsing info during refresh. "On-the-fly" syntax checking information may be incorrect. [C:\Users\ferna\OneDrive\Documentos\uergs\trabalhos\computer-organization\first-work\jaguar40\jaguar40.srcs\sources_1\new\memory.vhd:]
WARNING: [filemgmt 56-199] Attempt to get parsing info during refresh. "On-the-fly" syntax checking information may be incorrect. [C:\Users\ferna\OneDrive\Documentos\uergs\trabalhos\computer-organization\first-work\jaguar40\jaguar40.srcs\sources_1\new\control_unit.vhd:]
WARNING: [filemgmt 56-199] Attempt to get parsing info during refresh. "On-the-fly" syntax checking information may be incorrect. [C:\Users\ferna\OneDrive\Documentos\uergs\trabalhos\computer-organization\first-work\jaguar40\jaguar40.srcs\sources_1\new\pc.vhd:]
WARNING: [filemgmt 56-199] Attempt to get parsing info during refresh. "On-the-fly" syntax checking information may be incorrect. [C:\Users\ferna\OneDrive\Documentos\uergs\trabalhos\computer-organization\first-work\jaguar40\jaguar40.srcs\sources_1\new\jaguar40.vhd:]
WARNING: [filemgmt 56-199] Attempt to get parsing info during refresh. "On-the-fly" syntax checking information may be incorrect. [C:\Users\ferna\OneDrive\Documentos\uergs\trabalhos\computer-organization\first-work\jaguar40\jaguar40.srcs\sources_1\new\register_bank.vhd:]
WARNING: [filemgmt 56-199] Attempt to get parsing info during refresh. "On-the-fly" syntax checking information may be incorrect. [C:\Users\ferna\OneDrive\Documentos\uergs\trabalhos\computer-organization\first-work\jaguar40\jaguar40.srcs\sources_1\new\intermed_register.vhd:]
WARNING: [filemgmt 56-199] Attempt to get parsing info during refresh. "On-the-fly" syntax checking information may be incorrect. [C:\Users\ferna\OneDrive\Documentos\uergs\trabalhos\computer-organization\first-work\jaguar40\jaguar40.srcs\sources_1\new\ula.vhd:]
WARNING: [filemgmt 56-199] Attempt to get parsing info during refresh. "On-the-fly" syntax checking information may be incorrect. [C:\Users\ferna\OneDrive\Documentos\uergs\trabalhos\computer-organization\first-work\jaguar40\jaguar40.srcs\sim_1\new\tb_jaguar40.vhd:]
WARNING: [filemgmt 56-199] Attempt to get parsing info during refresh. "On-the-fly" syntax checking information may be incorrect. [C:\Users\ferna\OneDrive\Documentos\uergs\trabalhos\computer-organization\first-work\jaguar40\jaguar40.srcs\sources_1\new\memory.vhd:]
WARNING: [filemgmt 56-199] Attempt to get parsing info during refresh. "On-the-fly" syntax checking information may be incorrect. [C:\Users\ferna\OneDrive\Documentos\uergs\trabalhos\computer-organization\first-work\jaguar40\jaguar40.srcs\sources_1\new\control_unit.vhd:]
WARNING: [filemgmt 56-199] Attempt to get parsing info during refresh. "On-the-fly" syntax checking information may be incorrect. [C:\Users\ferna\OneDrive\Documentos\uergs\trabalhos\computer-organization\first-work\jaguar40\jaguar40.srcs\sources_1\new\pc.vhd:]
WARNING: [filemgmt 56-199] Attempt to get parsing info during refresh. "On-the-fly" syntax checking information may be incorrect. [C:\Users\ferna\OneDrive\Documentos\uergs\trabalhos\computer-organization\first-work\jaguar40\jaguar40.srcs\sources_1\new\jaguar40.vhd:]
WARNING: [filemgmt 56-199] Attempt to get parsing info during refresh. "On-the-fly" syntax checking information may be incorrect. [C:\Users\ferna\OneDrive\Documentos\uergs\trabalhos\computer-organization\first-work\jaguar40\jaguar40.srcs\sources_1\new\register_bank.vhd:]
WARNING: [filemgmt 56-199] Attempt to get parsing info during refresh. "On-the-fly" syntax checking information may be incorrect. [C:\Users\ferna\OneDrive\Documentos\uergs\trabalhos\computer-organization\first-work\jaguar40\jaguar40.srcs\sources_1\new\intermed_register.vhd:]
WARNING: [filemgmt 56-199] Attempt to get parsing info during refresh. "On-the-fly" syntax checking information may be incorrect. [C:\Users\ferna\OneDrive\Documentos\uergs\trabalhos\computer-organization\first-work\jaguar40\jaguar40.srcs\sources_1\new\ula.vhd:]
WARNING: [filemgmt 56-199] Attempt to get parsing info during refresh. "On-the-fly" syntax checking information may be incorrect. [C:\Users\ferna\OneDrive\Documentos\uergs\trabalhos\computer-organization\first-work\jaguar40\jaguar40.srcs\sim_1\new\tb_jaguar40.vhd:]
WARNING: [filemgmt 56-199] Attempt to get parsing info during refresh. "On-the-fly" syntax checking information may be incorrect. [C:\Users\ferna\OneDrive\Documentos\uergs\trabalhos\computer-organization\first-work\jaguar40\jaguar40.srcs\sources_1\new\memory.vhd:]
WARNING: [filemgmt 56-199] Attempt to get parsing info during refresh. "On-the-fly" syntax checking information may be incorrect. [C:\Users\ferna\OneDrive\Documentos\uergs\trabalhos\computer-organization\first-work\jaguar40\jaguar40.srcs\sources_1\new\control_unit.vhd:]
WARNING: [filemgmt 56-199] Attempt to get parsing info during refresh. "On-the-fly" syntax checking information may be incorrect. [C:\Users\ferna\OneDrive\Documentos\uergs\trabalhos\computer-organization\first-work\jaguar40\jaguar40.srcs\sources_1\new\pc.vhd:]
WARNING: [filemgmt 56-199] Attempt to get parsing info during refresh. "On-the-fly" syntax checking information may be incorrect. [C:\Users\ferna\OneDrive\Documentos\uergs\trabalhos\computer-organization\first-work\jaguar40\jaguar40.srcs\sources_1\new\jaguar40.vhd:]
WARNING: [filemgmt 56-199] Attempt to get parsing info during refresh. "On-the-fly" syntax checking information may be incorrect. [C:\Users\ferna\OneDrive\Documentos\uergs\trabalhos\computer-organization\first-work\jaguar40\jaguar40.srcs\sources_1\new\register_bank.vhd:]
WARNING: [filemgmt 56-199] Attempt to get parsing info during refresh. "On-the-fly" syntax checking information may be incorrect. [C:\Users\ferna\OneDrive\Documentos\uergs\trabalhos\computer-organization\first-work\jaguar40\jaguar40.srcs\sources_1\new\intermed_register.vhd:]
ERROR: [Common 17-180] Spawn failed: No error
WARNING: [filemgmt 56-199] Attempt to get parsing info during refresh. "On-the-fly" syntax checking information may be incorrect. [C:\Users\ferna\OneDrive\Documentos\uergs\trabalhos\computer-organization\first-work\jaguar40\jaguar40.srcs\sources_1\new\ula.vhd:]
ERROR: [Common 17-180] Spawn failed: No error
WARNING: [filemgmt 56-199] Attempt to get parsing info during refresh. "On-the-fly" syntax checking information may be incorrect. [C:\Users\ferna\OneDrive\Documentos\uergs\trabalhos\computer-organization\first-work\jaguar40\jaguar40.srcs\sim_1\new\tb_jaguar40.vhd:]
WARNING: [filemgmt 56-199] Attempt to get parsing info during refresh. "On-the-fly" syntax checking information may be incorrect. [C:\Users\ferna\OneDrive\Documentos\uergs\trabalhos\computer-organization\first-work\jaguar40\jaguar40.srcs\sources_1\new\memory.vhd:]
WARNING: [filemgmt 56-199] Attempt to get parsing info during refresh. "On-the-fly" syntax checking information may be incorrect. [C:\Users\ferna\OneDrive\Documentos\uergs\trabalhos\computer-organization\first-work\jaguar40\jaguar40.srcs\sources_1\new\control_unit.vhd:]
WARNING: [filemgmt 56-199] Attempt to get parsing info during refresh. "On-the-fly" syntax checking information may be incorrect. [C:\Users\ferna\OneDrive\Documentos\uergs\trabalhos\computer-organization\first-work\jaguar40\jaguar40.srcs\sources_1\new\pc.vhd:]
WARNING: [filemgmt 56-199] Attempt to get parsing info during refresh. "On-the-fly" syntax checking information may be incorrect. [C:\Users\ferna\OneDrive\Documentos\uergs\trabalhos\computer-organization\first-work\jaguar40\jaguar40.srcs\sources_1\new\jaguar40.vhd:]
WARNING: [filemgmt 56-199] Attempt to get parsing info during refresh. "On-the-fly" syntax checking information may be incorrect. [C:\Users\ferna\OneDrive\Documentos\uergs\trabalhos\computer-organization\first-work\jaguar40\jaguar40.srcs\sources_1\new\register_bank.vhd:]
WARNING: [filemgmt 56-199] Attempt to get parsing info during refresh. "On-the-fly" syntax checking information may be incorrect. [C:\Users\ferna\OneDrive\Documentos\uergs\trabalhos\computer-organization\first-work\jaguar40\jaguar40.srcs\sources_1\new\intermed_register.vhd:]
WARNING: [filemgmt 56-199] Attempt to get parsing info during refresh. "On-the-fly" syntax checking information may be incorrect. [C:\Users\ferna\OneDrive\Documentos\uergs\trabalhos\computer-organization\first-work\jaguar40\jaguar40.srcs\sources_1\new\ula.vhd:]
WARNING: [filemgmt 56-199] Attempt to get parsing info during refresh. "On-the-fly" syntax checking information may be incorrect. [C:\Users\ferna\OneDrive\Documentos\uergs\trabalhos\computer-organization\first-work\jaguar40\jaguar40.srcs\sim_1\new\tb_jaguar40.vhd:]
WARNING: [filemgmt 56-199] Attempt to get parsing info during refresh. "On-the-fly" syntax checking information may be incorrect. [C:\Users\ferna\OneDrive\Documentos\uergs\trabalhos\computer-organization\first-work\jaguar40\jaguar40.srcs\sources_1\new\memory.vhd:]
WARNING: [filemgmt 56-199] Attempt to get parsing info during refresh. "On-the-fly" syntax checking information may be incorrect. [C:\Users\ferna\OneDrive\Documentos\uergs\trabalhos\computer-organization\first-work\jaguar40\jaguar40.srcs\sources_1\new\control_unit.vhd:]
WARNING: [filemgmt 56-199] Attempt to get parsing info during refresh. "On-the-fly" syntax checking information may be incorrect. [C:\Users\ferna\OneDrive\Documentos\uergs\trabalhos\computer-organization\first-work\jaguar40\jaguar40.srcs\sources_1\new\pc.vhd:]
WARNING: [filemgmt 56-199] Attempt to get parsing info during refresh. "On-the-fly" syntax checking information may be incorrect. [C:\Users\ferna\OneDrive\Documentos\uergs\trabalhos\computer-organization\first-work\jaguar40\jaguar40.srcs\sources_1\new\jaguar40.vhd:]
WARNING: [filemgmt 56-199] Attempt to get parsing info during refresh. "On-the-fly" syntax checking information may be incorrect. [C:\Users\ferna\OneDrive\Documentos\uergs\trabalhos\computer-organization\first-work\jaguar40\jaguar40.srcs\sources_1\new\register_bank.vhd:]
WARNING: [filemgmt 56-199] Attempt to get parsing info during refresh. "On-the-fly" syntax checking information may be incorrect. [C:\Users\ferna\OneDrive\Documentos\uergs\trabalhos\computer-organization\first-work\jaguar40\jaguar40.srcs\sources_1\new\intermed_register.vhd:]
ERROR: [Common 17-180] Spawn failed: No error
WARNING: [filemgmt 56-199] Attempt to get parsing info during refresh. "On-the-fly" syntax checking information may be incorrect. [C:\Users\ferna\OneDrive\Documentos\uergs\trabalhos\computer-organization\first-work\jaguar40\jaguar40.srcs\sources_1\new\ula.vhd:]
WARNING: [filemgmt 56-199] Attempt to get parsing info during refresh. "On-the-fly" syntax checking information may be incorrect. [C:\Users\ferna\OneDrive\Documentos\uergs\trabalhos\computer-organization\first-work\jaguar40\jaguar40.srcs\sim_1\new\tb_jaguar40.vhd:]
WARNING: [filemgmt 56-199] Attempt to get parsing info during refresh. "On-the-fly" syntax checking information may be incorrect. [C:\Users\ferna\OneDrive\Documentos\uergs\trabalhos\computer-organization\first-work\jaguar40\jaguar40.srcs\sources_1\new\memory.vhd:]
WARNING: [filemgmt 56-199] Attempt to get parsing info during refresh. "On-the-fly" syntax checking information may be incorrect. [C:\Users\ferna\OneDrive\Documentos\uergs\trabalhos\computer-organization\first-work\jaguar40\jaguar40.srcs\sources_1\new\control_unit.vhd:]
WARNING: [filemgmt 56-199] Attempt to get parsing info during refresh. "On-the-fly" syntax checking information may be incorrect. [C:\Users\ferna\OneDrive\Documentos\uergs\trabalhos\computer-organization\first-work\jaguar40\jaguar40.srcs\sources_1\new\pc.vhd:]
WARNING: [filemgmt 56-199] Attempt to get parsing info during refresh. "On-the-fly" syntax checking information may be incorrect. [C:\Users\ferna\OneDrive\Documentos\uergs\trabalhos\computer-organization\first-work\jaguar40\jaguar40.srcs\sources_1\new\jaguar40.vhd:]
WARNING: [filemgmt 56-199] Attempt to get parsing info during refresh. "On-the-fly" syntax checking information may be incorrect. [C:\Users\ferna\OneDrive\Documentos\uergs\trabalhos\computer-organization\first-work\jaguar40\jaguar40.srcs\sources_1\new\register_bank.vhd:]
WARNING: [filemgmt 56-199] Attempt to get parsing info during refresh. "On-the-fly" syntax checking information may be incorrect. [C:\Users\ferna\OneDrive\Documentos\uergs\trabalhos\computer-organization\first-work\jaguar40\jaguar40.srcs\sources_1\new\intermed_register.vhd:]
ERROR: [Common 17-180] Spawn failed: No error
relaunch_sim
Command: launch_simulation -step compile -simset sim_1 -mode behavioral
INFO: [Vivado 12-12493] Simulation top is 'tb_jaguar40'
WARNING: [Vivado 12-13340] Unable to auto find GCC executables from simulator install path! (path not set)
INFO: [Vivado 12-5682] Launching behavioral simulation in 'C:/Users/ferna/OneDrive/Documentos/uergs/trabalhos/computer-organization/first-work/jaguar40/jaguar40.sim/sim_1/behav/xsim'
INFO: [SIM-utils-51] Simulation object is 'sim_1'
INFO: [USF-XSim-2] XSim::Compile design
INFO: [USF-XSim-61] Executing 'COMPILE and ANALYZE' step in 'C:/Users/ferna/OneDrive/Documentos/uergs/trabalhos/computer-organization/first-work/jaguar40/jaguar40.sim/sim_1/behav/xsim'
"xvhdl --incr --relax -prj tb_jaguar40_vhdl.prj"
ECHO est  desativado.
ECHO est  desativado.
INFO: [VRFC 10-163] Analyzing VHDL file "C:/Users/ferna/OneDrive/Documentos/uergs/trabalhos/computer-organization/first-work/jaguar40/jaguar40.srcs/sim_1/new/tb_jaguar40.vhd" into library xil_defaultlib
INFO: [VRFC 10-3107] analyzing entity 'tb_jaguar40'
INFO: [USF-XSim-69] 'compile' step finished in '2' seconds
Command: launch_simulation -step elaborate -simset sim_1 -mode behavioral
INFO: [Vivado 12-12493] Simulation top is 'tb_jaguar40'
WARNING: [Vivado 12-13340] Unable to auto find GCC executables from simulator install path! (path not set)
INFO: [Vivado 12-5682] Launching behavioral simulation in 'C:/Users/ferna/OneDrive/Documentos/uergs/trabalhos/computer-organization/first-work/jaguar40/jaguar40.sim/sim_1/behav/xsim'
INFO: [SIM-utils-51] Simulation object is 'sim_1'
INFO: [USF-XSim-3] XSim::Elaborate design
INFO: [USF-XSim-61] Executing 'ELABORATE' step in 'C:/Users/ferna/OneDrive/Documentos/uergs/trabalhos/computer-organization/first-work/jaguar40/jaguar40.sim/sim_1/behav/xsim'
"xelab --incr --debug typical --relax --mt 2 -L xil_defaultlib -L secureip --snapshot tb_jaguar40_behav xil_defaultlib.tb_jaguar40 -log elaborate.log"
ECHO est  desativado.
ECHO est  desativado.
Vivado Simulator v2023.2
Copyright 1986-2022 Xilinx, Inc. All Rights Reserved.
Copyright 2022-2023 Advanced Micro Devices, Inc. All Rights Reserved.
Running: C:/Xilinx/Vivado/2023.2/bin/unwrapped/win64.o/xelab.exe --incr --debug typical --relax --mt 2 -L xil_defaultlib -L secureip --snapshot tb_jaguar40_behav xil_defaultlib.tb_jaguar40 -log elaborate.log 
Using 2 slave threads.
Starting static elaboration
Completed static elaboration
Starting simulation data flow analysis
Completed simulation data flow analysis
Time Resolution for simulation is 1ps
Compiling package std.standard
Compiling package std.textio
Compiling package ieee.std_logic_1164
Compiling package ieee.numeric_std
Compiling package ieee.std_logic_arith
Compiling package ieee.std_logic_unsigned
Compiling architecture behavioral of entity xil_defaultlib.ula [ula_default]
Compiling architecture behavioral of entity xil_defaultlib.register_bank [register_bank_default]
Compiling architecture behavioral of entity xil_defaultlib.pc [pc_default]
Compiling architecture behavioral of entity xil_defaultlib.control_unit [control_unit_default]
Compiling architecture behavioral of entity xil_defaultlib.memory [memory_default]
Compiling architecture behavioral of entity xil_defaultlib.intermed_register [intermed_register_default]
Compiling architecture behavioral of entity xil_defaultlib.jaguar40 [jaguar40_default]
Compiling architecture behavior of entity xil_defaultlib.tb_jaguar40
Built simulation snapshot tb_jaguar40_behav
INFO: [USF-XSim-69] 'elaborate' step finished in '3' seconds
Time resolution is 1 ps
relaunch_sim: Time (s): cpu = 00:00:01 ; elapsed = 00:00:08 . Memory (MB): peak = 2615.324 ; gain = 0.000
relaunch_sim
WARNING: [filemgmt 56-199] Attempt to get parsing info during refresh. "On-the-fly" syntax checking information may be incorrect. [C:\Users\ferna\OneDrive\Documentos\uergs\trabalhos\computer-organization\first-work\jaguar40\jaguar40.srcs\sources_1\new\ula.vhd:]
WARNING: [filemgmt 56-199] Attempt to get parsing info during refresh. "On-the-fly" syntax checking information may be incorrect. [C:\Users\ferna\OneDrive\Documentos\uergs\trabalhos\computer-organization\first-work\jaguar40\jaguar40.srcs\sim_1\new\tb_jaguar40.vhd:]
WARNING: [filemgmt 56-199] Attempt to get parsing info during refresh. "On-the-fly" syntax checking information may be incorrect. [C:\Users\ferna\OneDrive\Documentos\uergs\trabalhos\computer-organization\first-work\jaguar40\jaguar40.srcs\sources_1\new\memory.vhd:]
WARNING: [filemgmt 56-199] Attempt to get parsing info during refresh. "On-the-fly" syntax checking information may be incorrect. [C:\Users\ferna\OneDrive\Documentos\uergs\trabalhos\computer-organization\first-work\jaguar40\jaguar40.srcs\sources_1\new\control_unit.vhd:]
WARNING: [filemgmt 56-199] Attempt to get parsing info during refresh. "On-the-fly" syntax checking information may be incorrect. [C:\Users\ferna\OneDrive\Documentos\uergs\trabalhos\computer-organization\first-work\jaguar40\jaguar40.srcs\sources_1\new\pc.vhd:]
WARNING: [filemgmt 56-199] Attempt to get parsing info during refresh. "On-the-fly" syntax checking information may be incorrect. [C:\Users\ferna\OneDrive\Documentos\uergs\trabalhos\computer-organization\first-work\jaguar40\jaguar40.srcs\sources_1\new\jaguar40.vhd:]
WARNING: [filemgmt 56-199] Attempt to get parsing info during refresh. "On-the-fly" syntax checking information may be incorrect. [C:\Users\ferna\OneDrive\Documentos\uergs\trabalhos\computer-organization\first-work\jaguar40\jaguar40.srcs\sources_1\new\register_bank.vhd:]
WARNING: [filemgmt 56-199] Attempt to get parsing info during refresh. "On-the-fly" syntax checking information may be incorrect. [C:\Users\ferna\OneDrive\Documentos\uergs\trabalhos\computer-organization\first-work\jaguar40\jaguar40.srcs\sources_1\new\intermed_register.vhd:]
WARNING: [filemgmt 56-199] Attempt to get parsing info during refresh. "On-the-fly" syntax checking information may be incorrect. [C:\Users\ferna\OneDrive\Documentos\uergs\trabalhos\computer-organization\first-work\jaguar40\jaguar40.srcs\sources_1\new\ula.vhd:]
WARNING: [filemgmt 56-199] Attempt to get parsing info during refresh. "On-the-fly" syntax checking information may be incorrect. [C:\Users\ferna\OneDrive\Documentos\uergs\trabalhos\computer-organization\first-work\jaguar40\jaguar40.srcs\sim_1\new\tb_jaguar40.vhd:]
WARNING: [filemgmt 56-199] Attempt to get parsing info during refresh. "On-the-fly" syntax checking information may be incorrect. [C:\Users\ferna\OneDrive\Documentos\uergs\trabalhos\computer-organization\first-work\jaguar40\jaguar40.srcs\sources_1\new\memory.vhd:]
WARNING: [filemgmt 56-199] Attempt to get parsing info during refresh. "On-the-fly" syntax checking information may be incorrect. [C:\Users\ferna\OneDrive\Documentos\uergs\trabalhos\computer-organization\first-work\jaguar40\jaguar40.srcs\sources_1\new\control_unit.vhd:]
WARNING: [filemgmt 56-199] Attempt to get parsing info during refresh. "On-the-fly" syntax checking information may be incorrect. [C:\Users\ferna\OneDrive\Documentos\uergs\trabalhos\computer-organization\first-work\jaguar40\jaguar40.srcs\sources_1\new\pc.vhd:]
WARNING: [filemgmt 56-199] Attempt to get parsing info during refresh. "On-the-fly" syntax checking information may be incorrect. [C:\Users\ferna\OneDrive\Documentos\uergs\trabalhos\computer-organization\first-work\jaguar40\jaguar40.srcs\sources_1\new\jaguar40.vhd:]
WARNING: [filemgmt 56-199] Attempt to get parsing info during refresh. "On-the-fly" syntax checking information may be incorrect. [C:\Users\ferna\OneDrive\Documentos\uergs\trabalhos\computer-organization\first-work\jaguar40\jaguar40.srcs\sources_1\new\register_bank.vhd:]
WARNING: [filemgmt 56-199] Attempt to get parsing info during refresh. "On-the-fly" syntax checking information may be incorrect. [C:\Users\ferna\OneDrive\Documentos\uergs\trabalhos\computer-organization\first-work\jaguar40\jaguar40.srcs\sources_1\new\intermed_register.vhd:]
WARNING: [filemgmt 56-199] Attempt to get parsing info during refresh. "On-the-fly" syntax checking information may be incorrect. [C:\Users\ferna\OneDrive\Documentos\uergs\trabalhos\computer-organization\first-work\jaguar40\jaguar40.srcs\sources_1\new\ula.vhd:]
WARNING: [filemgmt 56-199] Attempt to get parsing info during refresh. "On-the-fly" syntax checking information may be incorrect. [C:\Users\ferna\OneDrive\Documentos\uergs\trabalhos\computer-organization\first-work\jaguar40\jaguar40.srcs\sim_1\new\tb_jaguar40.vhd:]
WARNING: [filemgmt 56-199] Attempt to get parsing info during refresh. "On-the-fly" syntax checking information may be incorrect. [C:\Users\ferna\OneDrive\Documentos\uergs\trabalhos\computer-organization\first-work\jaguar40\jaguar40.srcs\sources_1\new\memory.vhd:]
WARNING: [filemgmt 56-199] Attempt to get parsing info during refresh. "On-the-fly" syntax checking information may be incorrect. [C:\Users\ferna\OneDrive\Documentos\uergs\trabalhos\computer-organization\first-work\jaguar40\jaguar40.srcs\sources_1\new\control_unit.vhd:]
WARNING: [filemgmt 56-199] Attempt to get parsing info during refresh. "On-the-fly" syntax checking information may be incorrect. [C:\Users\ferna\OneDrive\Documentos\uergs\trabalhos\computer-organization\first-work\jaguar40\jaguar40.srcs\sources_1\new\pc.vhd:]
WARNING: [filemgmt 56-199] Attempt to get parsing info during refresh. "On-the-fly" syntax checking information may be incorrect. [C:\Users\ferna\OneDrive\Documentos\uergs\trabalhos\computer-organization\first-work\jaguar40\jaguar40.srcs\sources_1\new\jaguar40.vhd:]
WARNING: [filemgmt 56-199] Attempt to get parsing info during refresh. "On-the-fly" syntax checking information may be incorrect. [C:\Users\ferna\OneDrive\Documentos\uergs\trabalhos\computer-organization\first-work\jaguar40\jaguar40.srcs\sources_1\new\register_bank.vhd:]
WARNING: [filemgmt 56-199] Attempt to get parsing info during refresh. "On-the-fly" syntax checking information may be incorrect. [C:\Users\ferna\OneDrive\Documentos\uergs\trabalhos\computer-organization\first-work\jaguar40\jaguar40.srcs\sources_1\new\intermed_register.vhd:]
WARNING: [filemgmt 56-199] Attempt to get parsing info during refresh. "On-the-fly" syntax checking information may be incorrect. [C:\Users\ferna\OneDrive\Documentos\uergs\trabalhos\computer-organization\first-work\jaguar40\jaguar40.srcs\sources_1\new\ula.vhd:]
WARNING: [filemgmt 56-199] Attempt to get parsing info during refresh. "On-the-fly" syntax checking information may be incorrect. [C:\Users\ferna\OneDrive\Documentos\uergs\trabalhos\computer-organization\first-work\jaguar40\jaguar40.srcs\sim_1\new\tb_jaguar40.vhd:]
WARNING: [filemgmt 56-199] Attempt to get parsing info during refresh. "On-the-fly" syntax checking information may be incorrect. [C:\Users\ferna\OneDrive\Documentos\uergs\trabalhos\computer-organization\first-work\jaguar40\jaguar40.srcs\sources_1\new\memory.vhd:]
WARNING: [filemgmt 56-199] Attempt to get parsing info during refresh. "On-the-fly" syntax checking information may be incorrect. [C:\Users\ferna\OneDrive\Documentos\uergs\trabalhos\computer-organization\first-work\jaguar40\jaguar40.srcs\sources_1\new\control_unit.vhd:]
WARNING: [filemgmt 56-199] Attempt to get parsing info during refresh. "On-the-fly" syntax checking information may be incorrect. [C:\Users\ferna\OneDrive\Documentos\uergs\trabalhos\computer-organization\first-work\jaguar40\jaguar40.srcs\sources_1\new\pc.vhd:]
WARNING: [filemgmt 56-199] Attempt to get parsing info during refresh. "On-the-fly" syntax checking information may be incorrect. [C:\Users\ferna\OneDrive\Documentos\uergs\trabalhos\computer-organization\first-work\jaguar40\jaguar40.srcs\sources_1\new\jaguar40.vhd:]
WARNING: [filemgmt 56-199] Attempt to get parsing info during refresh. "On-the-fly" syntax checking information may be incorrect. [C:\Users\ferna\OneDrive\Documentos\uergs\trabalhos\computer-organization\first-work\jaguar40\jaguar40.srcs\sources_1\new\register_bank.vhd:]
WARNING: [filemgmt 56-199] Attempt to get parsing info during refresh. "On-the-fly" syntax checking information may be incorrect. [C:\Users\ferna\OneDrive\Documentos\uergs\trabalhos\computer-organization\first-work\jaguar40\jaguar40.srcs\sources_1\new\intermed_register.vhd:]
Command: launch_simulation -step compile -simset sim_1 -mode behavioral
INFO: [Vivado 12-12493] Simulation top is 'tb_jaguar40'
WARNING: [Vivado 12-13340] Unable to auto find GCC executables from simulator install path! (path not set)
ERROR: [Common 17-180] Spawn failed: No error
WARNING: [filemgmt 56-199] Attempt to get parsing info during refresh. "On-the-fly" syntax checking information may be incorrect. [C:\Users\ferna\OneDrive\Documentos\uergs\trabalhos\computer-organization\first-work\jaguar40\jaguar40.srcs\sources_1\new\ula.vhd:]
WARNING: [filemgmt 56-199] Attempt to get parsing info during refresh. "On-the-fly" syntax checking information may be incorrect. [C:\Users\ferna\OneDrive\Documentos\uergs\trabalhos\computer-organization\first-work\jaguar40\jaguar40.srcs\sim_1\new\tb_jaguar40.vhd:]
WARNING: [filemgmt 56-199] Attempt to get parsing info during refresh. "On-the-fly" syntax checking information may be incorrect. [C:\Users\ferna\OneDrive\Documentos\uergs\trabalhos\computer-organization\first-work\jaguar40\jaguar40.srcs\sources_1\new\memory.vhd:]
WARNING: [filemgmt 56-199] Attempt to get parsing info during refresh. "On-the-fly" syntax checking information may be incorrect. [C:\Users\ferna\OneDrive\Documentos\uergs\trabalhos\computer-organization\first-work\jaguar40\jaguar40.srcs\sources_1\new\control_unit.vhd:]
WARNING: [filemgmt 56-199] Attempt to get parsing info during refresh. "On-the-fly" syntax checking information may be incorrect. [C:\Users\ferna\OneDrive\Documentos\uergs\trabalhos\computer-organization\first-work\jaguar40\jaguar40.srcs\sources_1\new\pc.vhd:]
WARNING: [filemgmt 56-199] Attempt to get parsing info during refresh. "On-the-fly" syntax checking information may be incorrect. [C:\Users\ferna\OneDrive\Documentos\uergs\trabalhos\computer-organization\first-work\jaguar40\jaguar40.srcs\sources_1\new\jaguar40.vhd:]
WARNING: [filemgmt 56-199] Attempt to get parsing info during refresh. "On-the-fly" syntax checking information may be incorrect. [C:\Users\ferna\OneDrive\Documentos\uergs\trabalhos\computer-organization\first-work\jaguar40\jaguar40.srcs\sources_1\new\register_bank.vhd:]
WARNING: [filemgmt 56-199] Attempt to get parsing info during refresh. "On-the-fly" syntax checking information may be incorrect. [C:\Users\ferna\OneDrive\Documentos\uergs\trabalhos\computer-organization\first-work\jaguar40\jaguar40.srcs\sources_1\new\intermed_register.vhd:]
ERROR: [Common 17-180] Spawn failed: No error
WARNING: [filemgmt 56-199] Attempt to get parsing info during refresh. "On-the-fly" syntax checking information may be incorrect. [C:\Users\ferna\OneDrive\Documentos\uergs\trabalhos\computer-organization\first-work\jaguar40\jaguar40.srcs\sources_1\new\ula.vhd:]
WARNING: [filemgmt 56-199] Attempt to get parsing info during refresh. "On-the-fly" syntax checking information may be incorrect. [C:\Users\ferna\OneDrive\Documentos\uergs\trabalhos\computer-organization\first-work\jaguar40\jaguar40.srcs\sim_1\new\tb_jaguar40.vhd:]
WARNING: [filemgmt 56-199] Attempt to get parsing info during refresh. "On-the-fly" syntax checking information may be incorrect. [C:\Users\ferna\OneDrive\Documentos\uergs\trabalhos\computer-organization\first-work\jaguar40\jaguar40.srcs\sources_1\new\memory.vhd:]
WARNING: [filemgmt 56-199] Attempt to get parsing info during refresh. "On-the-fly" syntax checking information may be incorrect. [C:\Users\ferna\OneDrive\Documentos\uergs\trabalhos\computer-organization\first-work\jaguar40\jaguar40.srcs\sources_1\new\control_unit.vhd:]
WARNING: [filemgmt 56-199] Attempt to get parsing info during refresh. "On-the-fly" syntax checking information may be incorrect. [C:\Users\ferna\OneDrive\Documentos\uergs\trabalhos\computer-organization\first-work\jaguar40\jaguar40.srcs\sources_1\new\pc.vhd:]
WARNING: [filemgmt 56-199] Attempt to get parsing info during refresh. "On-the-fly" syntax checking information may be incorrect. [C:\Users\ferna\OneDrive\Documentos\uergs\trabalhos\computer-organization\first-work\jaguar40\jaguar40.srcs\sources_1\new\jaguar40.vhd:]
WARNING: [filemgmt 56-199] Attempt to get parsing info during refresh. "On-the-fly" syntax checking information may be incorrect. [C:\Users\ferna\OneDrive\Documentos\uergs\trabalhos\computer-organization\first-work\jaguar40\jaguar40.srcs\sources_1\new\register_bank.vhd:]
WARNING: [filemgmt 56-199] Attempt to get parsing info during refresh. "On-the-fly" syntax checking information may be incorrect. [C:\Users\ferna\OneDrive\Documentos\uergs\trabalhos\computer-organization\first-work\jaguar40\jaguar40.srcs\sources_1\new\intermed_register.vhd:]
ERROR: [Common 17-180] Spawn failed: No error
WARNING: [filemgmt 56-199] Attempt to get parsing info during refresh. "On-the-fly" syntax checking information may be incorrect. [C:\Users\ferna\OneDrive\Documentos\uergs\trabalhos\computer-organization\first-work\jaguar40\jaguar40.srcs\sources_1\new\ula.vhd:]
WARNING: [filemgmt 56-199] Attempt to get parsing info during refresh. "On-the-fly" syntax checking information may be incorrect. [C:\Users\ferna\OneDrive\Documentos\uergs\trabalhos\computer-organization\first-work\jaguar40\jaguar40.srcs\sim_1\new\tb_jaguar40.vhd:]
WARNING: [filemgmt 56-199] Attempt to get parsing info during refresh. "On-the-fly" syntax checking information may be incorrect. [C:\Users\ferna\OneDrive\Documentos\uergs\trabalhos\computer-organization\first-work\jaguar40\jaguar40.srcs\sources_1\new\memory.vhd:]
WARNING: [filemgmt 56-199] Attempt to get parsing info during refresh. "On-the-fly" syntax checking information may be incorrect. [C:\Users\ferna\OneDrive\Documentos\uergs\trabalhos\computer-organization\first-work\jaguar40\jaguar40.srcs\sources_1\new\control_unit.vhd:]
WARNING: [filemgmt 56-199] Attempt to get parsing info during refresh. "On-the-fly" syntax checking information may be incorrect. [C:\Users\ferna\OneDrive\Documentos\uergs\trabalhos\computer-organization\first-work\jaguar40\jaguar40.srcs\sources_1\new\pc.vhd:]
WARNING: [filemgmt 56-199] Attempt to get parsing info during refresh. "On-the-fly" syntax checking information may be incorrect. [C:\Users\ferna\OneDrive\Documentos\uergs\trabalhos\computer-organization\first-work\jaguar40\jaguar40.srcs\sources_1\new\jaguar40.vhd:]
WARNING: [filemgmt 56-199] Attempt to get parsing info during refresh. "On-the-fly" syntax checking information may be incorrect. [C:\Users\ferna\OneDrive\Documentos\uergs\trabalhos\computer-organization\first-work\jaguar40\jaguar40.srcs\sources_1\new\register_bank.vhd:]
WARNING: [filemgmt 56-199] Attempt to get parsing info during refresh. "On-the-fly" syntax checking information may be incorrect. [C:\Users\ferna\OneDrive\Documentos\uergs\trabalhos\computer-organization\first-work\jaguar40\jaguar40.srcs\sources_1\new\intermed_register.vhd:]
ERROR: [Common 17-180] Spawn failed: No error
INFO: [Vivado 12-5682] Launching behavioral simulation in 'C:/Users/ferna/OneDrive/Documentos/uergs/trabalhos/computer-organization/first-work/jaguar40/jaguar40.sim/sim_1/behav/xsim'
INFO: [SIM-utils-51] Simulation object is 'sim_1'
INFO: [USF-XSim-2] XSim::Compile design
INFO: [USF-XSim-61] Executing 'COMPILE and ANALYZE' step in 'C:/Users/ferna/OneDrive/Documentos/uergs/trabalhos/computer-organization/first-work/jaguar40/jaguar40.sim/sim_1/behav/xsim'
"xvhdl --incr --relax -prj tb_jaguar40_vhdl.prj"
ECHO est  desativado.
ECHO est  desativado.
INFO: [VRFC 10-163] Analyzing VHDL file "C:/Users/ferna/OneDrive/Documentos/uergs/trabalhos/computer-organization/first-work/jaguar40/jaguar40.srcs/sources_1/new/memory.vhd" into library xil_defaultlib
INFO: [VRFC 10-3107] analyzing entity 'memory'
INFO: [VRFC 10-163] Analyzing VHDL file "C:/Users/ferna/OneDrive/Documentos/uergs/trabalhos/computer-organization/first-work/jaguar40/jaguar40.srcs/sources_1/new/jaguar40.vhd" into library xil_defaultlib
INFO: [VRFC 10-3107] analyzing entity 'jaguar40'
INFO: [VRFC 10-163] Analyzing VHDL file "C:/Users/ferna/OneDrive/Documentos/uergs/trabalhos/computer-organization/first-work/jaguar40/jaguar40.srcs/sim_1/new/tb_jaguar40.vhd" into library xil_defaultlib
INFO: [VRFC 10-3107] analyzing entity 'tb_jaguar40'
INFO: [USF-XSim-69] 'compile' step finished in '2' seconds
ERROR: [Common 17-39] 'launch_simulation' failed due to earlier errors.
ERROR: [Common 17-69] Command failed: ERROR: [Common 17-39] 'launch_simulation' failed due to earlier errors.

close_sim
INFO: [Simtcl 6-16] Simulation closed
launch_simulation
Command: launch_simulation 
INFO: [Vivado 12-12493] Simulation top is 'tb_jaguar40'
WARNING: [Vivado 12-13340] Unable to auto find GCC executables from simulator install path! (path not set)
INFO: [Vivado 12-5682] Launching behavioral simulation in 'C:/Users/ferna/OneDrive/Documentos/uergs/trabalhos/computer-organization/first-work/jaguar40/jaguar40.sim/sim_1/behav/xsim'
INFO: [SIM-utils-51] Simulation object is 'sim_1'
INFO: [SIM-utils-72] Using boost library from 'C:/Xilinx/Vivado/2023.2/tps/boost_1_72_0'
INFO: [SIM-utils-54] Inspecting design source files for 'tb_jaguar40' in fileset 'sim_1'...
INFO: [USF-XSim-97] Finding global include files...
INFO: [USF-XSim-98] Fetching design files from 'sim_1'...
INFO: [USF-XSim-2] XSim::Compile design
INFO: [USF-XSim-61] Executing 'COMPILE and ANALYZE' step in 'C:/Users/ferna/OneDrive/Documentos/uergs/trabalhos/computer-organization/first-work/jaguar40/jaguar40.sim/sim_1/behav/xsim'
"xvhdl --incr --relax -prj tb_jaguar40_vhdl.prj"
ECHO est  desativado.
ECHO est  desativado.
INFO: [VRFC 10-163] Analyzing VHDL file "C:/Users/ferna/OneDrive/Documentos/uergs/trabalhos/computer-organization/first-work/jaguar40/jaguar40.srcs/sim_1/new/tb_jaguar40.vhd" into library xil_defaultlib
INFO: [VRFC 10-3107] analyzing entity 'tb_jaguar40'
INFO: [USF-XSim-69] 'compile' step finished in '2' seconds
INFO: [USF-XSim-3] XSim::Elaborate design
INFO: [USF-XSim-61] Executing 'ELABORATE' step in 'C:/Users/ferna/OneDrive/Documentos/uergs/trabalhos/computer-organization/first-work/jaguar40/jaguar40.sim/sim_1/behav/xsim'
"xelab --incr --debug typical --relax --mt 2 -L xil_defaultlib -L secureip --snapshot tb_jaguar40_behav xil_defaultlib.tb_jaguar40 -log elaborate.log"
ECHO est  desativado.
ECHO est  desativado.
Vivado Simulator v2023.2
Copyright 1986-2022 Xilinx, Inc. All Rights Reserved.
Copyright 2022-2023 Advanced Micro Devices, Inc. All Rights Reserved.
Running: C:/Xilinx/Vivado/2023.2/bin/unwrapped/win64.o/xelab.exe --incr --debug typical --relax --mt 2 -L xil_defaultlib -L secureip --snapshot tb_jaguar40_behav xil_defaultlib.tb_jaguar40 -log elaborate.log 
Using 2 slave threads.
Starting static elaboration
Completed static elaboration
Starting simulation data flow analysis
Completed simulation data flow analysis
Time Resolution for simulation is 1ps
Compiling package std.standard
Compiling package std.textio
Compiling package ieee.std_logic_1164
Compiling package ieee.numeric_std
Compiling package ieee.std_logic_arith
Compiling package ieee.std_logic_unsigned
Compiling architecture behavioral of entity xil_defaultlib.ula [ula_default]
Compiling architecture behavioral of entity xil_defaultlib.register_bank [register_bank_default]
Compiling architecture behavioral of entity xil_defaultlib.pc [pc_default]
Compiling architecture behavioral of entity xil_defaultlib.control_unit [control_unit_default]
Compiling architecture behavioral of entity xil_defaultlib.memory [memory_default]
Compiling architecture behavioral of entity xil_defaultlib.intermed_register [intermed_register_default]
Compiling architecture behavioral of entity xil_defaultlib.jaguar40 [jaguar40_default]
Compiling architecture behavior of entity xil_defaultlib.tb_jaguar40
Built simulation snapshot tb_jaguar40_behav
INFO: [USF-XSim-69] 'elaborate' step finished in '2' seconds
INFO: [USF-XSim-4] XSim::Simulate design
INFO: [USF-XSim-61] Executing 'SIMULATE' step in 'C:/Users/ferna/OneDrive/Documentos/uergs/trabalhos/computer-organization/first-work/jaguar40/jaguar40.sim/sim_1/behav/xsim'
INFO: [USF-XSim-98] *** Running xsim
   with args "tb_jaguar40_behav -key {Behavioral:sim_1:Functional:tb_jaguar40} -tclbatch {tb_jaguar40.tcl} -view {C:/Users/ferna/OneDrive/Documentos/uergs/trabalhos/computer-organization/first-work/jaguar40/tb_jaguar40_behav.wcfg} -log {simulate.log}"
INFO: [USF-XSim-8] Loading simulator feature
Time resolution is 1 ps
open_wave_config C:/Users/ferna/OneDrive/Documentos/uergs/trabalhos/computer-organization/first-work/jaguar40/tb_jaguar40_behav.wcfg
source tb_jaguar40.tcl
# set curr_wave [current_wave_config]
# if { [string length $curr_wave] == 0 } {
#   if { [llength [get_objects]] > 0} {
#     add_wave /
#     set_property needs_save false [current_wave_config]
#   } else {
#      send_msg_id Add_Wave-1 WARNING "No top level signals found. Simulator will start without a wave window. If you want to open a wave window go to 'File->New Waveform Configuration' or type 'create_wave_config' in the TCL console."
#   }
# }
# run 1000ns
INFO: [USF-XSim-96] XSim completed. Design snapshot 'tb_jaguar40_behav' loaded.
INFO: [USF-XSim-97] XSim simulation ran for 1000ns
launch_simulation: Time (s): cpu = 00:00:01 ; elapsed = 00:00:07 . Memory (MB): peak = 2615.324 ; gain = 0.000
relaunch_sim
Command: launch_simulation -step compile -simset sim_1 -mode behavioral
INFO: [Vivado 12-12493] Simulation top is 'tb_jaguar40'
WARNING: [Vivado 12-13340] Unable to auto find GCC executables from simulator install path! (path not set)
INFO: [Vivado 12-5682] Launching behavioral simulation in 'C:/Users/ferna/OneDrive/Documentos/uergs/trabalhos/computer-organization/first-work/jaguar40/jaguar40.sim/sim_1/behav/xsim'
INFO: [SIM-utils-51] Simulation object is 'sim_1'
INFO: [USF-XSim-2] XSim::Compile design
INFO: [USF-XSim-61] Executing 'COMPILE and ANALYZE' step in 'C:/Users/ferna/OneDrive/Documentos/uergs/trabalhos/computer-organization/first-work/jaguar40/jaguar40.sim/sim_1/behav/xsim'
"xvhdl --incr --relax -prj tb_jaguar40_vhdl.prj"
ECHO est  desativado.
ECHO est  desativado.
INFO: [USF-XSim-69] 'compile' step finished in '1' seconds
Command: launch_simulation -step elaborate -simset sim_1 -mode behavioral
INFO: [Vivado 12-12493] Simulation top is 'tb_jaguar40'
WARNING: [Vivado 12-13340] Unable to auto find GCC executables from simulator install path! (path not set)
INFO: [Vivado 12-5682] Launching behavioral simulation in 'C:/Users/ferna/OneDrive/Documentos/uergs/trabalhos/computer-organization/first-work/jaguar40/jaguar40.sim/sim_1/behav/xsim'
INFO: [SIM-utils-51] Simulation object is 'sim_1'
INFO: [USF-XSim-3] XSim::Elaborate design
INFO: [USF-XSim-61] Executing 'ELABORATE' step in 'C:/Users/ferna/OneDrive/Documentos/uergs/trabalhos/computer-organization/first-work/jaguar40/jaguar40.sim/sim_1/behav/xsim'
"xelab --incr --debug typical --relax --mt 2 -L xil_defaultlib -L secureip --snapshot tb_jaguar40_behav xil_defaultlib.tb_jaguar40 -log elaborate.log"
ECHO est  desativado.
ECHO est  desativado.
Vivado Simulator v2023.2
Copyright 1986-2022 Xilinx, Inc. All Rights Reserved.
Copyright 2022-2023 Advanced Micro Devices, Inc. All Rights Reserved.
Running: C:/Xilinx/Vivado/2023.2/bin/unwrapped/win64.o/xelab.exe --incr --debug typical --relax --mt 2 -L xil_defaultlib -L secureip --snapshot tb_jaguar40_behav xil_defaultlib.tb_jaguar40 -log elaborate.log 
Using 2 slave threads.
Starting static elaboration
Completed static elaboration
INFO: [XSIM 43-4323] No Change in HDL. Linking previously generated obj files to create kernel
INFO: [USF-XSim-69] 'elaborate' step finished in '2' seconds
Time resolution is 1 ps
relaunch_sim: Time (s): cpu = 00:00:01 ; elapsed = 00:00:06 . Memory (MB): peak = 2615.324 ; gain = 0.000
relaunch_sim
WARNING: [filemgmt 56-199] Attempt to get parsing info during refresh. "On-the-fly" syntax checking information may be incorrect. [C:\Users\ferna\OneDrive\Documentos\uergs\trabalhos\computer-organization\first-work\jaguar40\jaguar40.srcs\sources_1\new\ula.vhd:]
WARNING: [filemgmt 56-199] Attempt to get parsing info during refresh. "On-the-fly" syntax checking information may be incorrect. [C:\Users\ferna\OneDrive\Documentos\uergs\trabalhos\computer-organization\first-work\jaguar40\jaguar40.srcs\sim_1\new\tb_jaguar40.vhd:]
WARNING: [filemgmt 56-199] Attempt to get parsing info during refresh. "On-the-fly" syntax checking information may be incorrect. [C:\Users\ferna\OneDrive\Documentos\uergs\trabalhos\computer-organization\first-work\jaguar40\jaguar40.srcs\sources_1\new\memory.vhd:]
WARNING: [filemgmt 56-199] Attempt to get parsing info during refresh. "On-the-fly" syntax checking information may be incorrect. [C:\Users\ferna\OneDrive\Documentos\uergs\trabalhos\computer-organization\first-work\jaguar40\jaguar40.srcs\sources_1\new\control_unit.vhd:]
WARNING: [filemgmt 56-199] Attempt to get parsing info during refresh. "On-the-fly" syntax checking information may be incorrect. [C:\Users\ferna\OneDrive\Documentos\uergs\trabalhos\computer-organization\first-work\jaguar40\jaguar40.srcs\sources_1\new\pc.vhd:]
WARNING: [filemgmt 56-199] Attempt to get parsing info during refresh. "On-the-fly" syntax checking information may be incorrect. [C:\Users\ferna\OneDrive\Documentos\uergs\trabalhos\computer-organization\first-work\jaguar40\jaguar40.srcs\sources_1\new\jaguar40.vhd:]
WARNING: [filemgmt 56-199] Attempt to get parsing info during refresh. "On-the-fly" syntax checking information may be incorrect. [C:\Users\ferna\OneDrive\Documentos\uergs\trabalhos\computer-organization\first-work\jaguar40\jaguar40.srcs\sources_1\new\register_bank.vhd:]
WARNING: [filemgmt 56-199] Attempt to get parsing info during refresh. "On-the-fly" syntax checking information may be incorrect. [C:\Users\ferna\OneDrive\Documentos\uergs\trabalhos\computer-organization\first-work\jaguar40\jaguar40.srcs\sources_1\new\intermed_register.vhd:]
Command: launch_simulation -step compile -simset sim_1 -mode behavioral
INFO: [Vivado 12-12493] Simulation top is 'tb_jaguar40'
WARNING: [Vivado 12-13340] Unable to auto find GCC executables from simulator install path! (path not set)
WARNING: [filemgmt 56-199] Attempt to get parsing info during refresh. "On-the-fly" syntax checking information may be incorrect. [C:\Users\ferna\OneDrive\Documentos\uergs\trabalhos\computer-organization\first-work\jaguar40\jaguar40.srcs\sources_1\new\ula.vhd:]
WARNING: [filemgmt 56-199] Attempt to get parsing info during refresh. "On-the-fly" syntax checking information may be incorrect. [C:\Users\ferna\OneDrive\Documentos\uergs\trabalhos\computer-organization\first-work\jaguar40\jaguar40.srcs\sim_1\new\tb_jaguar40.vhd:]
WARNING: [filemgmt 56-199] Attempt to get parsing info during refresh. "On-the-fly" syntax checking information may be incorrect. [C:\Users\ferna\OneDrive\Documentos\uergs\trabalhos\computer-organization\first-work\jaguar40\jaguar40.srcs\sources_1\new\memory.vhd:]
WARNING: [filemgmt 56-199] Attempt to get parsing info during refresh. "On-the-fly" syntax checking information may be incorrect. [C:\Users\ferna\OneDrive\Documentos\uergs\trabalhos\computer-organization\first-work\jaguar40\jaguar40.srcs\sources_1\new\control_unit.vhd:]
WARNING: [filemgmt 56-199] Attempt to get parsing info during refresh. "On-the-fly" syntax checking information may be incorrect. [C:\Users\ferna\OneDrive\Documentos\uergs\trabalhos\computer-organization\first-work\jaguar40\jaguar40.srcs\sources_1\new\pc.vhd:]
WARNING: [filemgmt 56-199] Attempt to get parsing info during refresh. "On-the-fly" syntax checking information may be incorrect. [C:\Users\ferna\OneDrive\Documentos\uergs\trabalhos\computer-organization\first-work\jaguar40\jaguar40.srcs\sources_1\new\jaguar40.vhd:]
WARNING: [filemgmt 56-199] Attempt to get parsing info during refresh. "On-the-fly" syntax checking information may be incorrect. [C:\Users\ferna\OneDrive\Documentos\uergs\trabalhos\computer-organization\first-work\jaguar40\jaguar40.srcs\sources_1\new\register_bank.vhd:]
WARNING: [filemgmt 56-199] Attempt to get parsing info during refresh. "On-the-fly" syntax checking information may be incorrect. [C:\Users\ferna\OneDrive\Documentos\uergs\trabalhos\computer-organization\first-work\jaguar40\jaguar40.srcs\sources_1\new\intermed_register.vhd:]
WARNING: [filemgmt 56-199] Attempt to get parsing info during refresh. "On-the-fly" syntax checking information may be incorrect. [C:\Users\ferna\OneDrive\Documentos\uergs\trabalhos\computer-organization\first-work\jaguar40\jaguar40.srcs\sources_1\new\ula.vhd:]
WARNING: [filemgmt 56-199] Attempt to get parsing info during refresh. "On-the-fly" syntax checking information may be incorrect. [C:\Users\ferna\OneDrive\Documentos\uergs\trabalhos\computer-organization\first-work\jaguar40\jaguar40.srcs\sim_1\new\tb_jaguar40.vhd:]
WARNING: [filemgmt 56-199] Attempt to get parsing info during refresh. "On-the-fly" syntax checking information may be incorrect. [C:\Users\ferna\OneDrive\Documentos\uergs\trabalhos\computer-organization\first-work\jaguar40\jaguar40.srcs\sources_1\new\memory.vhd:]
WARNING: [filemgmt 56-199] Attempt to get parsing info during refresh. "On-the-fly" syntax checking information may be incorrect. [C:\Users\ferna\OneDrive\Documentos\uergs\trabalhos\computer-organization\first-work\jaguar40\jaguar40.srcs\sources_1\new\control_unit.vhd:]
WARNING: [filemgmt 56-199] Attempt to get parsing info during refresh. "On-the-fly" syntax checking information may be incorrect. [C:\Users\ferna\OneDrive\Documentos\uergs\trabalhos\computer-organization\first-work\jaguar40\jaguar40.srcs\sources_1\new\pc.vhd:]
WARNING: [filemgmt 56-199] Attempt to get parsing info during refresh. "On-the-fly" syntax checking information may be incorrect. [C:\Users\ferna\OneDrive\Documentos\uergs\trabalhos\computer-organization\first-work\jaguar40\jaguar40.srcs\sources_1\new\jaguar40.vhd:]
WARNING: [filemgmt 56-199] Attempt to get parsing info during refresh. "On-the-fly" syntax checking information may be incorrect. [C:\Users\ferna\OneDrive\Documentos\uergs\trabalhos\computer-organization\first-work\jaguar40\jaguar40.srcs\sources_1\new\register_bank.vhd:]
WARNING: [filemgmt 56-199] Attempt to get parsing info during refresh. "On-the-fly" syntax checking information may be incorrect. [C:\Users\ferna\OneDrive\Documentos\uergs\trabalhos\computer-organization\first-work\jaguar40\jaguar40.srcs\sources_1\new\intermed_register.vhd:]
WARNING: [filemgmt 56-199] Attempt to get parsing info during refresh. "On-the-fly" syntax checking information may be incorrect. [C:\Users\ferna\OneDrive\Documentos\uergs\trabalhos\computer-organization\first-work\jaguar40\jaguar40.srcs\sources_1\new\ula.vhd:]
WARNING: [filemgmt 56-199] Attempt to get parsing info during refresh. "On-the-fly" syntax checking information may be incorrect. [C:\Users\ferna\OneDrive\Documentos\uergs\trabalhos\computer-organization\first-work\jaguar40\jaguar40.srcs\sim_1\new\tb_jaguar40.vhd:]
WARNING: [filemgmt 56-199] Attempt to get parsing info during refresh. "On-the-fly" syntax checking information may be incorrect. [C:\Users\ferna\OneDrive\Documentos\uergs\trabalhos\computer-organization\first-work\jaguar40\jaguar40.srcs\sources_1\new\memory.vhd:]
WARNING: [filemgmt 56-199] Attempt to get parsing info during refresh. "On-the-fly" syntax checking information may be incorrect. [C:\Users\ferna\OneDrive\Documentos\uergs\trabalhos\computer-organization\first-work\jaguar40\jaguar40.srcs\sources_1\new\control_unit.vhd:]
WARNING: [filemgmt 56-199] Attempt to get parsing info during refresh. "On-the-fly" syntax checking information may be incorrect. [C:\Users\ferna\OneDrive\Documentos\uergs\trabalhos\computer-organization\first-work\jaguar40\jaguar40.srcs\sources_1\new\pc.vhd:]
WARNING: [filemgmt 56-199] Attempt to get parsing info during refresh. "On-the-fly" syntax checking information may be incorrect. [C:\Users\ferna\OneDrive\Documentos\uergs\trabalhos\computer-organization\first-work\jaguar40\jaguar40.srcs\sources_1\new\jaguar40.vhd:]
WARNING: [filemgmt 56-199] Attempt to get parsing info during refresh. "On-the-fly" syntax checking information may be incorrect. [C:\Users\ferna\OneDrive\Documentos\uergs\trabalhos\computer-organization\first-work\jaguar40\jaguar40.srcs\sources_1\new\register_bank.vhd:]
WARNING: [filemgmt 56-199] Attempt to get parsing info during refresh. "On-the-fly" syntax checking information may be incorrect. [C:\Users\ferna\OneDrive\Documentos\uergs\trabalhos\computer-organization\first-work\jaguar40\jaguar40.srcs\sources_1\new\intermed_register.vhd:]
ERROR: [Common 17-180] Spawn failed: No error
WARNING: [filemgmt 56-199] Attempt to get parsing info during refresh. "On-the-fly" syntax checking information may be incorrect. [C:\Users\ferna\OneDrive\Documentos\uergs\trabalhos\computer-organization\first-work\jaguar40\jaguar40.srcs\sources_1\new\ula.vhd:]
WARNING: [filemgmt 56-199] Attempt to get parsing info during refresh. "On-the-fly" syntax checking information may be incorrect. [C:\Users\ferna\OneDrive\Documentos\uergs\trabalhos\computer-organization\first-work\jaguar40\jaguar40.srcs\sim_1\new\tb_jaguar40.vhd:]
WARNING: [filemgmt 56-199] Attempt to get parsing info during refresh. "On-the-fly" syntax checking information may be incorrect. [C:\Users\ferna\OneDrive\Documentos\uergs\trabalhos\computer-organization\first-work\jaguar40\jaguar40.srcs\sources_1\new\memory.vhd:]
WARNING: [filemgmt 56-199] Attempt to get parsing info during refresh. "On-the-fly" syntax checking information may be incorrect. [C:\Users\ferna\OneDrive\Documentos\uergs\trabalhos\computer-organization\first-work\jaguar40\jaguar40.srcs\sources_1\new\control_unit.vhd:]
WARNING: [filemgmt 56-199] Attempt to get parsing info during refresh. "On-the-fly" syntax checking information may be incorrect. [C:\Users\ferna\OneDrive\Documentos\uergs\trabalhos\computer-organization\first-work\jaguar40\jaguar40.srcs\sources_1\new\pc.vhd:]
WARNING: [filemgmt 56-199] Attempt to get parsing info during refresh. "On-the-fly" syntax checking information may be incorrect. [C:\Users\ferna\OneDrive\Documentos\uergs\trabalhos\computer-organization\first-work\jaguar40\jaguar40.srcs\sources_1\new\jaguar40.vhd:]
WARNING: [filemgmt 56-199] Attempt to get parsing info during refresh. "On-the-fly" syntax checking information may be incorrect. [C:\Users\ferna\OneDrive\Documentos\uergs\trabalhos\computer-organization\first-work\jaguar40\jaguar40.srcs\sources_1\new\register_bank.vhd:]
WARNING: [filemgmt 56-199] Attempt to get parsing info during refresh. "On-the-fly" syntax checking information may be incorrect. [C:\Users\ferna\OneDrive\Documentos\uergs\trabalhos\computer-organization\first-work\jaguar40\jaguar40.srcs\sources_1\new\intermed_register.vhd:]
INFO: [Vivado 12-5682] Launching behavioral simulation in 'C:/Users/ferna/OneDrive/Documentos/uergs/trabalhos/computer-organization/first-work/jaguar40/jaguar40.sim/sim_1/behav/xsim'
INFO: [SIM-utils-51] Simulation object is 'sim_1'
INFO: [USF-XSim-2] XSim::Compile design
INFO: [USF-XSim-61] Executing 'COMPILE and ANALYZE' step in 'C:/Users/ferna/OneDrive/Documentos/uergs/trabalhos/computer-organization/first-work/jaguar40/jaguar40.sim/sim_1/behav/xsim'
ERROR: [Common 17-180] Spawn failed: No error
WARNING: [filemgmt 56-199] Attempt to get parsing info during refresh. "On-the-fly" syntax checking information may be incorrect. [C:\Users\ferna\OneDrive\Documentos\uergs\trabalhos\computer-organization\first-work\jaguar40\jaguar40.srcs\sources_1\new\ula.vhd:]
WARNING: [filemgmt 56-199] Attempt to get parsing info during refresh. "On-the-fly" syntax checking information may be incorrect. [C:\Users\ferna\OneDrive\Documentos\uergs\trabalhos\computer-organization\first-work\jaguar40\jaguar40.srcs\sim_1\new\tb_jaguar40.vhd:]
WARNING: [filemgmt 56-199] Attempt to get parsing info during refresh. "On-the-fly" syntax checking information may be incorrect. [C:\Users\ferna\OneDrive\Documentos\uergs\trabalhos\computer-organization\first-work\jaguar40\jaguar40.srcs\sources_1\new\memory.vhd:]
WARNING: [filemgmt 56-199] Attempt to get parsing info during refresh. "On-the-fly" syntax checking information may be incorrect. [C:\Users\ferna\OneDrive\Documentos\uergs\trabalhos\computer-organization\first-work\jaguar40\jaguar40.srcs\sources_1\new\control_unit.vhd:]
WARNING: [filemgmt 56-199] Attempt to get parsing info during refresh. "On-the-fly" syntax checking information may be incorrect. [C:\Users\ferna\OneDrive\Documentos\uergs\trabalhos\computer-organization\first-work\jaguar40\jaguar40.srcs\sources_1\new\pc.vhd:]
WARNING: [filemgmt 56-199] Attempt to get parsing info during refresh. "On-the-fly" syntax checking information may be incorrect. [C:\Users\ferna\OneDrive\Documentos\uergs\trabalhos\computer-organization\first-work\jaguar40\jaguar40.srcs\sources_1\new\jaguar40.vhd:]
WARNING: [filemgmt 56-199] Attempt to get parsing info during refresh. "On-the-fly" syntax checking information may be incorrect. [C:\Users\ferna\OneDrive\Documentos\uergs\trabalhos\computer-organization\first-work\jaguar40\jaguar40.srcs\sources_1\new\register_bank.vhd:]
WARNING: [filemgmt 56-199] Attempt to get parsing info during refresh. "On-the-fly" syntax checking information may be incorrect. [C:\Users\ferna\OneDrive\Documentos\uergs\trabalhos\computer-organization\first-work\jaguar40\jaguar40.srcs\sources_1\new\intermed_register.vhd:]
ERROR: [Common 17-180] Spawn failed: No error
WARNING: [filemgmt 56-199] Attempt to get parsing info during refresh. "On-the-fly" syntax checking information may be incorrect. [C:\Users\ferna\OneDrive\Documentos\uergs\trabalhos\computer-organization\first-work\jaguar40\jaguar40.srcs\sources_1\new\ula.vhd:]
WARNING: [filemgmt 56-199] Attempt to get parsing info during refresh. "On-the-fly" syntax checking information may be incorrect. [C:\Users\ferna\OneDrive\Documentos\uergs\trabalhos\computer-organization\first-work\jaguar40\jaguar40.srcs\sim_1\new\tb_jaguar40.vhd:]
WARNING: [filemgmt 56-199] Attempt to get parsing info during refresh. "On-the-fly" syntax checking information may be incorrect. [C:\Users\ferna\OneDrive\Documentos\uergs\trabalhos\computer-organization\first-work\jaguar40\jaguar40.srcs\sources_1\new\memory.vhd:]
WARNING: [filemgmt 56-199] Attempt to get parsing info during refresh. "On-the-fly" syntax checking information may be incorrect. [C:\Users\ferna\OneDrive\Documentos\uergs\trabalhos\computer-organization\first-work\jaguar40\jaguar40.srcs\sources_1\new\control_unit.vhd:]
WARNING: [filemgmt 56-199] Attempt to get parsing info during refresh. "On-the-fly" syntax checking information may be incorrect. [C:\Users\ferna\OneDrive\Documentos\uergs\trabalhos\computer-organization\first-work\jaguar40\jaguar40.srcs\sources_1\new\pc.vhd:]
WARNING: [filemgmt 56-199] Attempt to get parsing info during refresh. "On-the-fly" syntax checking information may be incorrect. [C:\Users\ferna\OneDrive\Documentos\uergs\trabalhos\computer-organization\first-work\jaguar40\jaguar40.srcs\sources_1\new\jaguar40.vhd:]
WARNING: [filemgmt 56-199] Attempt to get parsing info during refresh. "On-the-fly" syntax checking information may be incorrect. [C:\Users\ferna\OneDrive\Documentos\uergs\trabalhos\computer-organization\first-work\jaguar40\jaguar40.srcs\sources_1\new\register_bank.vhd:]
WARNING: [filemgmt 56-199] Attempt to get parsing info during refresh. "On-the-fly" syntax checking information may be incorrect. [C:\Users\ferna\OneDrive\Documentos\uergs\trabalhos\computer-organization\first-work\jaguar40\jaguar40.srcs\sources_1\new\intermed_register.vhd:]
ERROR: [Common 17-180] Spawn failed: No error
"xvhdl --incr --relax -prj tb_jaguar40_vhdl.prj"
ECHO est  desativado.
ECHO est  desativado.
INFO: [VRFC 10-163] Analyzing VHDL file "C:/Users/ferna/OneDrive/Documentos/uergs/trabalhos/computer-organization/first-work/jaguar40/jaguar40.srcs/sources_1/new/memory.vhd" into library xil_defaultlib
INFO: [VRFC 10-3107] analyzing entity 'memory'
INFO: [VRFC 10-163] Analyzing VHDL file "C:/Users/ferna/OneDrive/Documentos/uergs/trabalhos/computer-organization/first-work/jaguar40/jaguar40.srcs/sources_1/new/jaguar40.vhd" into library xil_defaultlib
INFO: [VRFC 10-3107] analyzing entity 'jaguar40'
INFO: [VRFC 10-163] Analyzing VHDL file "C:/Users/ferna/OneDrive/Documentos/uergs/trabalhos/computer-organization/first-work/jaguar40/jaguar40.srcs/sim_1/new/tb_jaguar40.vhd" into library xil_defaultlib
INFO: [VRFC 10-3107] analyzing entity 'tb_jaguar40'
INFO: [USF-XSim-69] 'compile' step finished in '2' seconds
ERROR: [USF-XSim-62] 'compile' step failed with error(s) while executing 'C:/Users/ferna/OneDrive/Documentos/uergs/trabalhos/computer-organization/first-work/jaguar40/jaguar40.sim/sim_1/behav/xsim/compile.bat' script. Please check that the file has the correct 'read/write/execute' permissions and the Tcl console output for any other possible errors or warnings.
ERROR: [Vivado 12-4473] Detected error while running simulation. Please correct the issue and retry this operation.
ERROR: [Common 17-39] 'launch_simulation' failed due to earlier errors.
ERROR: [Common 17-69] Command failed: ERROR: [Common 17-39] 'launch_simulation' failed due to earlier errors.

save_wave_config {C:/Users/ferna/OneDrive/Documentos/uergs/trabalhos/computer-organization/first-work/jaguar40/tb_jaguar40_behav.wcfg}
close_sim
INFO: [Simtcl 6-16] Simulation closed
WARNING: [filemgmt 56-199] Attempt to get parsing info during refresh. "On-the-fly" syntax checking information may be incorrect. [C:\Users\ferna\OneDrive\Documentos\uergs\trabalhos\computer-organization\first-work\jaguar40\jaguar40.srcs\sources_1\new\ula.vhd:]
WARNING: [filemgmt 56-199] Attempt to get parsing info during refresh. "On-the-fly" syntax checking information may be incorrect. [C:\Users\ferna\OneDrive\Documentos\uergs\trabalhos\computer-organization\first-work\jaguar40\jaguar40.srcs\sim_1\new\tb_jaguar40.vhd:]
WARNING: [filemgmt 56-199] Attempt to get parsing info during refresh. "On-the-fly" syntax checking information may be incorrect. [C:\Users\ferna\OneDrive\Documentos\uergs\trabalhos\computer-organization\first-work\jaguar40\jaguar40.srcs\sources_1\new\memory.vhd:]
WARNING: [filemgmt 56-199] Attempt to get parsing info during refresh. "On-the-fly" syntax checking information may be incorrect. [C:\Users\ferna\OneDrive\Documentos\uergs\trabalhos\computer-organization\first-work\jaguar40\jaguar40.srcs\sources_1\new\control_unit.vhd:]
WARNING: [filemgmt 56-199] Attempt to get parsing info during refresh. "On-the-fly" syntax checking information may be incorrect. [C:\Users\ferna\OneDrive\Documentos\uergs\trabalhos\computer-organization\first-work\jaguar40\jaguar40.srcs\sources_1\new\pc.vhd:]
WARNING: [filemgmt 56-199] Attempt to get parsing info during refresh. "On-the-fly" syntax checking information may be incorrect. [C:\Users\ferna\OneDrive\Documentos\uergs\trabalhos\computer-organization\first-work\jaguar40\jaguar40.srcs\sources_1\new\jaguar40.vhd:]
WARNING: [filemgmt 56-199] Attempt to get parsing info during refresh. "On-the-fly" syntax checking information may be incorrect. [C:\Users\ferna\OneDrive\Documentos\uergs\trabalhos\computer-organization\first-work\jaguar40\jaguar40.srcs\sources_1\new\register_bank.vhd:]
WARNING: [filemgmt 56-199] Attempt to get parsing info during refresh. "On-the-fly" syntax checking information may be incorrect. [C:\Users\ferna\OneDrive\Documentos\uergs\trabalhos\computer-organization\first-work\jaguar40\jaguar40.srcs\sources_1\new\intermed_register.vhd:]
WARNING: [filemgmt 56-199] Attempt to get parsing info during refresh. "On-the-fly" syntax checking information may be incorrect. [C:\Users\ferna\OneDrive\Documentos\uergs\trabalhos\computer-organization\first-work\jaguar40\jaguar40.srcs\sources_1\new\ula.vhd:]
WARNING: [filemgmt 56-199] Attempt to get parsing info during refresh. "On-the-fly" syntax checking information may be incorrect. [C:\Users\ferna\OneDrive\Documentos\uergs\trabalhos\computer-organization\first-work\jaguar40\jaguar40.srcs\sim_1\new\tb_jaguar40.vhd:]
WARNING: [filemgmt 56-199] Attempt to get parsing info during refresh. "On-the-fly" syntax checking information may be incorrect. [C:\Users\ferna\OneDrive\Documentos\uergs\trabalhos\computer-organization\first-work\jaguar40\jaguar40.srcs\sources_1\new\memory.vhd:]
WARNING: [filemgmt 56-199] Attempt to get parsing info during refresh. "On-the-fly" syntax checking information may be incorrect. [C:\Users\ferna\OneDrive\Documentos\uergs\trabalhos\computer-organization\first-work\jaguar40\jaguar40.srcs\sources_1\new\control_unit.vhd:]
WARNING: [filemgmt 56-199] Attempt to get parsing info during refresh. "On-the-fly" syntax checking information may be incorrect. [C:\Users\ferna\OneDrive\Documentos\uergs\trabalhos\computer-organization\first-work\jaguar40\jaguar40.srcs\sources_1\new\pc.vhd:]
WARNING: [filemgmt 56-199] Attempt to get parsing info during refresh. "On-the-fly" syntax checking information may be incorrect. [C:\Users\ferna\OneDrive\Documentos\uergs\trabalhos\computer-organization\first-work\jaguar40\jaguar40.srcs\sources_1\new\jaguar40.vhd:]
WARNING: [filemgmt 56-199] Attempt to get parsing info during refresh. "On-the-fly" syntax checking information may be incorrect. [C:\Users\ferna\OneDrive\Documentos\uergs\trabalhos\computer-organization\first-work\jaguar40\jaguar40.srcs\sources_1\new\register_bank.vhd:]
WARNING: [filemgmt 56-199] Attempt to get parsing info during refresh. "On-the-fly" syntax checking information may be incorrect. [C:\Users\ferna\OneDrive\Documentos\uergs\trabalhos\computer-organization\first-work\jaguar40\jaguar40.srcs\sources_1\new\intermed_register.vhd:]
WARNING: [filemgmt 56-199] Attempt to get parsing info during refresh. "On-the-fly" syntax checking information may be incorrect. [C:\Users\ferna\OneDrive\Documentos\uergs\trabalhos\computer-organization\first-work\jaguar40\jaguar40.srcs\sources_1\new\ula.vhd:]
WARNING: [filemgmt 56-199] Attempt to get parsing info during refresh. "On-the-fly" syntax checking information may be incorrect. [C:\Users\ferna\OneDrive\Documentos\uergs\trabalhos\computer-organization\first-work\jaguar40\jaguar40.srcs\sim_1\new\tb_jaguar40.vhd:]
WARNING: [filemgmt 56-199] Attempt to get parsing info during refresh. "On-the-fly" syntax checking information may be incorrect. [C:\Users\ferna\OneDrive\Documentos\uergs\trabalhos\computer-organization\first-work\jaguar40\jaguar40.srcs\sources_1\new\memory.vhd:]
WARNING: [filemgmt 56-199] Attempt to get parsing info during refresh. "On-the-fly" syntax checking information may be incorrect. [C:\Users\ferna\OneDrive\Documentos\uergs\trabalhos\computer-organization\first-work\jaguar40\jaguar40.srcs\sources_1\new\control_unit.vhd:]
WARNING: [filemgmt 56-199] Attempt to get parsing info during refresh. "On-the-fly" syntax checking information may be incorrect. [C:\Users\ferna\OneDrive\Documentos\uergs\trabalhos\computer-organization\first-work\jaguar40\jaguar40.srcs\sources_1\new\pc.vhd:]
WARNING: [filemgmt 56-199] Attempt to get parsing info during refresh. "On-the-fly" syntax checking information may be incorrect. [C:\Users\ferna\OneDrive\Documentos\uergs\trabalhos\computer-organization\first-work\jaguar40\jaguar40.srcs\sources_1\new\jaguar40.vhd:]
WARNING: [filemgmt 56-199] Attempt to get parsing info during refresh. "On-the-fly" syntax checking information may be incorrect. [C:\Users\ferna\OneDrive\Documentos\uergs\trabalhos\computer-organization\first-work\jaguar40\jaguar40.srcs\sources_1\new\register_bank.vhd:]
WARNING: [filemgmt 56-199] Attempt to get parsing info during refresh. "On-the-fly" syntax checking information may be incorrect. [C:\Users\ferna\OneDrive\Documentos\uergs\trabalhos\computer-organization\first-work\jaguar40\jaguar40.srcs\sources_1\new\intermed_register.vhd:]
WARNING: [filemgmt 56-199] Attempt to get parsing info during refresh. "On-the-fly" syntax checking information may be incorrect. [C:\Users\ferna\OneDrive\Documentos\uergs\trabalhos\computer-organization\first-work\jaguar40\jaguar40.srcs\sources_1\new\ula.vhd:]
WARNING: [filemgmt 56-199] Attempt to get parsing info during refresh. "On-the-fly" syntax checking information may be incorrect. [C:\Users\ferna\OneDrive\Documentos\uergs\trabalhos\computer-organization\first-work\jaguar40\jaguar40.srcs\sim_1\new\tb_jaguar40.vhd:]
WARNING: [filemgmt 56-199] Attempt to get parsing info during refresh. "On-the-fly" syntax checking information may be incorrect. [C:\Users\ferna\OneDrive\Documentos\uergs\trabalhos\computer-organization\first-work\jaguar40\jaguar40.srcs\sources_1\new\memory.vhd:]
WARNING: [filemgmt 56-199] Attempt to get parsing info during refresh. "On-the-fly" syntax checking information may be incorrect. [C:\Users\ferna\OneDrive\Documentos\uergs\trabalhos\computer-organization\first-work\jaguar40\jaguar40.srcs\sources_1\new\control_unit.vhd:]
WARNING: [filemgmt 56-199] Attempt to get parsing info during refresh. "On-the-fly" syntax checking information may be incorrect. [C:\Users\ferna\OneDrive\Documentos\uergs\trabalhos\computer-organization\first-work\jaguar40\jaguar40.srcs\sources_1\new\pc.vhd:]
WARNING: [filemgmt 56-199] Attempt to get parsing info during refresh. "On-the-fly" syntax checking information may be incorrect. [C:\Users\ferna\OneDrive\Documentos\uergs\trabalhos\computer-organization\first-work\jaguar40\jaguar40.srcs\sources_1\new\jaguar40.vhd:]
WARNING: [filemgmt 56-199] Attempt to get parsing info during refresh. "On-the-fly" syntax checking information may be incorrect. [C:\Users\ferna\OneDrive\Documentos\uergs\trabalhos\computer-organization\first-work\jaguar40\jaguar40.srcs\sources_1\new\register_bank.vhd:]
WARNING: [filemgmt 56-199] Attempt to get parsing info during refresh. "On-the-fly" syntax checking information may be incorrect. [C:\Users\ferna\OneDrive\Documentos\uergs\trabalhos\computer-organization\first-work\jaguar40\jaguar40.srcs\sources_1\new\intermed_register.vhd:]
launch_simulation
Command: launch_simulation 
INFO: [Vivado 12-12493] Simulation top is 'tb_jaguar40'
WARNING: [Vivado 12-13340] Unable to auto find GCC executables from simulator install path! (path not set)
INFO: [Vivado 12-5682] Launching behavioral simulation in 'C:/Users/ferna/OneDrive/Documentos/uergs/trabalhos/computer-organization/first-work/jaguar40/jaguar40.sim/sim_1/behav/xsim'
INFO: [SIM-utils-51] Simulation object is 'sim_1'
INFO: [SIM-utils-72] Using boost library from 'C:/Xilinx/Vivado/2023.2/tps/boost_1_72_0'
INFO: [SIM-utils-54] Inspecting design source files for 'tb_jaguar40' in fileset 'sim_1'...
INFO: [USF-XSim-97] Finding global include files...
INFO: [USF-XSim-98] Fetching design files from 'sim_1'...
INFO: [USF-XSim-2] XSim::Compile design
INFO: [USF-XSim-61] Executing 'COMPILE and ANALYZE' step in 'C:/Users/ferna/OneDrive/Documentos/uergs/trabalhos/computer-organization/first-work/jaguar40/jaguar40.sim/sim_1/behav/xsim'
ERROR: [Common 17-180] Spawn failed: No error
WARNING: [filemgmt 56-199] Attempt to get parsing info during refresh. "On-the-fly" syntax checking information may be incorrect. [C:\Users\ferna\OneDrive\Documentos\uergs\trabalhos\computer-organization\first-work\jaguar40\jaguar40.srcs\sources_1\new\ula.vhd:]
WARNING: [filemgmt 56-199] Attempt to get parsing info during refresh. "On-the-fly" syntax checking information may be incorrect. [C:\Users\ferna\OneDrive\Documentos\uergs\trabalhos\computer-organization\first-work\jaguar40\jaguar40.srcs\sim_1\new\tb_jaguar40.vhd:]
WARNING: [filemgmt 56-199] Attempt to get parsing info during refresh. "On-the-fly" syntax checking information may be incorrect. [C:\Users\ferna\OneDrive\Documentos\uergs\trabalhos\computer-organization\first-work\jaguar40\jaguar40.srcs\sources_1\new\memory.vhd:]
WARNING: [filemgmt 56-199] Attempt to get parsing info during refresh. "On-the-fly" syntax checking information may be incorrect. [C:\Users\ferna\OneDrive\Documentos\uergs\trabalhos\computer-organization\first-work\jaguar40\jaguar40.srcs\sources_1\new\control_unit.vhd:]
WARNING: [filemgmt 56-199] Attempt to get parsing info during refresh. "On-the-fly" syntax checking information may be incorrect. [C:\Users\ferna\OneDrive\Documentos\uergs\trabalhos\computer-organization\first-work\jaguar40\jaguar40.srcs\sources_1\new\pc.vhd:]
WARNING: [filemgmt 56-199] Attempt to get parsing info during refresh. "On-the-fly" syntax checking information may be incorrect. [C:\Users\ferna\OneDrive\Documentos\uergs\trabalhos\computer-organization\first-work\jaguar40\jaguar40.srcs\sources_1\new\jaguar40.vhd:]
WARNING: [filemgmt 56-199] Attempt to get parsing info during refresh. "On-the-fly" syntax checking information may be incorrect. [C:\Users\ferna\OneDrive\Documentos\uergs\trabalhos\computer-organization\first-work\jaguar40\jaguar40.srcs\sources_1\new\register_bank.vhd:]
WARNING: [filemgmt 56-199] Attempt to get parsing info during refresh. "On-the-fly" syntax checking information may be incorrect. [C:\Users\ferna\OneDrive\Documentos\uergs\trabalhos\computer-organization\first-work\jaguar40\jaguar40.srcs\sources_1\new\intermed_register.vhd:]
ERROR: [Common 17-180] Spawn failed: No error
WARNING: [filemgmt 56-199] Attempt to get parsing info during refresh. "On-the-fly" syntax checking information may be incorrect. [C:\Users\ferna\OneDrive\Documentos\uergs\trabalhos\computer-organization\first-work\jaguar40\jaguar40.srcs\sources_1\new\ula.vhd:]
WARNING: [filemgmt 56-199] Attempt to get parsing info during refresh. "On-the-fly" syntax checking information may be incorrect. [C:\Users\ferna\OneDrive\Documentos\uergs\trabalhos\computer-organization\first-work\jaguar40\jaguar40.srcs\sim_1\new\tb_jaguar40.vhd:]
WARNING: [filemgmt 56-199] Attempt to get parsing info during refresh. "On-the-fly" syntax checking information may be incorrect. [C:\Users\ferna\OneDrive\Documentos\uergs\trabalhos\computer-organization\first-work\jaguar40\jaguar40.srcs\sources_1\new\memory.vhd:]
WARNING: [filemgmt 56-199] Attempt to get parsing info during refresh. "On-the-fly" syntax checking information may be incorrect. [C:\Users\ferna\OneDrive\Documentos\uergs\trabalhos\computer-organization\first-work\jaguar40\jaguar40.srcs\sources_1\new\control_unit.vhd:]
WARNING: [filemgmt 56-199] Attempt to get parsing info during refresh. "On-the-fly" syntax checking information may be incorrect. [C:\Users\ferna\OneDrive\Documentos\uergs\trabalhos\computer-organization\first-work\jaguar40\jaguar40.srcs\sources_1\new\pc.vhd:]
WARNING: [filemgmt 56-199] Attempt to get parsing info during refresh. "On-the-fly" syntax checking information may be incorrect. [C:\Users\ferna\OneDrive\Documentos\uergs\trabalhos\computer-organization\first-work\jaguar40\jaguar40.srcs\sources_1\new\jaguar40.vhd:]
WARNING: [filemgmt 56-199] Attempt to get parsing info during refresh. "On-the-fly" syntax checking information may be incorrect. [C:\Users\ferna\OneDrive\Documentos\uergs\trabalhos\computer-organization\first-work\jaguar40\jaguar40.srcs\sources_1\new\register_bank.vhd:]
WARNING: [filemgmt 56-199] Attempt to get parsing info during refresh. "On-the-fly" syntax checking information may be incorrect. [C:\Users\ferna\OneDrive\Documentos\uergs\trabalhos\computer-organization\first-work\jaguar40\jaguar40.srcs\sources_1\new\intermed_register.vhd:]
ERROR: [Common 17-180] Spawn failed: No error
WARNING: [filemgmt 56-199] Attempt to get parsing info during refresh. "On-the-fly" syntax checking information may be incorrect. [C:\Users\ferna\OneDrive\Documentos\uergs\trabalhos\computer-organization\first-work\jaguar40\jaguar40.srcs\sources_1\new\ula.vhd:]
WARNING: [filemgmt 56-199] Attempt to get parsing info during refresh. "On-the-fly" syntax checking information may be incorrect. [C:\Users\ferna\OneDrive\Documentos\uergs\trabalhos\computer-organization\first-work\jaguar40\jaguar40.srcs\sim_1\new\tb_jaguar40.vhd:]
WARNING: [filemgmt 56-199] Attempt to get parsing info during refresh. "On-the-fly" syntax checking information may be incorrect. [C:\Users\ferna\OneDrive\Documentos\uergs\trabalhos\computer-organization\first-work\jaguar40\jaguar40.srcs\sources_1\new\memory.vhd:]
ERROR: [Common 17-180] Spawn failed: No error
WARNING: [filemgmt 56-199] Attempt to get parsing info during refresh. "On-the-fly" syntax checking information may be incorrect. [C:\Users\ferna\OneDrive\Documentos\uergs\trabalhos\computer-organization\first-work\jaguar40\jaguar40.srcs\sources_1\new\control_unit.vhd:]
WARNING: [filemgmt 56-199] Attempt to get parsing info during refresh. "On-the-fly" syntax checking information may be incorrect. [C:\Users\ferna\OneDrive\Documentos\uergs\trabalhos\computer-organization\first-work\jaguar40\jaguar40.srcs\sources_1\new\pc.vhd:]
WARNING: [filemgmt 56-199] Attempt to get parsing info during refresh. "On-the-fly" syntax checking information may be incorrect. [C:\Users\ferna\OneDrive\Documentos\uergs\trabalhos\computer-organization\first-work\jaguar40\jaguar40.srcs\sources_1\new\jaguar40.vhd:]
WARNING: [filemgmt 56-199] Attempt to get parsing info during refresh. "On-the-fly" syntax checking information may be incorrect. [C:\Users\ferna\OneDrive\Documentos\uergs\trabalhos\computer-organization\first-work\jaguar40\jaguar40.srcs\sources_1\new\register_bank.vhd:]
WARNING: [filemgmt 56-199] Attempt to get parsing info during refresh. "On-the-fly" syntax checking information may be incorrect. [C:\Users\ferna\OneDrive\Documentos\uergs\trabalhos\computer-organization\first-work\jaguar40\jaguar40.srcs\sources_1\new\intermed_register.vhd:]
"xvhdl --incr --relax -prj tb_jaguar40_vhdl.prj"
ECHO est  desativado.
ECHO est  desativado.
INFO: [USF-XSim-69] 'compile' step finished in '2' seconds
ERROR: [USF-XSim-62] 'compile' step failed with error(s) while executing 'C:/Users/ferna/OneDrive/Documentos/uergs/trabalhos/computer-organization/first-work/jaguar40/jaguar40.sim/sim_1/behav/xsim/compile.bat' script. Please check that the file has the correct 'read/write/execute' permissions and the Tcl console output for any other possible errors or warnings.
ERROR: [Vivado 12-4473] Detected error while running simulation. Please correct the issue and retry this operation.
ERROR: [Common 17-39] 'launch_simulation' failed due to earlier errors.
launch_simulation
Command: launch_simulation 
INFO: [Vivado 12-12493] Simulation top is 'tb_jaguar40'
WARNING: [Vivado 12-13340] Unable to auto find GCC executables from simulator install path! (path not set)
INFO: [Vivado 12-5682] Launching behavioral simulation in 'C:/Users/ferna/OneDrive/Documentos/uergs/trabalhos/computer-organization/first-work/jaguar40/jaguar40.sim/sim_1/behav/xsim'
INFO: [SIM-utils-51] Simulation object is 'sim_1'
INFO: [SIM-utils-72] Using boost library from 'C:/Xilinx/Vivado/2023.2/tps/boost_1_72_0'
INFO: [SIM-utils-54] Inspecting design source files for 'tb_jaguar40' in fileset 'sim_1'...
INFO: [USF-XSim-97] Finding global include files...
INFO: [USF-XSim-98] Fetching design files from 'sim_1'...
INFO: [USF-XSim-2] XSim::Compile design
INFO: [USF-XSim-61] Executing 'COMPILE and ANALYZE' step in 'C:/Users/ferna/OneDrive/Documentos/uergs/trabalhos/computer-organization/first-work/jaguar40/jaguar40.sim/sim_1/behav/xsim'
"xvhdl --incr --relax -prj tb_jaguar40_vhdl.prj"
ECHO est  desativado.
ECHO est  desativado.
INFO: [USF-XSim-69] 'compile' step finished in '2' seconds
INFO: [USF-XSim-3] XSim::Elaborate design
INFO: [USF-XSim-61] Executing 'ELABORATE' step in 'C:/Users/ferna/OneDrive/Documentos/uergs/trabalhos/computer-organization/first-work/jaguar40/jaguar40.sim/sim_1/behav/xsim'
"xelab --incr --debug typical --relax --mt 2 -L xil_defaultlib -L secureip --snapshot tb_jaguar40_behav xil_defaultlib.tb_jaguar40 -log elaborate.log"
ECHO est  desativado.
ECHO est  desativado.
Vivado Simulator v2023.2
Copyright 1986-2022 Xilinx, Inc. All Rights Reserved.
Copyright 2022-2023 Advanced Micro Devices, Inc. All Rights Reserved.
Running: C:/Xilinx/Vivado/2023.2/bin/unwrapped/win64.o/xelab.exe --incr --debug typical --relax --mt 2 -L xil_defaultlib -L secureip --snapshot tb_jaguar40_behav xil_defaultlib.tb_jaguar40 -log elaborate.log 
Using 2 slave threads.
Starting static elaboration
Completed static elaboration
Starting simulation data flow analysis
Completed simulation data flow analysis
Time Resolution for simulation is 1ps
Compiling package std.standard
Compiling package std.textio
Compiling package ieee.std_logic_1164
Compiling package ieee.numeric_std
Compiling package ieee.std_logic_arith
Compiling package ieee.std_logic_unsigned
Compiling architecture behavioral of entity xil_defaultlib.ula [ula_default]
Compiling architecture behavioral of entity xil_defaultlib.register_bank [register_bank_default]
Compiling architecture behavioral of entity xil_defaultlib.pc [pc_default]
Compiling architecture behavioral of entity xil_defaultlib.control_unit [control_unit_default]
Compiling architecture behavioral of entity xil_defaultlib.memory [memory_default]
Compiling architecture behavioral of entity xil_defaultlib.intermed_register [intermed_register_default]
Compiling architecture behavioral of entity xil_defaultlib.jaguar40 [jaguar40_default]
Compiling architecture behavior of entity xil_defaultlib.tb_jaguar40
Built simulation snapshot tb_jaguar40_behav
INFO: [USF-XSim-69] 'elaborate' step finished in '3' seconds
INFO: [USF-XSim-4] XSim::Simulate design
INFO: [USF-XSim-61] Executing 'SIMULATE' step in 'C:/Users/ferna/OneDrive/Documentos/uergs/trabalhos/computer-organization/first-work/jaguar40/jaguar40.sim/sim_1/behav/xsim'
INFO: [USF-XSim-98] *** Running xsim
   with args "tb_jaguar40_behav -key {Behavioral:sim_1:Functional:tb_jaguar40} -tclbatch {tb_jaguar40.tcl} -view {C:/Users/ferna/OneDrive/Documentos/uergs/trabalhos/computer-organization/first-work/jaguar40/tb_jaguar40_behav.wcfg} -log {simulate.log}"
INFO: [USF-XSim-8] Loading simulator feature
Time resolution is 1 ps
open_wave_config C:/Users/ferna/OneDrive/Documentos/uergs/trabalhos/computer-organization/first-work/jaguar40/tb_jaguar40_behav.wcfg
source tb_jaguar40.tcl
# set curr_wave [current_wave_config]
# if { [string length $curr_wave] == 0 } {
#   if { [llength [get_objects]] > 0} {
#     add_wave /
#     set_property needs_save false [current_wave_config]
#   } else {
#      send_msg_id Add_Wave-1 WARNING "No top level signals found. Simulator will start without a wave window. If you want to open a wave window go to 'File->New Waveform Configuration' or type 'create_wave_config' in the TCL console."
#   }
# }
# run 1000ns
INFO: [USF-XSim-96] XSim completed. Design snapshot 'tb_jaguar40_behav' loaded.
INFO: [USF-XSim-97] XSim simulation ran for 1000ns
launch_simulation: Time (s): cpu = 00:00:01 ; elapsed = 00:00:07 . Memory (MB): peak = 2622.574 ; gain = 7.250
WARNING: [filemgmt 56-199] Attempt to get parsing info during refresh. "On-the-fly" syntax checking information may be incorrect. [C:\Users\ferna\OneDrive\Documentos\uergs\trabalhos\computer-organization\first-work\jaguar40\jaguar40.srcs\sources_1\new\ula.vhd:]
WARNING: [filemgmt 56-199] Attempt to get parsing info during refresh. "On-the-fly" syntax checking information may be incorrect. [C:\Users\ferna\OneDrive\Documentos\uergs\trabalhos\computer-organization\first-work\jaguar40\jaguar40.srcs\sim_1\new\tb_jaguar40.vhd:]
WARNING: [filemgmt 56-199] Attempt to get parsing info during refresh. "On-the-fly" syntax checking information may be incorrect. [C:\Users\ferna\OneDrive\Documentos\uergs\trabalhos\computer-organization\first-work\jaguar40\jaguar40.srcs\sources_1\new\memory.vhd:]
WARNING: [filemgmt 56-199] Attempt to get parsing info during refresh. "On-the-fly" syntax checking information may be incorrect. [C:\Users\ferna\OneDrive\Documentos\uergs\trabalhos\computer-organization\first-work\jaguar40\jaguar40.srcs\sources_1\new\control_unit.vhd:]
WARNING: [filemgmt 56-199] Attempt to get parsing info during refresh. "On-the-fly" syntax checking information may be incorrect. [C:\Users\ferna\OneDrive\Documentos\uergs\trabalhos\computer-organization\first-work\jaguar40\jaguar40.srcs\sources_1\new\pc.vhd:]
WARNING: [filemgmt 56-199] Attempt to get parsing info during refresh. "On-the-fly" syntax checking information may be incorrect. [C:\Users\ferna\OneDrive\Documentos\uergs\trabalhos\computer-organization\first-work\jaguar40\jaguar40.srcs\sources_1\new\jaguar40.vhd:]
WARNING: [filemgmt 56-199] Attempt to get parsing info during refresh. "On-the-fly" syntax checking information may be incorrect. [C:\Users\ferna\OneDrive\Documentos\uergs\trabalhos\computer-organization\first-work\jaguar40\jaguar40.srcs\sources_1\new\register_bank.vhd:]
WARNING: [filemgmt 56-199] Attempt to get parsing info during refresh. "On-the-fly" syntax checking information may be incorrect. [C:\Users\ferna\OneDrive\Documentos\uergs\trabalhos\computer-organization\first-work\jaguar40\jaguar40.srcs\sources_1\new\intermed_register.vhd:]
WARNING: [filemgmt 56-199] Attempt to get parsing info during refresh. "On-the-fly" syntax checking information may be incorrect. [C:\Users\ferna\OneDrive\Documentos\uergs\trabalhos\computer-organization\first-work\jaguar40\jaguar40.srcs\sources_1\new\ula.vhd:]
WARNING: [filemgmt 56-199] Attempt to get parsing info during refresh. "On-the-fly" syntax checking information may be incorrect. [C:\Users\ferna\OneDrive\Documentos\uergs\trabalhos\computer-organization\first-work\jaguar40\jaguar40.srcs\sim_1\new\tb_jaguar40.vhd:]
WARNING: [filemgmt 56-199] Attempt to get parsing info during refresh. "On-the-fly" syntax checking information may be incorrect. [C:\Users\ferna\OneDrive\Documentos\uergs\trabalhos\computer-organization\first-work\jaguar40\jaguar40.srcs\sources_1\new\memory.vhd:]
WARNING: [filemgmt 56-199] Attempt to get parsing info during refresh. "On-the-fly" syntax checking information may be incorrect. [C:\Users\ferna\OneDrive\Documentos\uergs\trabalhos\computer-organization\first-work\jaguar40\jaguar40.srcs\sources_1\new\control_unit.vhd:]
WARNING: [filemgmt 56-199] Attempt to get parsing info during refresh. "On-the-fly" syntax checking information may be incorrect. [C:\Users\ferna\OneDrive\Documentos\uergs\trabalhos\computer-organization\first-work\jaguar40\jaguar40.srcs\sources_1\new\pc.vhd:]
WARNING: [filemgmt 56-199] Attempt to get parsing info during refresh. "On-the-fly" syntax checking information may be incorrect. [C:\Users\ferna\OneDrive\Documentos\uergs\trabalhos\computer-organization\first-work\jaguar40\jaguar40.srcs\sources_1\new\jaguar40.vhd:]
WARNING: [filemgmt 56-199] Attempt to get parsing info during refresh. "On-the-fly" syntax checking information may be incorrect. [C:\Users\ferna\OneDrive\Documentos\uergs\trabalhos\computer-organization\first-work\jaguar40\jaguar40.srcs\sources_1\new\register_bank.vhd:]
WARNING: [filemgmt 56-199] Attempt to get parsing info during refresh. "On-the-fly" syntax checking information may be incorrect. [C:\Users\ferna\OneDrive\Documentos\uergs\trabalhos\computer-organization\first-work\jaguar40\jaguar40.srcs\sources_1\new\intermed_register.vhd:]
WARNING: [filemgmt 56-199] Attempt to get parsing info during refresh. "On-the-fly" syntax checking information may be incorrect. [C:\Users\ferna\OneDrive\Documentos\uergs\trabalhos\computer-organization\first-work\jaguar40\jaguar40.srcs\sources_1\new\ula.vhd:]
WARNING: [filemgmt 56-199] Attempt to get parsing info during refresh. "On-the-fly" syntax checking information may be incorrect. [C:\Users\ferna\OneDrive\Documentos\uergs\trabalhos\computer-organization\first-work\jaguar40\jaguar40.srcs\sim_1\new\tb_jaguar40.vhd:]
WARNING: [filemgmt 56-199] Attempt to get parsing info during refresh. "On-the-fly" syntax checking information may be incorrect. [C:\Users\ferna\OneDrive\Documentos\uergs\trabalhos\computer-organization\first-work\jaguar40\jaguar40.srcs\sources_1\new\memory.vhd:]
WARNING: [filemgmt 56-199] Attempt to get parsing info during refresh. "On-the-fly" syntax checking information may be incorrect. [C:\Users\ferna\OneDrive\Documentos\uergs\trabalhos\computer-organization\first-work\jaguar40\jaguar40.srcs\sources_1\new\control_unit.vhd:]
WARNING: [filemgmt 56-199] Attempt to get parsing info during refresh. "On-the-fly" syntax checking information may be incorrect. [C:\Users\ferna\OneDrive\Documentos\uergs\trabalhos\computer-organization\first-work\jaguar40\jaguar40.srcs\sources_1\new\pc.vhd:]
WARNING: [filemgmt 56-199] Attempt to get parsing info during refresh. "On-the-fly" syntax checking information may be incorrect. [C:\Users\ferna\OneDrive\Documentos\uergs\trabalhos\computer-organization\first-work\jaguar40\jaguar40.srcs\sources_1\new\jaguar40.vhd:]
WARNING: [filemgmt 56-199] Attempt to get parsing info during refresh. "On-the-fly" syntax checking information may be incorrect. [C:\Users\ferna\OneDrive\Documentos\uergs\trabalhos\computer-organization\first-work\jaguar40\jaguar40.srcs\sources_1\new\register_bank.vhd:]
WARNING: [filemgmt 56-199] Attempt to get parsing info during refresh. "On-the-fly" syntax checking information may be incorrect. [C:\Users\ferna\OneDrive\Documentos\uergs\trabalhos\computer-organization\first-work\jaguar40\jaguar40.srcs\sources_1\new\intermed_register.vhd:]
WARNING: [filemgmt 56-199] Attempt to get parsing info during refresh. "On-the-fly" syntax checking information may be incorrect. [C:\Users\ferna\OneDrive\Documentos\uergs\trabalhos\computer-organization\first-work\jaguar40\jaguar40.srcs\sources_1\new\ula.vhd:]
WARNING: [filemgmt 56-199] Attempt to get parsing info during refresh. "On-the-fly" syntax checking information may be incorrect. [C:\Users\ferna\OneDrive\Documentos\uergs\trabalhos\computer-organization\first-work\jaguar40\jaguar40.srcs\sim_1\new\tb_jaguar40.vhd:]
WARNING: [filemgmt 56-199] Attempt to get parsing info during refresh. "On-the-fly" syntax checking information may be incorrect. [C:\Users\ferna\OneDrive\Documentos\uergs\trabalhos\computer-organization\first-work\jaguar40\jaguar40.srcs\sources_1\new\memory.vhd:]
WARNING: [filemgmt 56-199] Attempt to get parsing info during refresh. "On-the-fly" syntax checking information may be incorrect. [C:\Users\ferna\OneDrive\Documentos\uergs\trabalhos\computer-organization\first-work\jaguar40\jaguar40.srcs\sources_1\new\control_unit.vhd:]
WARNING: [filemgmt 56-199] Attempt to get parsing info during refresh. "On-the-fly" syntax checking information may be incorrect. [C:\Users\ferna\OneDrive\Documentos\uergs\trabalhos\computer-organization\first-work\jaguar40\jaguar40.srcs\sources_1\new\pc.vhd:]
WARNING: [filemgmt 56-199] Attempt to get parsing info during refresh. "On-the-fly" syntax checking information may be incorrect. [C:\Users\ferna\OneDrive\Documentos\uergs\trabalhos\computer-organization\first-work\jaguar40\jaguar40.srcs\sources_1\new\jaguar40.vhd:]
WARNING: [filemgmt 56-199] Attempt to get parsing info during refresh. "On-the-fly" syntax checking information may be incorrect. [C:\Users\ferna\OneDrive\Documentos\uergs\trabalhos\computer-organization\first-work\jaguar40\jaguar40.srcs\sources_1\new\register_bank.vhd:]
WARNING: [filemgmt 56-199] Attempt to get parsing info during refresh. "On-the-fly" syntax checking information may be incorrect. [C:\Users\ferna\OneDrive\Documentos\uergs\trabalhos\computer-organization\first-work\jaguar40\jaguar40.srcs\sources_1\new\intermed_register.vhd:]
WARNING: [filemgmt 56-199] Attempt to get parsing info during refresh. "On-the-fly" syntax checking information may be incorrect. [C:\Users\ferna\OneDrive\Documentos\uergs\trabalhos\computer-organization\first-work\jaguar40\jaguar40.srcs\sources_1\new\ula.vhd:]
WARNING: [filemgmt 56-199] Attempt to get parsing info during refresh. "On-the-fly" syntax checking information may be incorrect. [C:\Users\ferna\OneDrive\Documentos\uergs\trabalhos\computer-organization\first-work\jaguar40\jaguar40.srcs\sim_1\new\tb_jaguar40.vhd:]
WARNING: [filemgmt 56-199] Attempt to get parsing info during refresh. "On-the-fly" syntax checking information may be incorrect. [C:\Users\ferna\OneDrive\Documentos\uergs\trabalhos\computer-organization\first-work\jaguar40\jaguar40.srcs\sources_1\new\memory.vhd:]
WARNING: [filemgmt 56-199] Attempt to get parsing info during refresh. "On-the-fly" syntax checking information may be incorrect. [C:\Users\ferna\OneDrive\Documentos\uergs\trabalhos\computer-organization\first-work\jaguar40\jaguar40.srcs\sources_1\new\control_unit.vhd:]
WARNING: [filemgmt 56-199] Attempt to get parsing info during refresh. "On-the-fly" syntax checking information may be incorrect. [C:\Users\ferna\OneDrive\Documentos\uergs\trabalhos\computer-organization\first-work\jaguar40\jaguar40.srcs\sources_1\new\pc.vhd:]
WARNING: [filemgmt 56-199] Attempt to get parsing info during refresh. "On-the-fly" syntax checking information may be incorrect. [C:\Users\ferna\OneDrive\Documentos\uergs\trabalhos\computer-organization\first-work\jaguar40\jaguar40.srcs\sources_1\new\jaguar40.vhd:]
WARNING: [filemgmt 56-199] Attempt to get parsing info during refresh. "On-the-fly" syntax checking information may be incorrect. [C:\Users\ferna\OneDrive\Documentos\uergs\trabalhos\computer-organization\first-work\jaguar40\jaguar40.srcs\sources_1\new\register_bank.vhd:]
WARNING: [filemgmt 56-199] Attempt to get parsing info during refresh. "On-the-fly" syntax checking information may be incorrect. [C:\Users\ferna\OneDrive\Documentos\uergs\trabalhos\computer-organization\first-work\jaguar40\jaguar40.srcs\sources_1\new\intermed_register.vhd:]
ERROR: [Common 17-180] Spawn failed: No error
ERROR: [Common 17-180] Spawn failed: No error
WARNING: [filemgmt 56-199] Attempt to get parsing info during refresh. "On-the-fly" syntax checking information may be incorrect. [C:\Users\ferna\OneDrive\Documentos\uergs\trabalhos\computer-organization\first-work\jaguar40\jaguar40.srcs\sources_1\new\ula.vhd:]
WARNING: [filemgmt 56-199] Attempt to get parsing info during refresh. "On-the-fly" syntax checking information may be incorrect. [C:\Users\ferna\OneDrive\Documentos\uergs\trabalhos\computer-organization\first-work\jaguar40\jaguar40.srcs\sim_1\new\tb_jaguar40.vhd:]
WARNING: [filemgmt 56-199] Attempt to get parsing info during refresh. "On-the-fly" syntax checking information may be incorrect. [C:\Users\ferna\OneDrive\Documentos\uergs\trabalhos\computer-organization\first-work\jaguar40\jaguar40.srcs\sources_1\new\memory.vhd:]
WARNING: [filemgmt 56-199] Attempt to get parsing info during refresh. "On-the-fly" syntax checking information may be incorrect. [C:\Users\ferna\OneDrive\Documentos\uergs\trabalhos\computer-organization\first-work\jaguar40\jaguar40.srcs\sources_1\new\control_unit.vhd:]
INFO: [Common 17-14] Message 'filemgmt 56-199' appears 100 times and further instances of the messages will be disabled. Use the Tcl command set_msg_config to change the current settings.
ERROR: [Common 17-180] Spawn failed: No error
close_sim
INFO: [Simtcl 6-16] Simulation closed
launch_simulation
Command: launch_simulation 
INFO: [Vivado 12-12493] Simulation top is 'tb_jaguar40'
WARNING: [Vivado 12-13340] Unable to auto find GCC executables from simulator install path! (path not set)
INFO: [Vivado 12-5682] Launching behavioral simulation in 'C:/Users/ferna/OneDrive/Documentos/uergs/trabalhos/computer-organization/first-work/jaguar40/jaguar40.sim/sim_1/behav/xsim'
INFO: [SIM-utils-51] Simulation object is 'sim_1'
INFO: [SIM-utils-72] Using boost library from 'C:/Xilinx/Vivado/2023.2/tps/boost_1_72_0'
INFO: [SIM-utils-54] Inspecting design source files for 'tb_jaguar40' in fileset 'sim_1'...
INFO: [USF-XSim-97] Finding global include files...
INFO: [USF-XSim-98] Fetching design files from 'sim_1'...
INFO: [USF-XSim-2] XSim::Compile design
INFO: [USF-XSim-61] Executing 'COMPILE and ANALYZE' step in 'C:/Users/ferna/OneDrive/Documentos/uergs/trabalhos/computer-organization/first-work/jaguar40/jaguar40.sim/sim_1/behav/xsim'
"xvhdl --incr --relax -prj tb_jaguar40_vhdl.prj"
ECHO est  desativado.
ECHO est  desativado.
INFO: [VRFC 10-163] Analyzing VHDL file "C:/Users/ferna/OneDrive/Documentos/uergs/trabalhos/computer-organization/first-work/jaguar40/jaguar40.srcs/sources_1/new/memory.vhd" into library xil_defaultlib
INFO: [VRFC 10-3107] analyzing entity 'memory'
INFO: [VRFC 10-163] Analyzing VHDL file "C:/Users/ferna/OneDrive/Documentos/uergs/trabalhos/computer-organization/first-work/jaguar40/jaguar40.srcs/sources_1/new/jaguar40.vhd" into library xil_defaultlib
INFO: [VRFC 10-3107] analyzing entity 'jaguar40'
INFO: [VRFC 10-163] Analyzing VHDL file "C:/Users/ferna/OneDrive/Documentos/uergs/trabalhos/computer-organization/first-work/jaguar40/jaguar40.srcs/sim_1/new/tb_jaguar40.vhd" into library xil_defaultlib
INFO: [VRFC 10-3107] analyzing entity 'tb_jaguar40'
INFO: [USF-XSim-69] 'compile' step finished in '2' seconds
INFO: [USF-XSim-3] XSim::Elaborate design
INFO: [USF-XSim-61] Executing 'ELABORATE' step in 'C:/Users/ferna/OneDrive/Documentos/uergs/trabalhos/computer-organization/first-work/jaguar40/jaguar40.sim/sim_1/behav/xsim'
"xelab --incr --debug typical --relax --mt 2 -L xil_defaultlib -L secureip --snapshot tb_jaguar40_behav xil_defaultlib.tb_jaguar40 -log elaborate.log"
ECHO est  desativado.
ECHO est  desativado.
Vivado Simulator v2023.2
Copyright 1986-2022 Xilinx, Inc. All Rights Reserved.
Copyright 2022-2023 Advanced Micro Devices, Inc. All Rights Reserved.
Running: C:/Xilinx/Vivado/2023.2/bin/unwrapped/win64.o/xelab.exe --incr --debug typical --relax --mt 2 -L xil_defaultlib -L secureip --snapshot tb_jaguar40_behav xil_defaultlib.tb_jaguar40 -log elaborate.log 
Using 2 slave threads.
Starting static elaboration
Completed static elaboration
Starting simulation data flow analysis
Completed simulation data flow analysis
Time Resolution for simulation is 1ps
Compiling package std.standard
Compiling package std.textio
Compiling package ieee.std_logic_1164
Compiling package ieee.numeric_std
Compiling package ieee.std_logic_arith
Compiling package ieee.std_logic_unsigned
Compiling architecture behavioral of entity xil_defaultlib.ula [ula_default]
Compiling architecture behavioral of entity xil_defaultlib.register_bank [register_bank_default]
Compiling architecture behavioral of entity xil_defaultlib.pc [pc_default]
Compiling architecture behavioral of entity xil_defaultlib.control_unit [control_unit_default]
Compiling architecture behavioral of entity xil_defaultlib.memory [memory_default]
Compiling architecture behavioral of entity xil_defaultlib.intermed_register [intermed_register_default]
Compiling architecture behavioral of entity xil_defaultlib.jaguar40 [jaguar40_default]
Compiling architecture behavior of entity xil_defaultlib.tb_jaguar40
Built simulation snapshot tb_jaguar40_behav
INFO: [USF-XSim-69] 'elaborate' step finished in '4' seconds
INFO: [USF-XSim-4] XSim::Simulate design
INFO: [USF-XSim-61] Executing 'SIMULATE' step in 'C:/Users/ferna/OneDrive/Documentos/uergs/trabalhos/computer-organization/first-work/jaguar40/jaguar40.sim/sim_1/behav/xsim'
INFO: [USF-XSim-98] *** Running xsim
   with args "tb_jaguar40_behav -key {Behavioral:sim_1:Functional:tb_jaguar40} -tclbatch {tb_jaguar40.tcl} -view {C:/Users/ferna/OneDrive/Documentos/uergs/trabalhos/computer-organization/first-work/jaguar40/tb_jaguar40_behav.wcfg} -log {simulate.log}"
INFO: [USF-XSim-8] Loading simulator feature
Time resolution is 1 ps
open_wave_config C:/Users/ferna/OneDrive/Documentos/uergs/trabalhos/computer-organization/first-work/jaguar40/tb_jaguar40_behav.wcfg
source tb_jaguar40.tcl
# set curr_wave [current_wave_config]
# if { [string length $curr_wave] == 0 } {
#   if { [llength [get_objects]] > 0} {
#     add_wave /
#     set_property needs_save false [current_wave_config]
#   } else {
#      send_msg_id Add_Wave-1 WARNING "No top level signals found. Simulator will start without a wave window. If you want to open a wave window go to 'File->New Waveform Configuration' or type 'create_wave_config' in the TCL console."
#   }
# }
# run 1000ns
INFO: [USF-XSim-96] XSim completed. Design snapshot 'tb_jaguar40_behav' loaded.
INFO: [USF-XSim-97] XSim simulation ran for 1000ns
launch_simulation: Time (s): cpu = 00:00:01 ; elapsed = 00:00:09 . Memory (MB): peak = 2622.574 ; gain = 0.000
WARNING: [filemgmt 56-199] Attempt to get parsing info during refresh. "On-the-fly" syntax checking information may be incorrect. [C:\Users\ferna\OneDrive\Documentos\uergs\trabalhos\computer-organization\first-work\jaguar40\jaguar40.srcs\sources_1\new\ula.vhd:]
WARNING: [filemgmt 56-199] Attempt to get parsing info during refresh. "On-the-fly" syntax checking information may be incorrect. [C:\Users\ferna\OneDrive\Documentos\uergs\trabalhos\computer-organization\first-work\jaguar40\jaguar40.srcs\sim_1\new\tb_jaguar40.vhd:]
WARNING: [filemgmt 56-199] Attempt to get parsing info during refresh. "On-the-fly" syntax checking information may be incorrect. [C:\Users\ferna\OneDrive\Documentos\uergs\trabalhos\computer-organization\first-work\jaguar40\jaguar40.srcs\sources_1\new\memory.vhd:]
WARNING: [filemgmt 56-199] Attempt to get parsing info during refresh. "On-the-fly" syntax checking information may be incorrect. [C:\Users\ferna\OneDrive\Documentos\uergs\trabalhos\computer-organization\first-work\jaguar40\jaguar40.srcs\sources_1\new\control_unit.vhd:]
WARNING: [filemgmt 56-199] Attempt to get parsing info during refresh. "On-the-fly" syntax checking information may be incorrect. [C:\Users\ferna\OneDrive\Documentos\uergs\trabalhos\computer-organization\first-work\jaguar40\jaguar40.srcs\sources_1\new\pc.vhd:]
WARNING: [filemgmt 56-199] Attempt to get parsing info during refresh. "On-the-fly" syntax checking information may be incorrect. [C:\Users\ferna\OneDrive\Documentos\uergs\trabalhos\computer-organization\first-work\jaguar40\jaguar40.srcs\sources_1\new\jaguar40.vhd:]
WARNING: [filemgmt 56-199] Attempt to get parsing info during refresh. "On-the-fly" syntax checking information may be incorrect. [C:\Users\ferna\OneDrive\Documentos\uergs\trabalhos\computer-organization\first-work\jaguar40\jaguar40.srcs\sources_1\new\register_bank.vhd:]
WARNING: [filemgmt 56-199] Attempt to get parsing info during refresh. "On-the-fly" syntax checking information may be incorrect. [C:\Users\ferna\OneDrive\Documentos\uergs\trabalhos\computer-organization\first-work\jaguar40\jaguar40.srcs\sources_1\new\intermed_register.vhd:]
WARNING: [filemgmt 56-199] Attempt to get parsing info during refresh. "On-the-fly" syntax checking information may be incorrect. [C:\Users\ferna\OneDrive\Documentos\uergs\trabalhos\computer-organization\first-work\jaguar40\jaguar40.srcs\sources_1\new\ula.vhd:]
WARNING: [filemgmt 56-199] Attempt to get parsing info during refresh. "On-the-fly" syntax checking information may be incorrect. [C:\Users\ferna\OneDrive\Documentos\uergs\trabalhos\computer-organization\first-work\jaguar40\jaguar40.srcs\sim_1\new\tb_jaguar40.vhd:]
WARNING: [filemgmt 56-199] Attempt to get parsing info during refresh. "On-the-fly" syntax checking information may be incorrect. [C:\Users\ferna\OneDrive\Documentos\uergs\trabalhos\computer-organization\first-work\jaguar40\jaguar40.srcs\sources_1\new\memory.vhd:]
WARNING: [filemgmt 56-199] Attempt to get parsing info during refresh. "On-the-fly" syntax checking information may be incorrect. [C:\Users\ferna\OneDrive\Documentos\uergs\trabalhos\computer-organization\first-work\jaguar40\jaguar40.srcs\sources_1\new\control_unit.vhd:]
WARNING: [filemgmt 56-199] Attempt to get parsing info during refresh. "On-the-fly" syntax checking information may be incorrect. [C:\Users\ferna\OneDrive\Documentos\uergs\trabalhos\computer-organization\first-work\jaguar40\jaguar40.srcs\sources_1\new\pc.vhd:]
WARNING: [filemgmt 56-199] Attempt to get parsing info during refresh. "On-the-fly" syntax checking information may be incorrect. [C:\Users\ferna\OneDrive\Documentos\uergs\trabalhos\computer-organization\first-work\jaguar40\jaguar40.srcs\sources_1\new\jaguar40.vhd:]
WARNING: [filemgmt 56-199] Attempt to get parsing info during refresh. "On-the-fly" syntax checking information may be incorrect. [C:\Users\ferna\OneDrive\Documentos\uergs\trabalhos\computer-organization\first-work\jaguar40\jaguar40.srcs\sources_1\new\register_bank.vhd:]
WARNING: [filemgmt 56-199] Attempt to get parsing info during refresh. "On-the-fly" syntax checking information may be incorrect. [C:\Users\ferna\OneDrive\Documentos\uergs\trabalhos\computer-organization\first-work\jaguar40\jaguar40.srcs\sources_1\new\intermed_register.vhd:]
WARNING: [filemgmt 56-199] Attempt to get parsing info during refresh. "On-the-fly" syntax checking information may be incorrect. [C:\Users\ferna\OneDrive\Documentos\uergs\trabalhos\computer-organization\first-work\jaguar40\jaguar40.srcs\sources_1\new\ula.vhd:]
WARNING: [filemgmt 56-199] Attempt to get parsing info during refresh. "On-the-fly" syntax checking information may be incorrect. [C:\Users\ferna\OneDrive\Documentos\uergs\trabalhos\computer-organization\first-work\jaguar40\jaguar40.srcs\sim_1\new\tb_jaguar40.vhd:]
WARNING: [filemgmt 56-199] Attempt to get parsing info during refresh. "On-the-fly" syntax checking information may be incorrect. [C:\Users\ferna\OneDrive\Documentos\uergs\trabalhos\computer-organization\first-work\jaguar40\jaguar40.srcs\sources_1\new\memory.vhd:]
WARNING: [filemgmt 56-199] Attempt to get parsing info during refresh. "On-the-fly" syntax checking information may be incorrect. [C:\Users\ferna\OneDrive\Documentos\uergs\trabalhos\computer-organization\first-work\jaguar40\jaguar40.srcs\sources_1\new\control_unit.vhd:]
WARNING: [filemgmt 56-199] Attempt to get parsing info during refresh. "On-the-fly" syntax checking information may be incorrect. [C:\Users\ferna\OneDrive\Documentos\uergs\trabalhos\computer-organization\first-work\jaguar40\jaguar40.srcs\sources_1\new\pc.vhd:]
WARNING: [filemgmt 56-199] Attempt to get parsing info during refresh. "On-the-fly" syntax checking information may be incorrect. [C:\Users\ferna\OneDrive\Documentos\uergs\trabalhos\computer-organization\first-work\jaguar40\jaguar40.srcs\sources_1\new\jaguar40.vhd:]
WARNING: [filemgmt 56-199] Attempt to get parsing info during refresh. "On-the-fly" syntax checking information may be incorrect. [C:\Users\ferna\OneDrive\Documentos\uergs\trabalhos\computer-organization\first-work\jaguar40\jaguar40.srcs\sources_1\new\register_bank.vhd:]
WARNING: [filemgmt 56-199] Attempt to get parsing info during refresh. "On-the-fly" syntax checking information may be incorrect. [C:\Users\ferna\OneDrive\Documentos\uergs\trabalhos\computer-organization\first-work\jaguar40\jaguar40.srcs\sources_1\new\intermed_register.vhd:]
WARNING: [filemgmt 56-199] Attempt to get parsing info during refresh. "On-the-fly" syntax checking information may be incorrect. [C:\Users\ferna\OneDrive\Documentos\uergs\trabalhos\computer-organization\first-work\jaguar40\jaguar40.srcs\sources_1\new\ula.vhd:]
WARNING: [filemgmt 56-199] Attempt to get parsing info during refresh. "On-the-fly" syntax checking information may be incorrect. [C:\Users\ferna\OneDrive\Documentos\uergs\trabalhos\computer-organization\first-work\jaguar40\jaguar40.srcs\sim_1\new\tb_jaguar40.vhd:]
WARNING: [filemgmt 56-199] Attempt to get parsing info during refresh. "On-the-fly" syntax checking information may be incorrect. [C:\Users\ferna\OneDrive\Documentos\uergs\trabalhos\computer-organization\first-work\jaguar40\jaguar40.srcs\sources_1\new\memory.vhd:]
WARNING: [filemgmt 56-199] Attempt to get parsing info during refresh. "On-the-fly" syntax checking information may be incorrect. [C:\Users\ferna\OneDrive\Documentos\uergs\trabalhos\computer-organization\first-work\jaguar40\jaguar40.srcs\sources_1\new\control_unit.vhd:]
WARNING: [filemgmt 56-199] Attempt to get parsing info during refresh. "On-the-fly" syntax checking information may be incorrect. [C:\Users\ferna\OneDrive\Documentos\uergs\trabalhos\computer-organization\first-work\jaguar40\jaguar40.srcs\sources_1\new\pc.vhd:]
WARNING: [filemgmt 56-199] Attempt to get parsing info during refresh. "On-the-fly" syntax checking information may be incorrect. [C:\Users\ferna\OneDrive\Documentos\uergs\trabalhos\computer-organization\first-work\jaguar40\jaguar40.srcs\sources_1\new\jaguar40.vhd:]
WARNING: [filemgmt 56-199] Attempt to get parsing info during refresh. "On-the-fly" syntax checking information may be incorrect. [C:\Users\ferna\OneDrive\Documentos\uergs\trabalhos\computer-organization\first-work\jaguar40\jaguar40.srcs\sources_1\new\register_bank.vhd:]
WARNING: [filemgmt 56-199] Attempt to get parsing info during refresh. "On-the-fly" syntax checking information may be incorrect. [C:\Users\ferna\OneDrive\Documentos\uergs\trabalhos\computer-organization\first-work\jaguar40\jaguar40.srcs\sources_1\new\intermed_register.vhd:]
ERROR: [Common 17-180] Spawn failed: No error
WARNING: [filemgmt 56-199] Attempt to get parsing info during refresh. "On-the-fly" syntax checking information may be incorrect. [C:\Users\ferna\OneDrive\Documentos\uergs\trabalhos\computer-organization\first-work\jaguar40\jaguar40.srcs\sources_1\new\ula.vhd:]
WARNING: [filemgmt 56-199] Attempt to get parsing info during refresh. "On-the-fly" syntax checking information may be incorrect. [C:\Users\ferna\OneDrive\Documentos\uergs\trabalhos\computer-organization\first-work\jaguar40\jaguar40.srcs\sim_1\new\tb_jaguar40.vhd:]
WARNING: [filemgmt 56-199] Attempt to get parsing info during refresh. "On-the-fly" syntax checking information may be incorrect. [C:\Users\ferna\OneDrive\Documentos\uergs\trabalhos\computer-organization\first-work\jaguar40\jaguar40.srcs\sources_1\new\memory.vhd:]
WARNING: [filemgmt 56-199] Attempt to get parsing info during refresh. "On-the-fly" syntax checking information may be incorrect. [C:\Users\ferna\OneDrive\Documentos\uergs\trabalhos\computer-organization\first-work\jaguar40\jaguar40.srcs\sources_1\new\control_unit.vhd:]
WARNING: [filemgmt 56-199] Attempt to get parsing info during refresh. "On-the-fly" syntax checking information may be incorrect. [C:\Users\ferna\OneDrive\Documentos\uergs\trabalhos\computer-organization\first-work\jaguar40\jaguar40.srcs\sources_1\new\pc.vhd:]
WARNING: [filemgmt 56-199] Attempt to get parsing info during refresh. "On-the-fly" syntax checking information may be incorrect. [C:\Users\ferna\OneDrive\Documentos\uergs\trabalhos\computer-organization\first-work\jaguar40\jaguar40.srcs\sources_1\new\jaguar40.vhd:]
WARNING: [filemgmt 56-199] Attempt to get parsing info during refresh. "On-the-fly" syntax checking information may be incorrect. [C:\Users\ferna\OneDrive\Documentos\uergs\trabalhos\computer-organization\first-work\jaguar40\jaguar40.srcs\sources_1\new\register_bank.vhd:]
WARNING: [filemgmt 56-199] Attempt to get parsing info during refresh. "On-the-fly" syntax checking information may be incorrect. [C:\Users\ferna\OneDrive\Documentos\uergs\trabalhos\computer-organization\first-work\jaguar40\jaguar40.srcs\sources_1\new\intermed_register.vhd:]
ERROR: [Common 17-180] Spawn failed: No error
WARNING: [filemgmt 56-199] Attempt to get parsing info during refresh. "On-the-fly" syntax checking information may be incorrect. [C:\Users\ferna\OneDrive\Documentos\uergs\trabalhos\computer-organization\first-work\jaguar40\jaguar40.srcs\sources_1\new\ula.vhd:]
WARNING: [filemgmt 56-199] Attempt to get parsing info during refresh. "On-the-fly" syntax checking information may be incorrect. [C:\Users\ferna\OneDrive\Documentos\uergs\trabalhos\computer-organization\first-work\jaguar40\jaguar40.srcs\sim_1\new\tb_jaguar40.vhd:]
WARNING: [filemgmt 56-199] Attempt to get parsing info during refresh. "On-the-fly" syntax checking information may be incorrect. [C:\Users\ferna\OneDrive\Documentos\uergs\trabalhos\computer-organization\first-work\jaguar40\jaguar40.srcs\sources_1\new\memory.vhd:]
WARNING: [filemgmt 56-199] Attempt to get parsing info during refresh. "On-the-fly" syntax checking information may be incorrect. [C:\Users\ferna\OneDrive\Documentos\uergs\trabalhos\computer-organization\first-work\jaguar40\jaguar40.srcs\sources_1\new\control_unit.vhd:]
WARNING: [filemgmt 56-199] Attempt to get parsing info during refresh. "On-the-fly" syntax checking information may be incorrect. [C:\Users\ferna\OneDrive\Documentos\uergs\trabalhos\computer-organization\first-work\jaguar40\jaguar40.srcs\sources_1\new\pc.vhd:]
WARNING: [filemgmt 56-199] Attempt to get parsing info during refresh. "On-the-fly" syntax checking information may be incorrect. [C:\Users\ferna\OneDrive\Documentos\uergs\trabalhos\computer-organization\first-work\jaguar40\jaguar40.srcs\sources_1\new\jaguar40.vhd:]
WARNING: [filemgmt 56-199] Attempt to get parsing info during refresh. "On-the-fly" syntax checking information may be incorrect. [C:\Users\ferna\OneDrive\Documentos\uergs\trabalhos\computer-organization\first-work\jaguar40\jaguar40.srcs\sources_1\new\register_bank.vhd:]
WARNING: [filemgmt 56-199] Attempt to get parsing info during refresh. "On-the-fly" syntax checking information may be incorrect. [C:\Users\ferna\OneDrive\Documentos\uergs\trabalhos\computer-organization\first-work\jaguar40\jaguar40.srcs\sources_1\new\intermed_register.vhd:]
ERROR: [Common 17-180] Spawn failed: No error
WARNING: [filemgmt 56-199] Attempt to get parsing info during refresh. "On-the-fly" syntax checking information may be incorrect. [C:\Users\ferna\OneDrive\Documentos\uergs\trabalhos\computer-organization\first-work\jaguar40\jaguar40.srcs\sources_1\new\ula.vhd:]
WARNING: [filemgmt 56-199] Attempt to get parsing info during refresh. "On-the-fly" syntax checking information may be incorrect. [C:\Users\ferna\OneDrive\Documentos\uergs\trabalhos\computer-organization\first-work\jaguar40\jaguar40.srcs\sim_1\new\tb_jaguar40.vhd:]
WARNING: [filemgmt 56-199] Attempt to get parsing info during refresh. "On-the-fly" syntax checking information may be incorrect. [C:\Users\ferna\OneDrive\Documentos\uergs\trabalhos\computer-organization\first-work\jaguar40\jaguar40.srcs\sources_1\new\memory.vhd:]
WARNING: [filemgmt 56-199] Attempt to get parsing info during refresh. "On-the-fly" syntax checking information may be incorrect. [C:\Users\ferna\OneDrive\Documentos\uergs\trabalhos\computer-organization\first-work\jaguar40\jaguar40.srcs\sources_1\new\control_unit.vhd:]
WARNING: [filemgmt 56-199] Attempt to get parsing info during refresh. "On-the-fly" syntax checking information may be incorrect. [C:\Users\ferna\OneDrive\Documentos\uergs\trabalhos\computer-organization\first-work\jaguar40\jaguar40.srcs\sources_1\new\pc.vhd:]
WARNING: [filemgmt 56-199] Attempt to get parsing info during refresh. "On-the-fly" syntax checking information may be incorrect. [C:\Users\ferna\OneDrive\Documentos\uergs\trabalhos\computer-organization\first-work\jaguar40\jaguar40.srcs\sources_1\new\jaguar40.vhd:]
WARNING: [filemgmt 56-199] Attempt to get parsing info during refresh. "On-the-fly" syntax checking information may be incorrect. [C:\Users\ferna\OneDrive\Documentos\uergs\trabalhos\computer-organization\first-work\jaguar40\jaguar40.srcs\sources_1\new\register_bank.vhd:]
WARNING: [filemgmt 56-199] Attempt to get parsing info during refresh. "On-the-fly" syntax checking information may be incorrect. [C:\Users\ferna\OneDrive\Documentos\uergs\trabalhos\computer-organization\first-work\jaguar40\jaguar40.srcs\sources_1\new\intermed_register.vhd:]
ERROR: [Common 17-180] Spawn failed: No error
WARNING: [filemgmt 56-199] Attempt to get parsing info during refresh. "On-the-fly" syntax checking information may be incorrect. [C:\Users\ferna\OneDrive\Documentos\uergs\trabalhos\computer-organization\first-work\jaguar40\jaguar40.srcs\sources_1\new\ula.vhd:]
WARNING: [filemgmt 56-199] Attempt to get parsing info during refresh. "On-the-fly" syntax checking information may be incorrect. [C:\Users\ferna\OneDrive\Documentos\uergs\trabalhos\computer-organization\first-work\jaguar40\jaguar40.srcs\sim_1\new\tb_jaguar40.vhd:]
WARNING: [filemgmt 56-199] Attempt to get parsing info during refresh. "On-the-fly" syntax checking information may be incorrect. [C:\Users\ferna\OneDrive\Documentos\uergs\trabalhos\computer-organization\first-work\jaguar40\jaguar40.srcs\sources_1\new\memory.vhd:]
WARNING: [filemgmt 56-199] Attempt to get parsing info during refresh. "On-the-fly" syntax checking information may be incorrect. [C:\Users\ferna\OneDrive\Documentos\uergs\trabalhos\computer-organization\first-work\jaguar40\jaguar40.srcs\sources_1\new\control_unit.vhd:]
WARNING: [filemgmt 56-199] Attempt to get parsing info during refresh. "On-the-fly" syntax checking information may be incorrect. [C:\Users\ferna\OneDrive\Documentos\uergs\trabalhos\computer-organization\first-work\jaguar40\jaguar40.srcs\sources_1\new\pc.vhd:]
WARNING: [filemgmt 56-199] Attempt to get parsing info during refresh. "On-the-fly" syntax checking information may be incorrect. [C:\Users\ferna\OneDrive\Documentos\uergs\trabalhos\computer-organization\first-work\jaguar40\jaguar40.srcs\sources_1\new\jaguar40.vhd:]
WARNING: [filemgmt 56-199] Attempt to get parsing info during refresh. "On-the-fly" syntax checking information may be incorrect. [C:\Users\ferna\OneDrive\Documentos\uergs\trabalhos\computer-organization\first-work\jaguar40\jaguar40.srcs\sources_1\new\register_bank.vhd:]
WARNING: [filemgmt 56-199] Attempt to get parsing info during refresh. "On-the-fly" syntax checking information may be incorrect. [C:\Users\ferna\OneDrive\Documentos\uergs\trabalhos\computer-organization\first-work\jaguar40\jaguar40.srcs\sources_1\new\intermed_register.vhd:]
WARNING: [filemgmt 56-199] Attempt to get parsing info during refresh. "On-the-fly" syntax checking information may be incorrect. [C:\Users\ferna\OneDrive\Documentos\uergs\trabalhos\computer-organization\first-work\jaguar40\jaguar40.srcs\sources_1\new\ula.vhd:]
WARNING: [filemgmt 56-199] Attempt to get parsing info during refresh. "On-the-fly" syntax checking information may be incorrect. [C:\Users\ferna\OneDrive\Documentos\uergs\trabalhos\computer-organization\first-work\jaguar40\jaguar40.srcs\sim_1\new\tb_jaguar40.vhd:]
WARNING: [filemgmt 56-199] Attempt to get parsing info during refresh. "On-the-fly" syntax checking information may be incorrect. [C:\Users\ferna\OneDrive\Documentos\uergs\trabalhos\computer-organization\first-work\jaguar40\jaguar40.srcs\sources_1\new\memory.vhd:]
WARNING: [filemgmt 56-199] Attempt to get parsing info during refresh. "On-the-fly" syntax checking information may be incorrect. [C:\Users\ferna\OneDrive\Documentos\uergs\trabalhos\computer-organization\first-work\jaguar40\jaguar40.srcs\sources_1\new\control_unit.vhd:]
WARNING: [filemgmt 56-199] Attempt to get parsing info during refresh. "On-the-fly" syntax checking information may be incorrect. [C:\Users\ferna\OneDrive\Documentos\uergs\trabalhos\computer-organization\first-work\jaguar40\jaguar40.srcs\sources_1\new\pc.vhd:]
WARNING: [filemgmt 56-199] Attempt to get parsing info during refresh. "On-the-fly" syntax checking information may be incorrect. [C:\Users\ferna\OneDrive\Documentos\uergs\trabalhos\computer-organization\first-work\jaguar40\jaguar40.srcs\sources_1\new\jaguar40.vhd:]
WARNING: [filemgmt 56-199] Attempt to get parsing info during refresh. "On-the-fly" syntax checking information may be incorrect. [C:\Users\ferna\OneDrive\Documentos\uergs\trabalhos\computer-organization\first-work\jaguar40\jaguar40.srcs\sources_1\new\register_bank.vhd:]
WARNING: [filemgmt 56-199] Attempt to get parsing info during refresh. "On-the-fly" syntax checking information may be incorrect. [C:\Users\ferna\OneDrive\Documentos\uergs\trabalhos\computer-organization\first-work\jaguar40\jaguar40.srcs\sources_1\new\intermed_register.vhd:]
WARNING: [filemgmt 56-199] Attempt to get parsing info during refresh. "On-the-fly" syntax checking information may be incorrect. [C:\Users\ferna\OneDrive\Documentos\uergs\trabalhos\computer-organization\first-work\jaguar40\jaguar40.srcs\sources_1\new\ula.vhd:]
WARNING: [filemgmt 56-199] Attempt to get parsing info during refresh. "On-the-fly" syntax checking information may be incorrect. [C:\Users\ferna\OneDrive\Documentos\uergs\trabalhos\computer-organization\first-work\jaguar40\jaguar40.srcs\sim_1\new\tb_jaguar40.vhd:]
WARNING: [filemgmt 56-199] Attempt to get parsing info during refresh. "On-the-fly" syntax checking information may be incorrect. [C:\Users\ferna\OneDrive\Documentos\uergs\trabalhos\computer-organization\first-work\jaguar40\jaguar40.srcs\sources_1\new\memory.vhd:]
WARNING: [filemgmt 56-199] Attempt to get parsing info during refresh. "On-the-fly" syntax checking information may be incorrect. [C:\Users\ferna\OneDrive\Documentos\uergs\trabalhos\computer-organization\first-work\jaguar40\jaguar40.srcs\sources_1\new\control_unit.vhd:]
WARNING: [filemgmt 56-199] Attempt to get parsing info during refresh. "On-the-fly" syntax checking information may be incorrect. [C:\Users\ferna\OneDrive\Documentos\uergs\trabalhos\computer-organization\first-work\jaguar40\jaguar40.srcs\sources_1\new\pc.vhd:]
WARNING: [filemgmt 56-199] Attempt to get parsing info during refresh. "On-the-fly" syntax checking information may be incorrect. [C:\Users\ferna\OneDrive\Documentos\uergs\trabalhos\computer-organization\first-work\jaguar40\jaguar40.srcs\sources_1\new\jaguar40.vhd:]
WARNING: [filemgmt 56-199] Attempt to get parsing info during refresh. "On-the-fly" syntax checking information may be incorrect. [C:\Users\ferna\OneDrive\Documentos\uergs\trabalhos\computer-organization\first-work\jaguar40\jaguar40.srcs\sources_1\new\register_bank.vhd:]
WARNING: [filemgmt 56-199] Attempt to get parsing info during refresh. "On-the-fly" syntax checking information may be incorrect. [C:\Users\ferna\OneDrive\Documentos\uergs\trabalhos\computer-organization\first-work\jaguar40\jaguar40.srcs\sources_1\new\intermed_register.vhd:]
WARNING: [filemgmt 56-199] Attempt to get parsing info during refresh. "On-the-fly" syntax checking information may be incorrect. [C:\Users\ferna\OneDrive\Documentos\uergs\trabalhos\computer-organization\first-work\jaguar40\jaguar40.srcs\sources_1\new\ula.vhd:]
WARNING: [filemgmt 56-199] Attempt to get parsing info during refresh. "On-the-fly" syntax checking information may be incorrect. [C:\Users\ferna\OneDrive\Documentos\uergs\trabalhos\computer-organization\first-work\jaguar40\jaguar40.srcs\sim_1\new\tb_jaguar40.vhd:]
WARNING: [filemgmt 56-199] Attempt to get parsing info during refresh. "On-the-fly" syntax checking information may be incorrect. [C:\Users\ferna\OneDrive\Documentos\uergs\trabalhos\computer-organization\first-work\jaguar40\jaguar40.srcs\sources_1\new\memory.vhd:]
WARNING: [filemgmt 56-199] Attempt to get parsing info during refresh. "On-the-fly" syntax checking information may be incorrect. [C:\Users\ferna\OneDrive\Documentos\uergs\trabalhos\computer-organization\first-work\jaguar40\jaguar40.srcs\sources_1\new\control_unit.vhd:]
WARNING: [filemgmt 56-199] Attempt to get parsing info during refresh. "On-the-fly" syntax checking information may be incorrect. [C:\Users\ferna\OneDrive\Documentos\uergs\trabalhos\computer-organization\first-work\jaguar40\jaguar40.srcs\sources_1\new\pc.vhd:]
WARNING: [filemgmt 56-199] Attempt to get parsing info during refresh. "On-the-fly" syntax checking information may be incorrect. [C:\Users\ferna\OneDrive\Documentos\uergs\trabalhos\computer-organization\first-work\jaguar40\jaguar40.srcs\sources_1\new\jaguar40.vhd:]
WARNING: [filemgmt 56-199] Attempt to get parsing info during refresh. "On-the-fly" syntax checking information may be incorrect. [C:\Users\ferna\OneDrive\Documentos\uergs\trabalhos\computer-organization\first-work\jaguar40\jaguar40.srcs\sources_1\new\register_bank.vhd:]
WARNING: [filemgmt 56-199] Attempt to get parsing info during refresh. "On-the-fly" syntax checking information may be incorrect. [C:\Users\ferna\OneDrive\Documentos\uergs\trabalhos\computer-organization\first-work\jaguar40\jaguar40.srcs\sources_1\new\intermed_register.vhd:]
ERROR: [Common 17-180] Spawn failed: No error
WARNING: [filemgmt 56-199] Attempt to get parsing info during refresh. "On-the-fly" syntax checking information may be incorrect. [C:\Users\ferna\OneDrive\Documentos\uergs\trabalhos\computer-organization\first-work\jaguar40\jaguar40.srcs\sources_1\new\ula.vhd:]
WARNING: [filemgmt 56-199] Attempt to get parsing info during refresh. "On-the-fly" syntax checking information may be incorrect. [C:\Users\ferna\OneDrive\Documentos\uergs\trabalhos\computer-organization\first-work\jaguar40\jaguar40.srcs\sim_1\new\tb_jaguar40.vhd:]
WARNING: [filemgmt 56-199] Attempt to get parsing info during refresh. "On-the-fly" syntax checking information may be incorrect. [C:\Users\ferna\OneDrive\Documentos\uergs\trabalhos\computer-organization\first-work\jaguar40\jaguar40.srcs\sources_1\new\memory.vhd:]
WARNING: [filemgmt 56-199] Attempt to get parsing info during refresh. "On-the-fly" syntax checking information may be incorrect. [C:\Users\ferna\OneDrive\Documentos\uergs\trabalhos\computer-organization\first-work\jaguar40\jaguar40.srcs\sources_1\new\control_unit.vhd:]
WARNING: [filemgmt 56-199] Attempt to get parsing info during refresh. "On-the-fly" syntax checking information may be incorrect. [C:\Users\ferna\OneDrive\Documentos\uergs\trabalhos\computer-organization\first-work\jaguar40\jaguar40.srcs\sources_1\new\pc.vhd:]
WARNING: [filemgmt 56-199] Attempt to get parsing info during refresh. "On-the-fly" syntax checking information may be incorrect. [C:\Users\ferna\OneDrive\Documentos\uergs\trabalhos\computer-organization\first-work\jaguar40\jaguar40.srcs\sources_1\new\jaguar40.vhd:]
WARNING: [filemgmt 56-199] Attempt to get parsing info during refresh. "On-the-fly" syntax checking information may be incorrect. [C:\Users\ferna\OneDrive\Documentos\uergs\trabalhos\computer-organization\first-work\jaguar40\jaguar40.srcs\sources_1\new\register_bank.vhd:]
WARNING: [filemgmt 56-199] Attempt to get parsing info during refresh. "On-the-fly" syntax checking information may be incorrect. [C:\Users\ferna\OneDrive\Documentos\uergs\trabalhos\computer-organization\first-work\jaguar40\jaguar40.srcs\sources_1\new\intermed_register.vhd:]
ERROR: [Common 17-180] Spawn failed: No error
WARNING: [filemgmt 56-199] Attempt to get parsing info during refresh. "On-the-fly" syntax checking information may be incorrect. [C:\Users\ferna\OneDrive\Documentos\uergs\trabalhos\computer-organization\first-work\jaguar40\jaguar40.srcs\sources_1\new\ula.vhd:]
WARNING: [filemgmt 56-199] Attempt to get parsing info during refresh. "On-the-fly" syntax checking information may be incorrect. [C:\Users\ferna\OneDrive\Documentos\uergs\trabalhos\computer-organization\first-work\jaguar40\jaguar40.srcs\sim_1\new\tb_jaguar40.vhd:]
WARNING: [filemgmt 56-199] Attempt to get parsing info during refresh. "On-the-fly" syntax checking information may be incorrect. [C:\Users\ferna\OneDrive\Documentos\uergs\trabalhos\computer-organization\first-work\jaguar40\jaguar40.srcs\sources_1\new\memory.vhd:]
WARNING: [filemgmt 56-199] Attempt to get parsing info during refresh. "On-the-fly" syntax checking information may be incorrect. [C:\Users\ferna\OneDrive\Documentos\uergs\trabalhos\computer-organization\first-work\jaguar40\jaguar40.srcs\sources_1\new\control_unit.vhd:]
WARNING: [filemgmt 56-199] Attempt to get parsing info during refresh. "On-the-fly" syntax checking information may be incorrect. [C:\Users\ferna\OneDrive\Documentos\uergs\trabalhos\computer-organization\first-work\jaguar40\jaguar40.srcs\sources_1\new\pc.vhd:]
WARNING: [filemgmt 56-199] Attempt to get parsing info during refresh. "On-the-fly" syntax checking information may be incorrect. [C:\Users\ferna\OneDrive\Documentos\uergs\trabalhos\computer-organization\first-work\jaguar40\jaguar40.srcs\sources_1\new\jaguar40.vhd:]
WARNING: [filemgmt 56-199] Attempt to get parsing info during refresh. "On-the-fly" syntax checking information may be incorrect. [C:\Users\ferna\OneDrive\Documentos\uergs\trabalhos\computer-organization\first-work\jaguar40\jaguar40.srcs\sources_1\new\register_bank.vhd:]
WARNING: [filemgmt 56-199] Attempt to get parsing info during refresh. "On-the-fly" syntax checking information may be incorrect. [C:\Users\ferna\OneDrive\Documentos\uergs\trabalhos\computer-organization\first-work\jaguar40\jaguar40.srcs\sources_1\new\intermed_register.vhd:]
ERROR: [Common 17-180] Spawn failed: No error
WARNING: [filemgmt 56-199] Attempt to get parsing info during refresh. "On-the-fly" syntax checking information may be incorrect. [C:\Users\ferna\OneDrive\Documentos\uergs\trabalhos\computer-organization\first-work\jaguar40\jaguar40.srcs\sources_1\new\ula.vhd:]
WARNING: [filemgmt 56-199] Attempt to get parsing info during refresh. "On-the-fly" syntax checking information may be incorrect. [C:\Users\ferna\OneDrive\Documentos\uergs\trabalhos\computer-organization\first-work\jaguar40\jaguar40.srcs\sim_1\new\tb_jaguar40.vhd:]
WARNING: [filemgmt 56-199] Attempt to get parsing info during refresh. "On-the-fly" syntax checking information may be incorrect. [C:\Users\ferna\OneDrive\Documentos\uergs\trabalhos\computer-organization\first-work\jaguar40\jaguar40.srcs\sources_1\new\memory.vhd:]
WARNING: [filemgmt 56-199] Attempt to get parsing info during refresh. "On-the-fly" syntax checking information may be incorrect. [C:\Users\ferna\OneDrive\Documentos\uergs\trabalhos\computer-organization\first-work\jaguar40\jaguar40.srcs\sources_1\new\control_unit.vhd:]
WARNING: [filemgmt 56-199] Attempt to get parsing info during refresh. "On-the-fly" syntax checking information may be incorrect. [C:\Users\ferna\OneDrive\Documentos\uergs\trabalhos\computer-organization\first-work\jaguar40\jaguar40.srcs\sources_1\new\pc.vhd:]
WARNING: [filemgmt 56-199] Attempt to get parsing info during refresh. "On-the-fly" syntax checking information may be incorrect. [C:\Users\ferna\OneDrive\Documentos\uergs\trabalhos\computer-organization\first-work\jaguar40\jaguar40.srcs\sources_1\new\jaguar40.vhd:]
WARNING: [filemgmt 56-199] Attempt to get parsing info during refresh. "On-the-fly" syntax checking information may be incorrect. [C:\Users\ferna\OneDrive\Documentos\uergs\trabalhos\computer-organization\first-work\jaguar40\jaguar40.srcs\sources_1\new\register_bank.vhd:]
WARNING: [filemgmt 56-199] Attempt to get parsing info during refresh. "On-the-fly" syntax checking information may be incorrect. [C:\Users\ferna\OneDrive\Documentos\uergs\trabalhos\computer-organization\first-work\jaguar40\jaguar40.srcs\sources_1\new\intermed_register.vhd:]
ERROR: [Common 17-180] Spawn failed: No error
WARNING: [filemgmt 56-199] Attempt to get parsing info during refresh. "On-the-fly" syntax checking information may be incorrect. [C:\Users\ferna\OneDrive\Documentos\uergs\trabalhos\computer-organization\first-work\jaguar40\jaguar40.srcs\sources_1\new\ula.vhd:]
WARNING: [filemgmt 56-199] Attempt to get parsing info during refresh. "On-the-fly" syntax checking information may be incorrect. [C:\Users\ferna\OneDrive\Documentos\uergs\trabalhos\computer-organization\first-work\jaguar40\jaguar40.srcs\sim_1\new\tb_jaguar40.vhd:]
WARNING: [filemgmt 56-199] Attempt to get parsing info during refresh. "On-the-fly" syntax checking information may be incorrect. [C:\Users\ferna\OneDrive\Documentos\uergs\trabalhos\computer-organization\first-work\jaguar40\jaguar40.srcs\sources_1\new\memory.vhd:]
WARNING: [filemgmt 56-199] Attempt to get parsing info during refresh. "On-the-fly" syntax checking information may be incorrect. [C:\Users\ferna\OneDrive\Documentos\uergs\trabalhos\computer-organization\first-work\jaguar40\jaguar40.srcs\sources_1\new\control_unit.vhd:]
WARNING: [filemgmt 56-199] Attempt to get parsing info during refresh. "On-the-fly" syntax checking information may be incorrect. [C:\Users\ferna\OneDrive\Documentos\uergs\trabalhos\computer-organization\first-work\jaguar40\jaguar40.srcs\sources_1\new\pc.vhd:]
WARNING: [filemgmt 56-199] Attempt to get parsing info during refresh. "On-the-fly" syntax checking information may be incorrect. [C:\Users\ferna\OneDrive\Documentos\uergs\trabalhos\computer-organization\first-work\jaguar40\jaguar40.srcs\sources_1\new\jaguar40.vhd:]
WARNING: [filemgmt 56-199] Attempt to get parsing info during refresh. "On-the-fly" syntax checking information may be incorrect. [C:\Users\ferna\OneDrive\Documentos\uergs\trabalhos\computer-organization\first-work\jaguar40\jaguar40.srcs\sources_1\new\register_bank.vhd:]
WARNING: [filemgmt 56-199] Attempt to get parsing info during refresh. "On-the-fly" syntax checking information may be incorrect. [C:\Users\ferna\OneDrive\Documentos\uergs\trabalhos\computer-organization\first-work\jaguar40\jaguar40.srcs\sources_1\new\intermed_register.vhd:]
WARNING: [filemgmt 56-199] Attempt to get parsing info during refresh. "On-the-fly" syntax checking information may be incorrect. [C:\Users\ferna\OneDrive\Documentos\uergs\trabalhos\computer-organization\first-work\jaguar40\jaguar40.srcs\sources_1\new\ula.vhd:]
WARNING: [filemgmt 56-199] Attempt to get parsing info during refresh. "On-the-fly" syntax checking information may be incorrect. [C:\Users\ferna\OneDrive\Documentos\uergs\trabalhos\computer-organization\first-work\jaguar40\jaguar40.srcs\sim_1\new\tb_jaguar40.vhd:]
WARNING: [filemgmt 56-199] Attempt to get parsing info during refresh. "On-the-fly" syntax checking information may be incorrect. [C:\Users\ferna\OneDrive\Documentos\uergs\trabalhos\computer-organization\first-work\jaguar40\jaguar40.srcs\sources_1\new\memory.vhd:]
WARNING: [filemgmt 56-199] Attempt to get parsing info during refresh. "On-the-fly" syntax checking information may be incorrect. [C:\Users\ferna\OneDrive\Documentos\uergs\trabalhos\computer-organization\first-work\jaguar40\jaguar40.srcs\sources_1\new\control_unit.vhd:]
WARNING: [filemgmt 56-199] Attempt to get parsing info during refresh. "On-the-fly" syntax checking information may be incorrect. [C:\Users\ferna\OneDrive\Documentos\uergs\trabalhos\computer-organization\first-work\jaguar40\jaguar40.srcs\sources_1\new\pc.vhd:]
WARNING: [filemgmt 56-199] Attempt to get parsing info during refresh. "On-the-fly" syntax checking information may be incorrect. [C:\Users\ferna\OneDrive\Documentos\uergs\trabalhos\computer-organization\first-work\jaguar40\jaguar40.srcs\sources_1\new\jaguar40.vhd:]
WARNING: [filemgmt 56-199] Attempt to get parsing info during refresh. "On-the-fly" syntax checking information may be incorrect. [C:\Users\ferna\OneDrive\Documentos\uergs\trabalhos\computer-organization\first-work\jaguar40\jaguar40.srcs\sources_1\new\register_bank.vhd:]
WARNING: [filemgmt 56-199] Attempt to get parsing info during refresh. "On-the-fly" syntax checking information may be incorrect. [C:\Users\ferna\OneDrive\Documentos\uergs\trabalhos\computer-organization\first-work\jaguar40\jaguar40.srcs\sources_1\new\intermed_register.vhd:]
WARNING: [filemgmt 56-199] Attempt to get parsing info during refresh. "On-the-fly" syntax checking information may be incorrect. [C:\Users\ferna\OneDrive\Documentos\uergs\trabalhos\computer-organization\first-work\jaguar40\jaguar40.srcs\sources_1\new\ula.vhd:]
WARNING: [filemgmt 56-199] Attempt to get parsing info during refresh. "On-the-fly" syntax checking information may be incorrect. [C:\Users\ferna\OneDrive\Documentos\uergs\trabalhos\computer-organization\first-work\jaguar40\jaguar40.srcs\sim_1\new\tb_jaguar40.vhd:]
WARNING: [filemgmt 56-199] Attempt to get parsing info during refresh. "On-the-fly" syntax checking information may be incorrect. [C:\Users\ferna\OneDrive\Documentos\uergs\trabalhos\computer-organization\first-work\jaguar40\jaguar40.srcs\sources_1\new\memory.vhd:]
WARNING: [filemgmt 56-199] Attempt to get parsing info during refresh. "On-the-fly" syntax checking information may be incorrect. [C:\Users\ferna\OneDrive\Documentos\uergs\trabalhos\computer-organization\first-work\jaguar40\jaguar40.srcs\sources_1\new\control_unit.vhd:]
WARNING: [filemgmt 56-199] Attempt to get parsing info during refresh. "On-the-fly" syntax checking information may be incorrect. [C:\Users\ferna\OneDrive\Documentos\uergs\trabalhos\computer-organization\first-work\jaguar40\jaguar40.srcs\sources_1\new\pc.vhd:]
WARNING: [filemgmt 56-199] Attempt to get parsing info during refresh. "On-the-fly" syntax checking information may be incorrect. [C:\Users\ferna\OneDrive\Documentos\uergs\trabalhos\computer-organization\first-work\jaguar40\jaguar40.srcs\sources_1\new\jaguar40.vhd:]
WARNING: [filemgmt 56-199] Attempt to get parsing info during refresh. "On-the-fly" syntax checking information may be incorrect. [C:\Users\ferna\OneDrive\Documentos\uergs\trabalhos\computer-organization\first-work\jaguar40\jaguar40.srcs\sources_1\new\register_bank.vhd:]
WARNING: [filemgmt 56-199] Attempt to get parsing info during refresh. "On-the-fly" syntax checking information may be incorrect. [C:\Users\ferna\OneDrive\Documentos\uergs\trabalhos\computer-organization\first-work\jaguar40\jaguar40.srcs\sources_1\new\intermed_register.vhd:]
WARNING: [filemgmt 56-199] Attempt to get parsing info during refresh. "On-the-fly" syntax checking information may be incorrect. [C:\Users\ferna\OneDrive\Documentos\uergs\trabalhos\computer-organization\first-work\jaguar40\jaguar40.srcs\sources_1\new\ula.vhd:]
WARNING: [filemgmt 56-199] Attempt to get parsing info during refresh. "On-the-fly" syntax checking information may be incorrect. [C:\Users\ferna\OneDrive\Documentos\uergs\trabalhos\computer-organization\first-work\jaguar40\jaguar40.srcs\sim_1\new\tb_jaguar40.vhd:]
WARNING: [filemgmt 56-199] Attempt to get parsing info during refresh. "On-the-fly" syntax checking information may be incorrect. [C:\Users\ferna\OneDrive\Documentos\uergs\trabalhos\computer-organization\first-work\jaguar40\jaguar40.srcs\sources_1\new\memory.vhd:]
WARNING: [filemgmt 56-199] Attempt to get parsing info during refresh. "On-the-fly" syntax checking information may be incorrect. [C:\Users\ferna\OneDrive\Documentos\uergs\trabalhos\computer-organization\first-work\jaguar40\jaguar40.srcs\sources_1\new\control_unit.vhd:]
WARNING: [filemgmt 56-199] Attempt to get parsing info during refresh. "On-the-fly" syntax checking information may be incorrect. [C:\Users\ferna\OneDrive\Documentos\uergs\trabalhos\computer-organization\first-work\jaguar40\jaguar40.srcs\sources_1\new\pc.vhd:]
WARNING: [filemgmt 56-199] Attempt to get parsing info during refresh. "On-the-fly" syntax checking information may be incorrect. [C:\Users\ferna\OneDrive\Documentos\uergs\trabalhos\computer-organization\first-work\jaguar40\jaguar40.srcs\sources_1\new\jaguar40.vhd:]
WARNING: [filemgmt 56-199] Attempt to get parsing info during refresh. "On-the-fly" syntax checking information may be incorrect. [C:\Users\ferna\OneDrive\Documentos\uergs\trabalhos\computer-organization\first-work\jaguar40\jaguar40.srcs\sources_1\new\register_bank.vhd:]
WARNING: [filemgmt 56-199] Attempt to get parsing info during refresh. "On-the-fly" syntax checking information may be incorrect. [C:\Users\ferna\OneDrive\Documentos\uergs\trabalhos\computer-organization\first-work\jaguar40\jaguar40.srcs\sources_1\new\intermed_register.vhd:]
ERROR: [Common 17-180] Spawn failed: No error
WARNING: [filemgmt 56-199] Attempt to get parsing info during refresh. "On-the-fly" syntax checking information may be incorrect. [C:\Users\ferna\OneDrive\Documentos\uergs\trabalhos\computer-organization\first-work\jaguar40\jaguar40.srcs\sources_1\new\ula.vhd:]
WARNING: [filemgmt 56-199] Attempt to get parsing info during refresh. "On-the-fly" syntax checking information may be incorrect. [C:\Users\ferna\OneDrive\Documentos\uergs\trabalhos\computer-organization\first-work\jaguar40\jaguar40.srcs\sim_1\new\tb_jaguar40.vhd:]
WARNING: [filemgmt 56-199] Attempt to get parsing info during refresh. "On-the-fly" syntax checking information may be incorrect. [C:\Users\ferna\OneDrive\Documentos\uergs\trabalhos\computer-organization\first-work\jaguar40\jaguar40.srcs\sources_1\new\memory.vhd:]
WARNING: [filemgmt 56-199] Attempt to get parsing info during refresh. "On-the-fly" syntax checking information may be incorrect. [C:\Users\ferna\OneDrive\Documentos\uergs\trabalhos\computer-organization\first-work\jaguar40\jaguar40.srcs\sources_1\new\control_unit.vhd:]
WARNING: [filemgmt 56-199] Attempt to get parsing info during refresh. "On-the-fly" syntax checking information may be incorrect. [C:\Users\ferna\OneDrive\Documentos\uergs\trabalhos\computer-organization\first-work\jaguar40\jaguar40.srcs\sources_1\new\pc.vhd:]
WARNING: [filemgmt 56-199] Attempt to get parsing info during refresh. "On-the-fly" syntax checking information may be incorrect. [C:\Users\ferna\OneDrive\Documentos\uergs\trabalhos\computer-organization\first-work\jaguar40\jaguar40.srcs\sources_1\new\jaguar40.vhd:]
WARNING: [filemgmt 56-199] Attempt to get parsing info during refresh. "On-the-fly" syntax checking information may be incorrect. [C:\Users\ferna\OneDrive\Documentos\uergs\trabalhos\computer-organization\first-work\jaguar40\jaguar40.srcs\sources_1\new\register_bank.vhd:]
WARNING: [filemgmt 56-199] Attempt to get parsing info during refresh. "On-the-fly" syntax checking information may be incorrect. [C:\Users\ferna\OneDrive\Documentos\uergs\trabalhos\computer-organization\first-work\jaguar40\jaguar40.srcs\sources_1\new\intermed_register.vhd:]
ERROR: [Common 17-180] Spawn failed: No error
WARNING: [filemgmt 56-199] Attempt to get parsing info during refresh. "On-the-fly" syntax checking information may be incorrect. [C:\Users\ferna\OneDrive\Documentos\uergs\trabalhos\computer-organization\first-work\jaguar40\jaguar40.srcs\sources_1\new\ula.vhd:]
WARNING: [filemgmt 56-199] Attempt to get parsing info during refresh. "On-the-fly" syntax checking information may be incorrect. [C:\Users\ferna\OneDrive\Documentos\uergs\trabalhos\computer-organization\first-work\jaguar40\jaguar40.srcs\sim_1\new\tb_jaguar40.vhd:]
WARNING: [filemgmt 56-199] Attempt to get parsing info during refresh. "On-the-fly" syntax checking information may be incorrect. [C:\Users\ferna\OneDrive\Documentos\uergs\trabalhos\computer-organization\first-work\jaguar40\jaguar40.srcs\sources_1\new\memory.vhd:]
WARNING: [filemgmt 56-199] Attempt to get parsing info during refresh. "On-the-fly" syntax checking information may be incorrect. [C:\Users\ferna\OneDrive\Documentos\uergs\trabalhos\computer-organization\first-work\jaguar40\jaguar40.srcs\sources_1\new\control_unit.vhd:]
WARNING: [filemgmt 56-199] Attempt to get parsing info during refresh. "On-the-fly" syntax checking information may be incorrect. [C:\Users\ferna\OneDrive\Documentos\uergs\trabalhos\computer-organization\first-work\jaguar40\jaguar40.srcs\sources_1\new\pc.vhd:]
WARNING: [filemgmt 56-199] Attempt to get parsing info during refresh. "On-the-fly" syntax checking information may be incorrect. [C:\Users\ferna\OneDrive\Documentos\uergs\trabalhos\computer-organization\first-work\jaguar40\jaguar40.srcs\sources_1\new\jaguar40.vhd:]
WARNING: [filemgmt 56-199] Attempt to get parsing info during refresh. "On-the-fly" syntax checking information may be incorrect. [C:\Users\ferna\OneDrive\Documentos\uergs\trabalhos\computer-organization\first-work\jaguar40\jaguar40.srcs\sources_1\new\register_bank.vhd:]
WARNING: [filemgmt 56-199] Attempt to get parsing info during refresh. "On-the-fly" syntax checking information may be incorrect. [C:\Users\ferna\OneDrive\Documentos\uergs\trabalhos\computer-organization\first-work\jaguar40\jaguar40.srcs\sources_1\new\intermed_register.vhd:]
ERROR: [Common 17-180] Spawn failed: No error
WARNING: [filemgmt 56-199] Attempt to get parsing info during refresh. "On-the-fly" syntax checking information may be incorrect. [C:\Users\ferna\OneDrive\Documentos\uergs\trabalhos\computer-organization\first-work\jaguar40\jaguar40.srcs\sources_1\new\ula.vhd:]
WARNING: [filemgmt 56-199] Attempt to get parsing info during refresh. "On-the-fly" syntax checking information may be incorrect. [C:\Users\ferna\OneDrive\Documentos\uergs\trabalhos\computer-organization\first-work\jaguar40\jaguar40.srcs\sim_1\new\tb_jaguar40.vhd:]
WARNING: [filemgmt 56-199] Attempt to get parsing info during refresh. "On-the-fly" syntax checking information may be incorrect. [C:\Users\ferna\OneDrive\Documentos\uergs\trabalhos\computer-organization\first-work\jaguar40\jaguar40.srcs\sources_1\new\memory.vhd:]
WARNING: [filemgmt 56-199] Attempt to get parsing info during refresh. "On-the-fly" syntax checking information may be incorrect. [C:\Users\ferna\OneDrive\Documentos\uergs\trabalhos\computer-organization\first-work\jaguar40\jaguar40.srcs\sources_1\new\control_unit.vhd:]
WARNING: [filemgmt 56-199] Attempt to get parsing info during refresh. "On-the-fly" syntax checking information may be incorrect. [C:\Users\ferna\OneDrive\Documentos\uergs\trabalhos\computer-organization\first-work\jaguar40\jaguar40.srcs\sources_1\new\pc.vhd:]
WARNING: [filemgmt 56-199] Attempt to get parsing info during refresh. "On-the-fly" syntax checking information may be incorrect. [C:\Users\ferna\OneDrive\Documentos\uergs\trabalhos\computer-organization\first-work\jaguar40\jaguar40.srcs\sources_1\new\jaguar40.vhd:]
WARNING: [filemgmt 56-199] Attempt to get parsing info during refresh. "On-the-fly" syntax checking information may be incorrect. [C:\Users\ferna\OneDrive\Documentos\uergs\trabalhos\computer-organization\first-work\jaguar40\jaguar40.srcs\sources_1\new\register_bank.vhd:]
WARNING: [filemgmt 56-199] Attempt to get parsing info during refresh. "On-the-fly" syntax checking information may be incorrect. [C:\Users\ferna\OneDrive\Documentos\uergs\trabalhos\computer-organization\first-work\jaguar40\jaguar40.srcs\sources_1\new\intermed_register.vhd:]
ERROR: [Common 17-180] Spawn failed: No error
WARNING: [filemgmt 56-199] Attempt to get parsing info during refresh. "On-the-fly" syntax checking information may be incorrect. [C:\Users\ferna\OneDrive\Documentos\uergs\trabalhos\computer-organization\first-work\jaguar40\jaguar40.srcs\sources_1\new\ula.vhd:]
WARNING: [filemgmt 56-199] Attempt to get parsing info during refresh. "On-the-fly" syntax checking information may be incorrect. [C:\Users\ferna\OneDrive\Documentos\uergs\trabalhos\computer-organization\first-work\jaguar40\jaguar40.srcs\sim_1\new\tb_jaguar40.vhd:]
WARNING: [filemgmt 56-199] Attempt to get parsing info during refresh. "On-the-fly" syntax checking information may be incorrect. [C:\Users\ferna\OneDrive\Documentos\uergs\trabalhos\computer-organization\first-work\jaguar40\jaguar40.srcs\sources_1\new\memory.vhd:]
WARNING: [filemgmt 56-199] Attempt to get parsing info during refresh. "On-the-fly" syntax checking information may be incorrect. [C:\Users\ferna\OneDrive\Documentos\uergs\trabalhos\computer-organization\first-work\jaguar40\jaguar40.srcs\sources_1\new\control_unit.vhd:]
WARNING: [filemgmt 56-199] Attempt to get parsing info during refresh. "On-the-fly" syntax checking information may be incorrect. [C:\Users\ferna\OneDrive\Documentos\uergs\trabalhos\computer-organization\first-work\jaguar40\jaguar40.srcs\sources_1\new\pc.vhd:]
WARNING: [filemgmt 56-199] Attempt to get parsing info during refresh. "On-the-fly" syntax checking information may be incorrect. [C:\Users\ferna\OneDrive\Documentos\uergs\trabalhos\computer-organization\first-work\jaguar40\jaguar40.srcs\sources_1\new\jaguar40.vhd:]
WARNING: [filemgmt 56-199] Attempt to get parsing info during refresh. "On-the-fly" syntax checking information may be incorrect. [C:\Users\ferna\OneDrive\Documentos\uergs\trabalhos\computer-organization\first-work\jaguar40\jaguar40.srcs\sources_1\new\register_bank.vhd:]
WARNING: [filemgmt 56-199] Attempt to get parsing info during refresh. "On-the-fly" syntax checking information may be incorrect. [C:\Users\ferna\OneDrive\Documentos\uergs\trabalhos\computer-organization\first-work\jaguar40\jaguar40.srcs\sources_1\new\intermed_register.vhd:]
WARNING: [filemgmt 56-199] Attempt to get parsing info during refresh. "On-the-fly" syntax checking information may be incorrect. [C:\Users\ferna\OneDrive\Documentos\uergs\trabalhos\computer-organization\first-work\jaguar40\jaguar40.srcs\sources_1\new\ula.vhd:]
WARNING: [filemgmt 56-199] Attempt to get parsing info during refresh. "On-the-fly" syntax checking information may be incorrect. [C:\Users\ferna\OneDrive\Documentos\uergs\trabalhos\computer-organization\first-work\jaguar40\jaguar40.srcs\sim_1\new\tb_jaguar40.vhd:]
WARNING: [filemgmt 56-199] Attempt to get parsing info during refresh. "On-the-fly" syntax checking information may be incorrect. [C:\Users\ferna\OneDrive\Documentos\uergs\trabalhos\computer-organization\first-work\jaguar40\jaguar40.srcs\sources_1\new\memory.vhd:]
WARNING: [filemgmt 56-199] Attempt to get parsing info during refresh. "On-the-fly" syntax checking information may be incorrect. [C:\Users\ferna\OneDrive\Documentos\uergs\trabalhos\computer-organization\first-work\jaguar40\jaguar40.srcs\sources_1\new\control_unit.vhd:]
WARNING: [filemgmt 56-199] Attempt to get parsing info during refresh. "On-the-fly" syntax checking information may be incorrect. [C:\Users\ferna\OneDrive\Documentos\uergs\trabalhos\computer-organization\first-work\jaguar40\jaguar40.srcs\sources_1\new\pc.vhd:]
WARNING: [filemgmt 56-199] Attempt to get parsing info during refresh. "On-the-fly" syntax checking information may be incorrect. [C:\Users\ferna\OneDrive\Documentos\uergs\trabalhos\computer-organization\first-work\jaguar40\jaguar40.srcs\sources_1\new\jaguar40.vhd:]
WARNING: [filemgmt 56-199] Attempt to get parsing info during refresh. "On-the-fly" syntax checking information may be incorrect. [C:\Users\ferna\OneDrive\Documentos\uergs\trabalhos\computer-organization\first-work\jaguar40\jaguar40.srcs\sources_1\new\register_bank.vhd:]
WARNING: [filemgmt 56-199] Attempt to get parsing info during refresh. "On-the-fly" syntax checking information may be incorrect. [C:\Users\ferna\OneDrive\Documentos\uergs\trabalhos\computer-organization\first-work\jaguar40\jaguar40.srcs\sources_1\new\intermed_register.vhd:]
WARNING: [filemgmt 56-199] Attempt to get parsing info during refresh. "On-the-fly" syntax checking information may be incorrect. [C:\Users\ferna\OneDrive\Documentos\uergs\trabalhos\computer-organization\first-work\jaguar40\jaguar40.srcs\sources_1\new\ula.vhd:]
WARNING: [filemgmt 56-199] Attempt to get parsing info during refresh. "On-the-fly" syntax checking information may be incorrect. [C:\Users\ferna\OneDrive\Documentos\uergs\trabalhos\computer-organization\first-work\jaguar40\jaguar40.srcs\sim_1\new\tb_jaguar40.vhd:]
WARNING: [filemgmt 56-199] Attempt to get parsing info during refresh. "On-the-fly" syntax checking information may be incorrect. [C:\Users\ferna\OneDrive\Documentos\uergs\trabalhos\computer-organization\first-work\jaguar40\jaguar40.srcs\sources_1\new\memory.vhd:]
WARNING: [filemgmt 56-199] Attempt to get parsing info during refresh. "On-the-fly" syntax checking information may be incorrect. [C:\Users\ferna\OneDrive\Documentos\uergs\trabalhos\computer-organization\first-work\jaguar40\jaguar40.srcs\sources_1\new\control_unit.vhd:]
WARNING: [filemgmt 56-199] Attempt to get parsing info during refresh. "On-the-fly" syntax checking information may be incorrect. [C:\Users\ferna\OneDrive\Documentos\uergs\trabalhos\computer-organization\first-work\jaguar40\jaguar40.srcs\sources_1\new\pc.vhd:]
WARNING: [filemgmt 56-199] Attempt to get parsing info during refresh. "On-the-fly" syntax checking information may be incorrect. [C:\Users\ferna\OneDrive\Documentos\uergs\trabalhos\computer-organization\first-work\jaguar40\jaguar40.srcs\sources_1\new\jaguar40.vhd:]
WARNING: [filemgmt 56-199] Attempt to get parsing info during refresh. "On-the-fly" syntax checking information may be incorrect. [C:\Users\ferna\OneDrive\Documentos\uergs\trabalhos\computer-organization\first-work\jaguar40\jaguar40.srcs\sources_1\new\register_bank.vhd:]
WARNING: [filemgmt 56-199] Attempt to get parsing info during refresh. "On-the-fly" syntax checking information may be incorrect. [C:\Users\ferna\OneDrive\Documentos\uergs\trabalhos\computer-organization\first-work\jaguar40\jaguar40.srcs\sources_1\new\intermed_register.vhd:]
WARNING: [filemgmt 56-199] Attempt to get parsing info during refresh. "On-the-fly" syntax checking information may be incorrect. [C:\Users\ferna\OneDrive\Documentos\uergs\trabalhos\computer-organization\first-work\jaguar40\jaguar40.srcs\sources_1\new\ula.vhd:]
WARNING: [filemgmt 56-199] Attempt to get parsing info during refresh. "On-the-fly" syntax checking information may be incorrect. [C:\Users\ferna\OneDrive\Documentos\uergs\trabalhos\computer-organization\first-work\jaguar40\jaguar40.srcs\sim_1\new\tb_jaguar40.vhd:]
WARNING: [filemgmt 56-199] Attempt to get parsing info during refresh. "On-the-fly" syntax checking information may be incorrect. [C:\Users\ferna\OneDrive\Documentos\uergs\trabalhos\computer-organization\first-work\jaguar40\jaguar40.srcs\sources_1\new\memory.vhd:]
WARNING: [filemgmt 56-199] Attempt to get parsing info during refresh. "On-the-fly" syntax checking information may be incorrect. [C:\Users\ferna\OneDrive\Documentos\uergs\trabalhos\computer-organization\first-work\jaguar40\jaguar40.srcs\sources_1\new\control_unit.vhd:]
WARNING: [filemgmt 56-199] Attempt to get parsing info during refresh. "On-the-fly" syntax checking information may be incorrect. [C:\Users\ferna\OneDrive\Documentos\uergs\trabalhos\computer-organization\first-work\jaguar40\jaguar40.srcs\sources_1\new\pc.vhd:]
WARNING: [filemgmt 56-199] Attempt to get parsing info during refresh. "On-the-fly" syntax checking information may be incorrect. [C:\Users\ferna\OneDrive\Documentos\uergs\trabalhos\computer-organization\first-work\jaguar40\jaguar40.srcs\sources_1\new\jaguar40.vhd:]
WARNING: [filemgmt 56-199] Attempt to get parsing info during refresh. "On-the-fly" syntax checking information may be incorrect. [C:\Users\ferna\OneDrive\Documentos\uergs\trabalhos\computer-organization\first-work\jaguar40\jaguar40.srcs\sources_1\new\register_bank.vhd:]
WARNING: [filemgmt 56-199] Attempt to get parsing info during refresh. "On-the-fly" syntax checking information may be incorrect. [C:\Users\ferna\OneDrive\Documentos\uergs\trabalhos\computer-organization\first-work\jaguar40\jaguar40.srcs\sources_1\new\intermed_register.vhd:]
ERROR: [Common 17-180] Spawn failed: No error
WARNING: [filemgmt 56-199] Attempt to get parsing info during refresh. "On-the-fly" syntax checking information may be incorrect. [C:\Users\ferna\OneDrive\Documentos\uergs\trabalhos\computer-organization\first-work\jaguar40\jaguar40.srcs\sources_1\new\ula.vhd:]
WARNING: [filemgmt 56-199] Attempt to get parsing info during refresh. "On-the-fly" syntax checking information may be incorrect. [C:\Users\ferna\OneDrive\Documentos\uergs\trabalhos\computer-organization\first-work\jaguar40\jaguar40.srcs\sim_1\new\tb_jaguar40.vhd:]
WARNING: [filemgmt 56-199] Attempt to get parsing info during refresh. "On-the-fly" syntax checking information may be incorrect. [C:\Users\ferna\OneDrive\Documentos\uergs\trabalhos\computer-organization\first-work\jaguar40\jaguar40.srcs\sources_1\new\memory.vhd:]
WARNING: [filemgmt 56-199] Attempt to get parsing info during refresh. "On-the-fly" syntax checking information may be incorrect. [C:\Users\ferna\OneDrive\Documentos\uergs\trabalhos\computer-organization\first-work\jaguar40\jaguar40.srcs\sources_1\new\control_unit.vhd:]
WARNING: [filemgmt 56-199] Attempt to get parsing info during refresh. "On-the-fly" syntax checking information may be incorrect. [C:\Users\ferna\OneDrive\Documentos\uergs\trabalhos\computer-organization\first-work\jaguar40\jaguar40.srcs\sources_1\new\pc.vhd:]
WARNING: [filemgmt 56-199] Attempt to get parsing info during refresh. "On-the-fly" syntax checking information may be incorrect. [C:\Users\ferna\OneDrive\Documentos\uergs\trabalhos\computer-organization\first-work\jaguar40\jaguar40.srcs\sources_1\new\jaguar40.vhd:]
WARNING: [filemgmt 56-199] Attempt to get parsing info during refresh. "On-the-fly" syntax checking information may be incorrect. [C:\Users\ferna\OneDrive\Documentos\uergs\trabalhos\computer-organization\first-work\jaguar40\jaguar40.srcs\sources_1\new\register_bank.vhd:]
WARNING: [filemgmt 56-199] Attempt to get parsing info during refresh. "On-the-fly" syntax checking information may be incorrect. [C:\Users\ferna\OneDrive\Documentos\uergs\trabalhos\computer-organization\first-work\jaguar40\jaguar40.srcs\sources_1\new\intermed_register.vhd:]
ERROR: [Common 17-180] Spawn failed: No error
WARNING: [filemgmt 56-199] Attempt to get parsing info during refresh. "On-the-fly" syntax checking information may be incorrect. [C:\Users\ferna\OneDrive\Documentos\uergs\trabalhos\computer-organization\first-work\jaguar40\jaguar40.srcs\sources_1\new\ula.vhd:]
WARNING: [filemgmt 56-199] Attempt to get parsing info during refresh. "On-the-fly" syntax checking information may be incorrect. [C:\Users\ferna\OneDrive\Documentos\uergs\trabalhos\computer-organization\first-work\jaguar40\jaguar40.srcs\sim_1\new\tb_jaguar40.vhd:]
WARNING: [filemgmt 56-199] Attempt to get parsing info during refresh. "On-the-fly" syntax checking information may be incorrect. [C:\Users\ferna\OneDrive\Documentos\uergs\trabalhos\computer-organization\first-work\jaguar40\jaguar40.srcs\sources_1\new\memory.vhd:]
WARNING: [filemgmt 56-199] Attempt to get parsing info during refresh. "On-the-fly" syntax checking information may be incorrect. [C:\Users\ferna\OneDrive\Documentos\uergs\trabalhos\computer-organization\first-work\jaguar40\jaguar40.srcs\sources_1\new\control_unit.vhd:]
WARNING: [filemgmt 56-199] Attempt to get parsing info during refresh. "On-the-fly" syntax checking information may be incorrect. [C:\Users\ferna\OneDrive\Documentos\uergs\trabalhos\computer-organization\first-work\jaguar40\jaguar40.srcs\sources_1\new\pc.vhd:]
WARNING: [filemgmt 56-199] Attempt to get parsing info during refresh. "On-the-fly" syntax checking information may be incorrect. [C:\Users\ferna\OneDrive\Documentos\uergs\trabalhos\computer-organization\first-work\jaguar40\jaguar40.srcs\sources_1\new\jaguar40.vhd:]
WARNING: [filemgmt 56-199] Attempt to get parsing info during refresh. "On-the-fly" syntax checking information may be incorrect. [C:\Users\ferna\OneDrive\Documentos\uergs\trabalhos\computer-organization\first-work\jaguar40\jaguar40.srcs\sources_1\new\register_bank.vhd:]
WARNING: [filemgmt 56-199] Attempt to get parsing info during refresh. "On-the-fly" syntax checking information may be incorrect. [C:\Users\ferna\OneDrive\Documentos\uergs\trabalhos\computer-organization\first-work\jaguar40\jaguar40.srcs\sources_1\new\intermed_register.vhd:]
ERROR: [Common 17-180] Spawn failed: No error
WARNING: [filemgmt 56-199] Attempt to get parsing info during refresh. "On-the-fly" syntax checking information may be incorrect. [C:\Users\ferna\OneDrive\Documentos\uergs\trabalhos\computer-organization\first-work\jaguar40\jaguar40.srcs\sources_1\new\ula.vhd:]
WARNING: [filemgmt 56-199] Attempt to get parsing info during refresh. "On-the-fly" syntax checking information may be incorrect. [C:\Users\ferna\OneDrive\Documentos\uergs\trabalhos\computer-organization\first-work\jaguar40\jaguar40.srcs\sim_1\new\tb_jaguar40.vhd:]
WARNING: [filemgmt 56-199] Attempt to get parsing info during refresh. "On-the-fly" syntax checking information may be incorrect. [C:\Users\ferna\OneDrive\Documentos\uergs\trabalhos\computer-organization\first-work\jaguar40\jaguar40.srcs\sources_1\new\memory.vhd:]
WARNING: [filemgmt 56-199] Attempt to get parsing info during refresh. "On-the-fly" syntax checking information may be incorrect. [C:\Users\ferna\OneDrive\Documentos\uergs\trabalhos\computer-organization\first-work\jaguar40\jaguar40.srcs\sources_1\new\control_unit.vhd:]
WARNING: [filemgmt 56-199] Attempt to get parsing info during refresh. "On-the-fly" syntax checking information may be incorrect. [C:\Users\ferna\OneDrive\Documentos\uergs\trabalhos\computer-organization\first-work\jaguar40\jaguar40.srcs\sources_1\new\pc.vhd:]
WARNING: [filemgmt 56-199] Attempt to get parsing info during refresh. "On-the-fly" syntax checking information may be incorrect. [C:\Users\ferna\OneDrive\Documentos\uergs\trabalhos\computer-organization\first-work\jaguar40\jaguar40.srcs\sources_1\new\jaguar40.vhd:]
WARNING: [filemgmt 56-199] Attempt to get parsing info during refresh. "On-the-fly" syntax checking information may be incorrect. [C:\Users\ferna\OneDrive\Documentos\uergs\trabalhos\computer-organization\first-work\jaguar40\jaguar40.srcs\sources_1\new\register_bank.vhd:]
WARNING: [filemgmt 56-199] Attempt to get parsing info during refresh. "On-the-fly" syntax checking information may be incorrect. [C:\Users\ferna\OneDrive\Documentos\uergs\trabalhos\computer-organization\first-work\jaguar40\jaguar40.srcs\sources_1\new\intermed_register.vhd:]
ERROR: [Common 17-180] Spawn failed: No error
relaunch_sim
Command: launch_simulation -step compile -simset sim_1 -mode behavioral
INFO: [Vivado 12-12493] Simulation top is 'tb_jaguar40'
WARNING: [Vivado 12-13340] Unable to auto find GCC executables from simulator install path! (path not set)
INFO: [Vivado 12-5682] Launching behavioral simulation in 'C:/Users/ferna/OneDrive/Documentos/uergs/trabalhos/computer-organization/first-work/jaguar40/jaguar40.sim/sim_1/behav/xsim'
INFO: [SIM-utils-51] Simulation object is 'sim_1'
INFO: [USF-XSim-2] XSim::Compile design
INFO: [USF-XSim-61] Executing 'COMPILE and ANALYZE' step in 'C:/Users/ferna/OneDrive/Documentos/uergs/trabalhos/computer-organization/first-work/jaguar40/jaguar40.sim/sim_1/behav/xsim'
"xvhdl --incr --relax -prj tb_jaguar40_vhdl.prj"
ECHO est  desativado.
ECHO est  desativado.
INFO: [VRFC 10-163] Analyzing VHDL file "C:/Users/ferna/OneDrive/Documentos/uergs/trabalhos/computer-organization/first-work/jaguar40/jaguar40.srcs/sources_1/new/control_unit.vhd" into library xil_defaultlib
INFO: [VRFC 10-3107] analyzing entity 'control_unit'
INFO: [VRFC 10-163] Analyzing VHDL file "C:/Users/ferna/OneDrive/Documentos/uergs/trabalhos/computer-organization/first-work/jaguar40/jaguar40.srcs/sources_1/new/memory.vhd" into library xil_defaultlib
INFO: [VRFC 10-3107] analyzing entity 'memory'
INFO: [VRFC 10-163] Analyzing VHDL file "C:/Users/ferna/OneDrive/Documentos/uergs/trabalhos/computer-organization/first-work/jaguar40/jaguar40.srcs/sources_1/new/jaguar40.vhd" into library xil_defaultlib
INFO: [VRFC 10-3107] analyzing entity 'jaguar40'
INFO: [VRFC 10-163] Analyzing VHDL file "C:/Users/ferna/OneDrive/Documentos/uergs/trabalhos/computer-organization/first-work/jaguar40/jaguar40.srcs/sim_1/new/tb_jaguar40.vhd" into library xil_defaultlib
INFO: [VRFC 10-3107] analyzing entity 'tb_jaguar40'
INFO: [USF-XSim-69] 'compile' step finished in '2' seconds
Command: launch_simulation -step elaborate -simset sim_1 -mode behavioral
INFO: [Vivado 12-12493] Simulation top is 'tb_jaguar40'
WARNING: [Vivado 12-13340] Unable to auto find GCC executables from simulator install path! (path not set)
INFO: [Vivado 12-5682] Launching behavioral simulation in 'C:/Users/ferna/OneDrive/Documentos/uergs/trabalhos/computer-organization/first-work/jaguar40/jaguar40.sim/sim_1/behav/xsim'
INFO: [SIM-utils-51] Simulation object is 'sim_1'
INFO: [USF-XSim-3] XSim::Elaborate design
INFO: [USF-XSim-61] Executing 'ELABORATE' step in 'C:/Users/ferna/OneDrive/Documentos/uergs/trabalhos/computer-organization/first-work/jaguar40/jaguar40.sim/sim_1/behav/xsim'
"xelab --incr --debug typical --relax --mt 2 -L xil_defaultlib -L secureip --snapshot tb_jaguar40_behav xil_defaultlib.tb_jaguar40 -log elaborate.log"
ECHO est  desativado.
ECHO est  desativado.
Vivado Simulator v2023.2
Copyright 1986-2022 Xilinx, Inc. All Rights Reserved.
Copyright 2022-2023 Advanced Micro Devices, Inc. All Rights Reserved.
Running: C:/Xilinx/Vivado/2023.2/bin/unwrapped/win64.o/xelab.exe --incr --debug typical --relax --mt 2 -L xil_defaultlib -L secureip --snapshot tb_jaguar40_behav xil_defaultlib.tb_jaguar40 -log elaborate.log 
Using 2 slave threads.
Starting static elaboration
ERROR: [VRFC 10-8554] case statement does not cover all choices; 'others' clause is needed [C:/Users/ferna/OneDrive/Documentos/uergs/trabalhos/computer-organization/first-work/jaguar40/jaguar40.srcs/sources_1/new/control_unit.vhd:45]
ERROR: [XSIM 43-3321] Static elaboration of top level VHDL design unit tb_jaguar40 in library work failed.
INFO: [USF-XSim-69] 'elaborate' step finished in '1' seconds
INFO: [USF-XSim-99] Step results log file:'C:/Users/ferna/OneDrive/Documentos/uergs/trabalhos/computer-organization/first-work/jaguar40/jaguar40.sim/sim_1/behav/xsim/elaborate.log'
ERROR: [USF-XSim-62] 'elaborate' step failed with error(s). Please check the Tcl console output or 'C:/Users/ferna/OneDrive/Documentos/uergs/trabalhos/computer-organization/first-work/jaguar40/jaguar40.sim/sim_1/behav/xsim/elaborate.log' file for more information.
ERROR: [Vivado 12-4473] Detected error while running simulation. Please correct the issue and retry this operation.
ERROR: [Common 17-39] 'launch_simulation' failed due to earlier errors.
ERROR: [Common 17-69] Command failed: ERROR: [Common 17-39] 'launch_simulation' failed due to earlier errors.

close_sim
INFO: [Simtcl 6-16] Simulation closed
launch_simulation
Command: launch_simulation 
INFO: [Vivado 12-12493] Simulation top is 'tb_jaguar40'
WARNING: [Vivado 12-13340] Unable to auto find GCC executables from simulator install path! (path not set)
INFO: [Vivado 12-5682] Launching behavioral simulation in 'C:/Users/ferna/OneDrive/Documentos/uergs/trabalhos/computer-organization/first-work/jaguar40/jaguar40.sim/sim_1/behav/xsim'
INFO: [SIM-utils-51] Simulation object is 'sim_1'
INFO: [SIM-utils-72] Using boost library from 'C:/Xilinx/Vivado/2023.2/tps/boost_1_72_0'
INFO: [SIM-utils-54] Inspecting design source files for 'tb_jaguar40' in fileset 'sim_1'...
INFO: [USF-XSim-97] Finding global include files...
INFO: [USF-XSim-98] Fetching design files from 'sim_1'...
INFO: [USF-XSim-2] XSim::Compile design
INFO: [USF-XSim-61] Executing 'COMPILE and ANALYZE' step in 'C:/Users/ferna/OneDrive/Documentos/uergs/trabalhos/computer-organization/first-work/jaguar40/jaguar40.sim/sim_1/behav/xsim'
"xvhdl --incr --relax -prj tb_jaguar40_vhdl.prj"
ECHO est  desativado.
ECHO est  desativado.
INFO: [USF-XSim-69] 'compile' step finished in '2' seconds
INFO: [USF-XSim-3] XSim::Elaborate design
INFO: [USF-XSim-61] Executing 'ELABORATE' step in 'C:/Users/ferna/OneDrive/Documentos/uergs/trabalhos/computer-organization/first-work/jaguar40/jaguar40.sim/sim_1/behav/xsim'
"xelab --incr --debug typical --relax --mt 2 -L xil_defaultlib -L secureip --snapshot tb_jaguar40_behav xil_defaultlib.tb_jaguar40 -log elaborate.log"
ECHO est  desativado.
ECHO est  desativado.
Vivado Simulator v2023.2
Copyright 1986-2022 Xilinx, Inc. All Rights Reserved.
Copyright 2022-2023 Advanced Micro Devices, Inc. All Rights Reserved.
Running: C:/Xilinx/Vivado/2023.2/bin/unwrapped/win64.o/xelab.exe --incr --debug typical --relax --mt 2 -L xil_defaultlib -L secureip --snapshot tb_jaguar40_behav xil_defaultlib.tb_jaguar40 -log elaborate.log 
Using 2 slave threads.
Starting static elaboration
ERROR: [VRFC 10-8554] case statement does not cover all choices; 'others' clause is needed [C:/Users/ferna/OneDrive/Documentos/uergs/trabalhos/computer-organization/first-work/jaguar40/jaguar40.srcs/sources_1/new/control_unit.vhd:45]
ERROR: [XSIM 43-3321] Static elaboration of top level VHDL design unit tb_jaguar40 in library work failed.
INFO: [USF-XSim-69] 'elaborate' step finished in '2' seconds
INFO: [USF-XSim-99] Step results log file:'C:/Users/ferna/OneDrive/Documentos/uergs/trabalhos/computer-organization/first-work/jaguar40/jaguar40.sim/sim_1/behav/xsim/elaborate.log'
ERROR: [USF-XSim-62] 'elaborate' step failed with error(s). Please check the Tcl console output or 'C:/Users/ferna/OneDrive/Documentos/uergs/trabalhos/computer-organization/first-work/jaguar40/jaguar40.sim/sim_1/behav/xsim/elaborate.log' file for more information.
ERROR: [Vivado 12-4473] Detected error while running simulation. Please correct the issue and retry this operation.
ERROR: [Common 17-39] 'launch_simulation' failed due to earlier errors.
launch_simulation
Command: launch_simulation 
INFO: [Vivado 12-12493] Simulation top is 'tb_jaguar40'
WARNING: [Vivado 12-13340] Unable to auto find GCC executables from simulator install path! (path not set)
INFO: [Vivado 12-5682] Launching behavioral simulation in 'C:/Users/ferna/OneDrive/Documentos/uergs/trabalhos/computer-organization/first-work/jaguar40/jaguar40.sim/sim_1/behav/xsim'
INFO: [SIM-utils-51] Simulation object is 'sim_1'
INFO: [SIM-utils-72] Using boost library from 'C:/Xilinx/Vivado/2023.2/tps/boost_1_72_0'
INFO: [SIM-utils-54] Inspecting design source files for 'tb_jaguar40' in fileset 'sim_1'...
INFO: [USF-XSim-97] Finding global include files...
INFO: [USF-XSim-98] Fetching design files from 'sim_1'...
INFO: [USF-XSim-2] XSim::Compile design
INFO: [USF-XSim-61] Executing 'COMPILE and ANALYZE' step in 'C:/Users/ferna/OneDrive/Documentos/uergs/trabalhos/computer-organization/first-work/jaguar40/jaguar40.sim/sim_1/behav/xsim'
"xvhdl --incr --relax -prj tb_jaguar40_vhdl.prj"
ECHO est  desativado.
ECHO est  desativado.
INFO: [USF-XSim-69] 'compile' step finished in '2' seconds
INFO: [USF-XSim-3] XSim::Elaborate design
INFO: [USF-XSim-61] Executing 'ELABORATE' step in 'C:/Users/ferna/OneDrive/Documentos/uergs/trabalhos/computer-organization/first-work/jaguar40/jaguar40.sim/sim_1/behav/xsim'
"xelab --incr --debug typical --relax --mt 2 -L xil_defaultlib -L secureip --snapshot tb_jaguar40_behav xil_defaultlib.tb_jaguar40 -log elaborate.log"
ECHO est  desativado.
ECHO est  desativado.
Vivado Simulator v2023.2
Copyright 1986-2022 Xilinx, Inc. All Rights Reserved.
Copyright 2022-2023 Advanced Micro Devices, Inc. All Rights Reserved.
Running: C:/Xilinx/Vivado/2023.2/bin/unwrapped/win64.o/xelab.exe --incr --debug typical --relax --mt 2 -L xil_defaultlib -L secureip --snapshot tb_jaguar40_behav xil_defaultlib.tb_jaguar40 -log elaborate.log 
Using 2 slave threads.
Starting static elaboration
ERROR: [VRFC 10-8554] case statement does not cover all choices; 'others' clause is needed [C:/Users/ferna/OneDrive/Documentos/uergs/trabalhos/computer-organization/first-work/jaguar40/jaguar40.srcs/sources_1/new/control_unit.vhd:45]
ERROR: [XSIM 43-3321] Static elaboration of top level VHDL design unit tb_jaguar40 in library work failed.
INFO: [USF-XSim-69] 'elaborate' step finished in '1' seconds
INFO: [USF-XSim-99] Step results log file:'C:/Users/ferna/OneDrive/Documentos/uergs/trabalhos/computer-organization/first-work/jaguar40/jaguar40.sim/sim_1/behav/xsim/elaborate.log'
ERROR: [USF-XSim-62] 'elaborate' step failed with error(s). Please check the Tcl console output or 'C:/Users/ferna/OneDrive/Documentos/uergs/trabalhos/computer-organization/first-work/jaguar40/jaguar40.sim/sim_1/behav/xsim/elaborate.log' file for more information.
ERROR: [Vivado 12-4473] Detected error while running simulation. Please correct the issue and retry this operation.
ERROR: [Common 17-39] 'launch_simulation' failed due to earlier errors.
exit
INFO: [Common 17-206] Exiting Vivado at Tue Jul  2 18:18:57 2024...
