#
# A fatal error has been detected by the Java Runtime Environment:
#
#  EXCEPTION_ACCESS_VIOLATION (0xc0000005) at pc=0x00007ffcd0ad2db5, pid=3692, tid=12596
#
# JRE version: OpenJDK Runtime Environment Temurin-17.0.7+7 (17.0.7+7) (build 17.0.7+7)
# Java VM: OpenJDK 64-Bit Server VM Temurin-17.0.7+7 (17.0.7+7, mixed mode, sharing, tiered, compressed oops, compressed class ptrs, g1 gc, windows-amd64)
# Problematic frame:
# C  [librdi_filemgmt.dll+0x342db5]
#
# No core dump will be written. Minidumps are not enabled by default on client versions of Windows
#
# If you would like to submit a bug report, please visit:
#   https://github.com/adoptium/adoptium-support/issues
# The crash happened outside the Java Virtual Machine in native code.
# See problematic frame for where to report the bug.
#

---------------  S U M M A R Y ------------

Command Line: -Dsun.java2d.pmoffscreen=false -Dhttps.protocols=TLSv1,TLSv1.1,TLSv1.2 -Dsun.java2d.xrender=false -Dsun.java2d.d3d=false -Dsun.awt.nopixfmt=true -Dsun.java2d.dpiaware=true -Dsun.java2d.uiScale.enabled=false -Dswing.aatext=true -XX:-UsePerfData -Djdk.map.althashing.threshold=512 -XX:StringTableSize=4072 -XX:+UseStringDeduplication -XX:MaxGCPauseMillis=200 -XX:+ParallelRefProcEnabled --add-opens=java.desktop/javax.swing.plaf.synth=ALL-UNNAMED --add-opens=java.base/java.nio=ALL-UNNAMED --add-opens=java.desktop/sun.swing=ALL-UNNAMED --add-opens=java.desktop/javax.swing=ALL-UNNAMED --add-opens=java.desktop/javax.swing.tree=ALL-UNNAMED --add-opens=java.desktop/javax.swing.plaf.basic=ALL-UNNAMED --add-opens=java.desktop/javax.swing.plaf.synth=ALL-UNNAMED --add-opens=java.desktop/javax.swing.plaf.basic=ALL-UNNAMED --add-opens=java.desktop/javax.swing=ALL-UNNAMED --add-opens=java.desktop/javax.swing.tree=ALL-UNNAMED --add-opens=java.desktop/java.awt.event=ALL-UNNAMED --add-exports=java.desktop/javax.swing.plaf.synth=ALL-UNNAMED --add-exports=java.base/java.nio=ALL-UNNAMED --add-exports=java.desktop/sun.swing=ALL-UNNAMED --add-exports=java.desktop/javax.swing=ALL-UNNAMED --add-exports=java.desktop/javax.swing.tree=ALL-UNNAMED --add-exports=java.desktop/javax.swing.plaf.basic=ALL-UNNAMED --add-exports=java.desktop/sun.swing=ALL-UNNAMED --add-exports=java.desktop/sun.swing.table=ALL-UNNAMED --add-exports=java.desktop/sun.swing.plaf.synth=ALL-UNNAMED --add-exports=java.desktop/sun.awt.shell=ALL-UNNAMED --add-exports=java.base/sun.security.action=ALL-UNNAMED --add-exports=java.desktop/sun.font=ALL-UNNAMED -XX:NewSize=80m -XX:MaxNewSize=80m -Xms512m -Xmx4072m -Xss10m 

Host: Intel(R) Core(TM) i7-8565U CPU @ 1.80GHz, 8 cores, 7G,  Windows 11 , 64 bit Build 22621 (10.0.22621.3672)
Time: Mon Jul  1 16:12:03 2024 Hora oficial do Brasil elapsed time: 7045.904718 seconds (0d 1h 57m 25s)

---------------  T H R E A D  ---------------

Current thread (0x000001ebc409b670):  JavaThread "AWT-EventQueue-0" [_thread_in_native, id=12596, stack(0x0000008397a00000,0x0000008398400000)]

Stack: [0x0000008397a00000,0x0000008398400000],  sp=0x00000083983fd490,  free space=10229k
Native frames: (J=compiled Java code, j=interpreted, Vv=VM code, C=native code)
C  [librdi_filemgmt.dll+0x342db5]
C  [librdi_filemgmt.dll+0x341605]
C  [librdi_filemgmt.dll+0x35e57f]
C  0x000001ebac29d621

Java frames: (J=compiled Java code, j=interpreted, Vv=VM code)
j  ui.data.srcscan.srcscani.EditorAssist_createFoldInfoIter(JLjava/lang/String;)J+0
j  ui.j.a.a.ZN(Ljava/lang/String;)J+14
j  ui.j.a.c.a(Ljava/net/URI;)V+26
j  ui.j.a.a.ZK(Ljava/lang/String;)V+8
j  ui.views.W.a.a.ayx(Ljava/lang/String;)V+27
j  ui.views.W.a.a.ldn()V+43
j  ui.views.W.a.h.aPQ()V+20
J 25267 c2 ui.frmwork.z.run()V (15 bytes) @ 0x000001ebae0b3658 [0x000001ebae0b2420+0x0000000000001238]
J 12396 c2 java.awt.EventQueue.dispatchEvent(Ljava/awt/AWTEvent;)V java.desktop@17.0.7 (80 bytes) @ 0x000001ebad01e1e8 [0x000001ebad01d860+0x0000000000000988]
J 16867 c2 ui.frmwork.a.d.dispatchEvent(Ljava/awt/AWTEvent;)V (42 bytes) @ 0x000001ebad544c94 [0x000001ebad544280+0x0000000000000a14]
J 23048 c2 java.awt.EventDispatchThread.pumpOneEventForFilters(I)V java.desktop@17.0.7 (113 bytes) @ 0x000001ebadac5930 [0x000001ebadac5540+0x00000000000003f0]
J 20623 c2 java.awt.EventDispatchThread.pumpEventsForFilter(ILjava/awt/Conditional;Ljava/awt/EventFilter;)V java.desktop@17.0.7 (47 bytes) @ 0x000001ebad9e34c4 [0x000001ebad9e3300+0x00000000000001c4]
j  java.awt.EventDispatchThread.pumpEventsForFilter(Ljava/awt/Conditional;Ljava/awt/EventFilter;)V+4 java.desktop@17.0.7
j  java.awt.WaitDispatchSupport$2.run()V+59 java.desktop@17.0.7
j  java.awt.WaitDispatchSupport$4.run()Ljava/lang/Void;+4 java.desktop@17.0.7
j  java.awt.WaitDispatchSupport$4.run()Ljava/lang/Object;+1 java.desktop@17.0.7
J 8346 c2 java.security.AccessController.doPrivileged(Ljava/security/PrivilegedAction;)Ljava/lang/Object; java.base@17.0.7 (9 bytes) @ 0x000001ebacca3bd0 [0x000001ebacca3ba0+0x0000000000000030]
j  java.awt.WaitDispatchSupport.enter()Z+260 java.desktop@17.0.7
j  java.awt.Dialog.show()V+225 java.desktop@17.0.7
J 25361 c1 java.awt.Window.setVisible(Z)V java.desktop@17.0.7 (6 bytes) @ 0x000001eba4e2ee14 [0x000001eba4e2ebe0+0x0000000000000234]
j  java.awt.Dialog.setVisible(Z)V+2 java.desktop@17.0.7
j  ui.dlg.c.e.setVisible(Z)V+2
j  ui.dlg.c.bq.bCa()V+65
j  ui.dlg.c.bq$c.actionPerformed(Ljava/awt/event/ActionEvent;)V+8
j  ui.dlg.c.bq.eTh()V+422
j  ui.views.c.w.b.a.run()V+60
j  ui.frmwork.cmd.a.hnk()Z+96
j  ui.frmwork.cmd.d.hnx()V+42
j  ui.k.z$b.actionPerformed(Ljava/awt/event/ActionEvent;)V+39
j  javax.swing.AbstractButton.fireActionPerformed(Ljava/awt/event/ActionEvent;)V+84 java.desktop@17.0.7
j  ui.utils.swing.b.B.fireActionPerformed(Ljava/awt/event/ActionEvent;)V+7
j  javax.swing.AbstractButton$Handler.actionPerformed(Ljava/awt/event/ActionEvent;)V+5 java.desktop@17.0.7
j  javax.swing.DefaultButtonModel.fireActionPerformed(Ljava/awt/event/ActionEvent;)V+34 java.desktop@17.0.7
j  javax.swing.DefaultButtonModel.setPressed(Z)V+117 java.desktop@17.0.7
j  javax.swing.plaf.basic.BasicButtonListener.mouseReleased(Ljava/awt/event/MouseEvent;)V+35 java.desktop@17.0.7
j  com.jidesoft.plaf.basic.BasicJideButtonListener.mouseReleased(Ljava/awt/event/MouseEvent;)V+61
J 19181 c1 java.awt.AWTEventMulticaster.mouseReleased(Ljava/awt/event/MouseEvent;)V java.desktop@17.0.7 (27 bytes) @ 0x000001eba6b95d84 [0x000001eba6b95b60+0x0000000000000224]
J 19181 c1 java.awt.AWTEventMulticaster.mouseReleased(Ljava/awt/event/MouseEvent;)V java.desktop@17.0.7 (27 bytes) @ 0x000001eba6b95d84 [0x000001eba6b95b60+0x0000000000000224]
J 19181 c1 java.awt.AWTEventMulticaster.mouseReleased(Ljava/awt/event/MouseEvent;)V java.desktop@17.0.7 (27 bytes) @ 0x000001eba6b95d84 [0x000001eba6b95b60+0x0000000000000224]
J 24176 c2 javax.swing.JComponent.processMouseEvent(Ljava/awt/event/MouseEvent;)V java.desktop@17.0.7 (27 bytes) @ 0x000001ebade3a32c [0x000001ebade39f80+0x00000000000003ac]
J 23825 c2 java.awt.Container.processEvent(Ljava/awt/AWTEvent;)V java.desktop@17.0.7 (22 bytes) @ 0x000001ebadd9067c [0x000001ebadd90400+0x000000000000027c]
J 22985 c2 java.awt.Component.dispatchEventImpl(Ljava/awt/AWTEvent;)V java.desktop@17.0.7 (777 bytes) @ 0x000001ebad43b184 [0x000001ebad43a7a0+0x00000000000009e4]
J 21408 c2 java.awt.Container.dispatchEventImpl(Ljava/awt/AWTEvent;)V java.desktop@17.0.7 (129 bytes) @ 0x000001ebad3ee120 [0x000001ebad3edf20+0x0000000000000200]
J 17056 c2 java.awt.LightweightDispatcher.retargetMouseEvent(Ljava/awt/Component;ILjava/awt/event/MouseEvent;)V java.desktop@17.0.7 (372 bytes) @ 0x000001ebad0ebce0 [0x000001ebad0eb8a0+0x0000000000000440]
J 21408 c2 java.awt.Container.dispatchEventImpl(Ljava/awt/AWTEvent;)V java.desktop@17.0.7 (129 bytes) @ 0x000001ebad3eed8c [0x000001ebad3edf20+0x0000000000000e6c]
J 16800 c2 java.awt.Window.dispatchEventImpl(Ljava/awt/AWTEvent;)V java.desktop@17.0.7 (23 bytes) @ 0x000001ebad51ad6c [0x000001ebad51ad20+0x000000000000004c]
J 15807 c2 java.awt.EventQueue$4.run()Ljava/lang/Void; java.desktop@17.0.7 (60 bytes) @ 0x000001ebad374958 [0x000001ebad3744e0+0x0000000000000478]
J 15944 c2 java.awt.EventQueue$4.run()Ljava/lang/Object; java.desktop@17.0.7 (5 bytes) @ 0x000001ebacbbccd4 [0x000001ebacbbcca0+0x0000000000000034]
J 12396 c2 java.awt.EventQueue.dispatchEvent(Ljava/awt/AWTEvent;)V java.desktop@17.0.7 (80 bytes) @ 0x000001ebad01dcd0 [0x000001ebad01d860+0x0000000000000470]
J 16867 c2 ui.frmwork.a.d.dispatchEvent(Ljava/awt/AWTEvent;)V (42 bytes) @ 0x000001ebad544c94 [0x000001ebad544280+0x0000000000000a14]
J 23048 c2 java.awt.EventDispatchThread.pumpOneEventForFilters(I)V java.desktop@17.0.7 (113 bytes) @ 0x000001ebadac5930 [0x000001ebadac5540+0x00000000000003f0]
J 20270% c2 java.awt.EventDispatchThread.pumpEventsForFilter(ILjava/awt/Conditional;Ljava/awt/EventFilter;)V java.desktop@17.0.7 (47 bytes) @ 0x000001ebad971834 [0x000001ebad971700+0x0000000000000134]
j  java.awt.EventDispatchThread.pumpEventsForHierarchy(ILjava/awt/Conditional;Ljava/awt/Component;)V+11 java.desktop@17.0.7
j  java.awt.EventDispatchThread.pumpEvents(ILjava/awt/Conditional;)V+4 java.desktop@17.0.7
j  java.awt.EventDispatchThread.pumpEvents(Ljava/awt/Conditional;)V+3 java.desktop@17.0.7
j  java.awt.EventDispatchThread.run()V+9 java.desktop@17.0.7
v  ~StubRoutines::call_stub

siginfo: EXCEPTION_ACCESS_VIOLATION (0xc0000005), reading address 0x0000000000000000


Register to memory mapping:

RIP=0x00007ffcd0ad2db5 librdi_filemgmt.dll
RAX=0x0000000000000001 is an unknown value
RBX=0x000001ebe6798998 points into unknown readable memory: 0x0000000000000000 | 00 00 00 00 00 00 00 00
RCX=0x000001eb92270000 points into unknown readable memory: 0x0000000000000000 | 00 00 00 00 00 00 00 00
RDX=0x0 is NULL
RSP=0x00000083983fd490 is pointing into the stack for thread: 0x000001ebc409b670
RBP=0x00000083983fd5e0 is pointing into the stack for thread: 0x000001ebc409b670
RSI=0x0 is NULL
RDI=0x000001ebe2bc6030 points into unknown readable memory: 0x00007ffcd0cbc890 | 90 c8 cb d0 fc 7f 00 00
R8 =0x0 is NULL
R9 =0x0000000000000001 is an unknown value
R10=0x0000000000000003 is an unknown value
R11=0x00000083983fd3f0 is pointing into the stack for thread: 0x000001ebc409b670
R12=0x00000083983fd778 is pointing into the stack for thread: 0x000001ebc409b670
R13=0x000001ebc7efaab0 points into unknown readable memory: 0x000001ebddc61a80 | 80 1a c6 dd eb 01 00 00
R14=0x0 is NULL
R15=0x000001ebe3f56060 points into unknown readable memory: 0x005c003f003f005c | 5c 00 3f 00 3f 00 5c 00


Registers:
RAX=0x0000000000000001, RBX=0x000001ebe6798998, RCX=0x000001eb92270000, RDX=0x0000000000000000
RSP=0x00000083983fd490, RBP=0x00000083983fd5e0, RSI=0x0000000000000000, RDI=0x000001ebe2bc6030
R8 =0x0000000000000000, R9 =0x0000000000000001, R10=0x0000000000000003, R11=0x00000083983fd3f0
R12=0x00000083983fd778, R13=0x000001ebc7efaab0, R14=0x0000000000000000, R15=0x000001ebe3f56060
RIP=0x00007ffcd0ad2db5, EFLAGS=0x0000000000010256

Top of Stack: (sp=0x00000083983fd490)
0x00000083983fd490:   0000000000000000 000001eb00000000
0x00000083983fd4a0:   000001ebe6798990 00000083983fd5e0
0x00000083983fd4b0:   fffffffffffffffe 000001ebe679ce00
0x00000083983fd4c0:   5f62745c77656e5c 0000000000000000
0x00000083983fd4d0:   000000000000000f 000001ebe679ca00
0x00000083983fd4e0:   00000083983fd758 0000000000000000
0x00000083983fd4f0:   000000000000000f 0000b0d24927cbbe
0x00000083983fd500:   0000000000000084 000001ebc7efaab0
0x00000083983fd510:   00000083983fd5e0 00007ffcd0ad1605
0x00000083983fd520:   0000000000000087 00007ffcd08da624
0x00000083983fd530:   0000000000000084 000001ebe2bc6030
0x00000083983fd540:   0000000728084060 00007ffc00000000
0x00000083983fd550:   000099d5823eb9f6 000099d5823eb8f6
0x00000083983fd560:   000001ebe3f56060 000001ebc7efaab0
0x00000083983fd570:   00000083983fd778 0000000000000001
0x00000083983fd580:   000001ebc409b918 00000083983fd758 

Instructions: (pc=0x00007ffcd0ad2db5)
0x00007ffcd0ad2cb5:   c2 48 8b 4c 24 30 48 8b c1 48 81 fa 00 10 00 00
0x00007ffcd0ad2cc5:   72 1c 48 83 c2 27 48 8b 49 f8 48 2b c1 48 83 c0
0x00007ffcd0ad2cd5:   f8 48 83 f8 1f 76 07 ff 15 4e eb 19 00 cc e8 74
0x00007ffcd0ad2ce5:   b3 08 00 66 0f 6f 05 d0 33 1a 00 f3 0f 7f 44 24
0x00007ffcd0ad2cf5:   40 c6 44 24 30 00 48 8b cb e8 33 b2 08 00 85 c0
0x00007ffcd0ad2d05:   74 08 8b c8 e8 2e b2 08 00 90 48 8b c6 48 8b 4c
0x00007ffcd0ad2d15:   24 50 48 33 cc e8 81 b7 08 00 48 8b 9c 24 98 00
0x00007ffcd0ad2d25:   00 00 48 83 c4 60 5f 5e 5d c3 cc b8 02 00 00 00
0x00007ffcd0ad2d35:   c3 cc cc cc cc cc cc cc cc cc cc 48 8b c4 56 57
0x00007ffcd0ad2d45:   41 56 48 83 ec 70 48 c7 40 98 fe ff ff ff 48 89
0x00007ffcd0ad2d55:   58 18 48 89 68 20 48 8b 05 2e bf 3f 00 48 33 c4
0x00007ffcd0ad2d65:   48 89 44 24 68 48 8b ea 48 8b f9 48 8b 01 ff 50
0x00007ffcd0ad2d75:   08 8b f0 85 c0 0f 85 1b 01 00 00 48 8b 5f 08 48
0x00007ffcd0ad2d85:   83 c3 08 48 3b 5f 10 0f 84 09 01 00 00 45 33 f6
0x00007ffcd0ad2d95:   48 8b 13 4c 89 74 24 38 48 c7 44 24 40 0f 00 00
0x00007ffcd0ad2da5:   00 c6 44 24 28 00 49 c7 c0 ff ff ff ff 49 ff c0
0x00007ffcd0ad2db5:   42 80 3c 02 00 75 f6 48 8d 4c 24 28 e8 ea 24 ce
0x00007ffcd0ad2dc5:   ff 90 48 8d 54 24 28 48 8d 4c 24 48 ff 15 89 f6
0x00007ffcd0ad2dd5:   19 00 90 48 8b d5 48 8d 4c 24 48 ff 15 ba f3 19
0x00007ffcd0ad2de5:   00 84 c0 75 55 48 8d 4c 24 48 ff 15 93 f5 19 00
0x00007ffcd0ad2df5:   90 48 8b 54 24 40 48 83 fa 10 72 2e 48 ff c2 48
0x00007ffcd0ad2e05:   8b 4c 24 28 48 8b c1 48 81 fa 00 10 00 00 72 15
0x00007ffcd0ad2e15:   48 83 c2 27 48 8b 49 f8 48 2b c1 48 83 c0 f8 48
0x00007ffcd0ad2e25:   83 f8 1f 77 65 e8 2d b2 08 00 48 83 c3 08 48 3b
0x00007ffcd0ad2e35:   5f 10 0f 85 58 ff ff ff eb 5c 48 8b 07 48 8d 54
0x00007ffcd0ad2e45:   24 28 48 8b cf ff 50 08 8b f0 48 8d 4c 24 48 ff
0x00007ffcd0ad2e55:   15 2e f5 19 00 90 48 8b 54 24 40 48 83 fa 10 72
0x00007ffcd0ad2e65:   35 48 ff c2 48 8b 4c 24 28 48 8b c1 48 81 fa 00
0x00007ffcd0ad2e75:   10 00 00 72 1c 48 83 c2 27 48 8b 49 f8 48 2b c1
0x00007ffcd0ad2e85:   48 83 c0 f8 48 83 f8 1f 76 07 ff 15 9b e9 19 00
0x00007ffcd0ad2e95:   cc e8 c1 b1 08 00 8b c6 48 8b 4c 24 68 48 33 cc
0x00007ffcd0ad2ea5:   e8 f6 b5 08 00 4c 8d 5c 24 70 49 8b 5b 30 49 8b 


Stack slot to memory mapping:
stack at sp + 0 slots: 0x0 is NULL
stack at sp + 1 slots: 0x000001eb00000000 is an unknown value
stack at sp + 2 slots: 0x000001ebe6798990 points into unknown readable memory: 0x0000000000000000 | 00 00 00 00 00 00 00 00
stack at sp + 3 slots: 0x00000083983fd5e0 is pointing into the stack for thread: 0x000001ebc409b670
stack at sp + 4 slots: 0xfffffffffffffffe is an unknown value
stack at sp + 5 slots: 0x000001ebe679ce00 points into unknown readable memory: 0x0036006e00690077 | 77 00 69 00 6e 00 36 00
stack at sp + 6 slots: 0x5f62745c77656e5c is an unknown value
stack at sp + 7 slots: 0x0 is NULL


---------------  P R O C E S S  ---------------

Threads class SMR info:
_java_thread_list=0x000001ebe325c0f0, length=66, elements={
0x000001eb9c667a00, 0x000001eb9d120cb0, 0x000001eb9d127590, 0x000001eb9d140130,
0x000001eb9d1446d0, 0x000001eb9d1457b0, 0x000001eb9d149500, 0x000001eb9d14fa10,
0x000001eb9d151f30, 0x000001eb9d152c50, 0x000001ebc409e1c0, 0x000001ebc409ce80,
0x000001ebc409c010, 0x000001ebc409eb60, 0x000001ebc409f030, 0x000001ebc409d350,
0x000001ebc409b670, 0x000001ebc409dcf0, 0x000001ebc409e690, 0x000001ebc409bb40,
0x000001ebc8767570, 0x000001ebc8962e10, 0x000001ebc895cdd0, 0x000001ebc9399c00,
0x000001ebc939b8e0, 0x000001ebcef408b0, 0x000001ebcef44270, 0x000001ebe1e85790,
0x000001ebe1e80f60, 0x000001ebe1e81900, 0x000001ebe1e82c40, 0x000001ebe1e81dd0,
0x000001ebe1e7edb0, 0x000001ebe1e822a0, 0x000001ebe1e82770, 0x000001ebe1e83110,
0x000001ebe1e87470, 0x000001ebe1e7f750, 0x000001ebe1e8bca0, 0x000001ebe1e8a960,
0x000001ebe1e90e70, 0x000001ebe1e91340, 0x000001ebe1e91ce0, 0x000001ebe1e84450,
0x000001ebe1e86ad0, 0x000001ebe1e8cfe0, 0x000001ebc409d820, 0x000001ebcef420c0,
0x000001ebe1e852c0, 0x000001ebe1e86130, 0x000001ebe1e7e8e0, 0x000001ebe6ff5d50,
0x000001ebe6ff5880, 0x000001ebe6ff4070, 0x000001ebe6ffa0b0, 0x000001ebe6ff8d70,
0x000001ebe6ff7090, 0x000001ebe6ffaf20, 0x000001ebe6ffb8c0, 0x000001ebe6ffc730,
0x000001ebe6ff9710, 0x000001ebe6ffcc00, 0x000001ebe6ff4ee0, 0x000001ebe6ff7f00,
0x000001ebe6ff53b0, 0x000001ebe6ffd5a0
}

Java Threads: ( => current thread )
  0x000001eb9c667a00 JavaThread "main" [_thread_blocked, id=17140, stack(0x000000838eb00000,0x000000838ec00000)]
  0x000001eb9d120cb0 JavaThread "Reference Handler" daemon [_thread_blocked, id=8320, stack(0x000000838f300000,0x000000838fd00000)]
  0x000001eb9d127590 JavaThread "Finalizer" daemon [_thread_blocked, id=3324, stack(0x000000838fd00000,0x0000008390700000)]
  0x000001eb9d140130 JavaThread "Signal Dispatcher" daemon [_thread_blocked, id=17836, stack(0x0000008390700000,0x0000008391100000)]
  0x000001eb9d1446d0 JavaThread "Attach Listener" daemon [_thread_blocked, id=16456, stack(0x0000008391100000,0x0000008391b00000)]
  0x000001eb9d1457b0 JavaThread "Service Thread" daemon [_thread_blocked, id=13152, stack(0x0000008391b00000,0x0000008392500000)]
  0x000001eb9d149500 JavaThread "Monitor Deflation Thread" daemon [_thread_blocked, id=2868, stack(0x0000008392500000,0x0000008392f00000)]
  0x000001eb9d14fa10 JavaThread "C2 CompilerThread0" daemon [_thread_blocked, id=4732, stack(0x0000008392f00000,0x0000008393000000)]
  0x000001eb9d151f30 JavaThread "C1 CompilerThread0" daemon [_thread_blocked, id=16984, stack(0x0000008393000000,0x0000008393100000)]
  0x000001eb9d152c50 JavaThread "Sweeper thread" daemon [_thread_blocked, id=11512, stack(0x0000008393100000,0x0000008393b00000)]
  0x000001ebc409e1c0 JavaThread "Common-Cleaner" daemon [_thread_blocked, id=784, stack(0x0000008393b00000,0x0000008394500000)]
  0x000001ebc409ce80 JavaThread "Notification Thread" daemon [_thread_blocked, id=12656, stack(0x0000008394500000,0x0000008394f00000)]
  0x000001ebc409c010 JavaThread "Java2D Disposer" daemon [_thread_blocked, id=7136, stack(0x0000008395100000,0x0000008395b00000)]
  0x000001ebc409eb60 JavaThread "AWT-Shutdown" [_thread_blocked, id=2180, stack(0x0000008395b00000,0x0000008396500000)]
  0x000001ebc409f030 JavaThread "AWT-Windows" daemon [_thread_in_native, id=292, stack(0x0000008396500000,0x0000008396f00000)]
  0x000001ebc409d350 JavaThread "TimerQueue" daemon [_thread_blocked, id=18108, stack(0x0000008397000000,0x0000008397a00000)]
=>0x000001ebc409b670 JavaThread "AWT-EventQueue-0" [_thread_in_native, id=12596, stack(0x0000008397a00000,0x0000008398400000)]
  0x000001ebc409dcf0 JavaThread "Thread-1" [_thread_in_native, id=2440, stack(0x000000838d100000,0x000000838e500000)]
  0x000001ebc409e690 JavaThread "Process Messages Thread" [_thread_blocked, id=3348, stack(0x000000839a000000,0x000000839aa00000)]
  0x000001ebc409bb40 JavaThread "Batik CleanerThread" daemon [_thread_blocked, id=7012, stack(0x0000008399600000,0x000000839a000000)]
  0x000001ebc8767570 JavaThread "SyntheticaCleanerThread" daemon [_thread_blocked, id=284, stack(0x000000839b500000,0x000000839bf00000)]
  0x000001ebc8962e10 JavaThread "Timer-0" [_thread_blocked, id=7632, stack(0x000000839c900000,0x000000839d300000)]
  0x000001ebc895cdd0 JavaThread "Monitor File Timestamp Swing Worker Thread" [_thread_blocked, id=16944, stack(0x000000839d300000,0x000000839dd00000)]
  0x000001ebc9399c00 JavaThread "Monitor HEventQueue Thread" [_thread_blocked, id=17372, stack(0x000000839de00000,0x000000839e800000)]
  0x000001ebc939b8e0 JavaThread "SyntheticaAnimation 50" daemon [_thread_blocked, id=10880, stack(0x000000839e800000,0x000000839f200000)]
  0x000001ebcef408b0 JavaThread "SyntheticaAnimation 25" daemon [_thread_blocked, id=18352, stack(0x000000839f200000,0x000000839fc00000)]
  0x000001ebcef44270 JavaThread "SyntheticaAnimation 70" daemon [_thread_blocked, id=3668, stack(0x00000083a0600000,0x00000083a1000000)]
  0x000001ebe1e85790 JavaThread "Refresh Filesets Swing Worker Thread" [_thread_blocked, id=17652, stack(0x000000839ab00000,0x000000839b500000)]
  0x000001ebe1e80f60 JavaThread "hw_ila_monitor" [_thread_blocked, id=16472, stack(0x000000839bf00000,0x000000839c900000)]
  0x000001ebe1e81900 JavaThread "pool-1-thread-1" [_thread_blocked, id=10008, stack(0x0000008398400000,0x0000008398e00000)]
  0x000001ebe1e82c40 JavaThread "Timer-1" [_thread_blocked, id=18180, stack(0x00000083a2400000,0x00000083a2e00000)]
  0x000001ebe1e81dd0 JavaThread "pool-2-thread-1" [_thread_blocked, id=11084, stack(0x00000083a2e00000,0x00000083a3800000)]
  0x000001ebe1e7edb0 JavaThread "Timer-2" [_thread_blocked, id=6228, stack(0x00000083a3800000,0x00000083a4200000)]
  0x000001ebe1e822a0 JavaThread "pool-3-thread-1" [_thread_blocked, id=13760, stack(0x00000083a4200000,0x00000083a4c00000)]
  0x000001ebe1e82770 JavaThread "Timer-3" [_thread_blocked, id=1428, stack(0x00000083a4c00000,0x00000083a5600000)]
  0x000001ebe1e83110 JavaThread "Update Runs Swing Worker Thread" [_thread_blocked, id=9908, stack(0x00000083a5600000,0x00000083a6000000)]
  0x000001ebe1e87470 JavaThread "SyntheticaAnimation 50" daemon [_thread_blocked, id=2728, stack(0x000000839fc00000,0x00000083a0600000)]
  0x000001ebe1e7f750 JavaThread "Timer-4" [_thread_blocked, id=3584, stack(0x00000083a1000000,0x00000083a1a00000)]
  0x000001ebe1e8bca0 JavaThread "Image Animator 3" daemon [_thread_blocked, id=17628, stack(0x00000083a8000000,0x00000083a8a00000)]
  0x000001ebe1e8a960 JavaThread "Timer-13" [_thread_blocked, id=17368, stack(0x00000083a1a00000,0x00000083a2400000)]
  0x000001ebe1e90e70 JavaThread "Monitor File Timestamp Swing Worker Thread" [_thread_blocked, id=2936, stack(0x00000083a6000000,0x00000083a6a00000)]
  0x000001ebe1e91340 JavaThread "Timer-15" [_thread_blocked, id=14396, stack(0x00000083a8a00000,0x00000083a9400000)]
  0x000001ebe1e91ce0 JavaThread "Monitor File Timestamp Swing Worker Thread" [_thread_blocked, id=9948, stack(0x00000083a9400000,0x00000083a9e00000)]
  0x000001ebe1e84450 JavaThread "Timer-16" [_thread_blocked, id=15596, stack(0x00000083a6a00000,0x00000083a7400000)]
  0x000001ebe1e86ad0 JavaThread "Timer-18" [_thread_blocked, id=3588, stack(0x00000083ab200000,0x00000083abc00000)]
  0x000001ebe1e8cfe0 JavaThread "Monitor File Timestamp Swing Worker Thread" [_thread_blocked, id=13980, stack(0x00000083abc00000,0x00000083ac600000)]
  0x000001ebc409d820 JavaThread "Timer-19" [_thread_blocked, id=7040, stack(0x00000083ac600000,0x00000083ad000000)]
  0x000001ebcef420c0 JavaThread "Monitor File Timestamp Swing Worker Thread" [_thread_blocked, id=6276, stack(0x00000083ad000000,0x00000083ada00000)]
  0x000001ebe1e852c0 JavaThread "Timer-20" [_thread_blocked, id=17724, stack(0x00000083a7400000,0x00000083a7e00000)]
  0x000001ebe1e86130 JavaThread "Monitor File Timestamp Swing Worker Thread" [_thread_blocked, id=14472, stack(0x00000083a9e00000,0x00000083aa800000)]
  0x000001ebe1e7e8e0 JavaThread "Timer-21" [_thread_blocked, id=14476, stack(0x00000083aa800000,0x00000083ab200000)]
  0x000001ebe6ff5d50 JavaThread "Monitor File Timestamp Swing Worker Thread" [_thread_blocked, id=11732, stack(0x00000083ada00000,0x00000083ae400000)]
  0x000001ebe6ff5880 JavaThread "SyntheticaAnimation 50" daemon [_thread_blocked, id=12728, stack(0x00000083ae400000,0x00000083aee00000)]
  0x000001ebe6ff4070 JavaThread "Timer-22" [_thread_blocked, id=5572, stack(0x00000083aee00000,0x00000083af800000)]
  0x000001ebe6ffa0b0 JavaThread "Monitor File Timestamp Swing Worker Thread" [_thread_blocked, id=6972, stack(0x00000083af800000,0x00000083b0200000)]
  0x000001ebe6ff8d70 JavaThread "Timer-26" [_thread_blocked, id=14688, stack(0x00000083b1600000,0x00000083b2000000)]
  0x000001ebe6ff7090 JavaThread "Monitor File Timestamp Swing Worker Thread" [_thread_blocked, id=17452, stack(0x00000083b2000000,0x00000083b2a00000)]
  0x000001ebe6ffaf20 JavaThread "Timer-27" [_thread_blocked, id=9424, stack(0x00000083b2a00000,0x00000083b3400000)]
  0x000001ebe6ffb8c0 JavaThread "Monitor File Timestamp Swing Worker Thread" [_thread_blocked, id=17264, stack(0x00000083b3400000,0x00000083b3e00000)]
  0x000001ebe6ffc730 JavaThread "Timer-28" [_thread_blocked, id=17092, stack(0x00000083b3e00000,0x00000083b4800000)]
  0x000001ebe6ff9710 JavaThread "Monitor File Timestamp Swing Worker Thread" [_thread_blocked, id=7204, stack(0x00000083b4800000,0x00000083b5200000)]
  0x000001ebe6ffcc00 JavaThread "Image Fetcher 3" daemon [_thread_blocked, id=7072, stack(0x00000083b0c00000,0x00000083b1600000)]
  0x000001ebe6ff4ee0 JavaThread "Relaunch Simulation Thread" [_thread_in_native, id=8724, stack(0x00000083b0200000,0x00000083b0c00000)]
  0x000001ebe6ff7f00 JavaThread "Code Inspector Thread" [_thread_in_native, id=17124, stack(0x00000083b5200000,0x00000083b5c00000)]
  0x000001ebe6ff53b0 JavaThread "Code Inspector Thread" [_thread_in_native, id=17684, stack(0x00000083b5c00000,0x00000083b6600000)]
  0x000001ebe6ffd5a0 JavaThread "Code Inspector Thread" [_thread_in_native, id=16432, stack(0x00000083b7a00000,0x00000083b8400000)]

Other Threads:
  0x000001eb9d11d220 VMThread "VM Thread" [stack: 0x000000838f200000,0x000000838f300000] [id=18088]
  0x000001eb99a87830 WatcherThread [stack: 0x0000008394f00000,0x0000008395000000] [id=17648]
  0x000001eb997a2620 GCTaskThread "GC Thread#0" [stack: 0x000000838ec00000,0x000000838ed00000] [id=2772]
  0x000001eb997a7ed0 GCTaskThread "GC Thread#1" [stack: 0x0000008398e00000,0x0000008398f00000] [id=15804]
  0x000001eb997a63f0 GCTaskThread "GC Thread#2" [stack: 0x0000008398f00000,0x0000008399000000] [id=18156]
  0x000001eb997a4910 GCTaskThread "GC Thread#3" [stack: 0x0000008399000000,0x0000008399100000] [id=14024]
  0x000001eb997a53d0 GCTaskThread "GC Thread#4" [stack: 0x0000008399100000,0x0000008399200000] [id=9668]
  0x000001eb997a3390 GCTaskThread "GC Thread#5" [stack: 0x0000008399200000,0x0000008399300000] [id=10676]
  0x000001eb997a4bc0 GCTaskThread "GC Thread#6" [stack: 0x0000008399300000,0x0000008399400000] [id=7380]
  0x000001eb997a4e70 GCTaskThread "GC Thread#7" [stack: 0x0000008399400000,0x0000008399500000] [id=17800]
  0x000001eb9bb5ecf0 ConcurrentGCThread "G1 Main Marker" [stack: 0x000000838ed00000,0x000000838ee00000] [id=15168]
  0x000001eb997a10a0 ConcurrentGCThread "G1 Conc#0" [stack: 0x000000838ee00000,0x000000838ef00000] [id=13540]
  0x000001eb997a5120 ConcurrentGCThread "G1 Conc#1" [stack: 0x000000839aa00000,0x000000839ab00000] [id=2232]
  0x000001eb9b661b40 ConcurrentGCThread "G1 Refine#0" [stack: 0x000000838ef00000,0x000000838f000000] [id=18284]
  0x000001ebc6c6ea80 ConcurrentGCThread "G1 Refine#1" [stack: 0x0000008399500000,0x0000008399600000] [id=10036]
  0x000001eb9c863cb0 ConcurrentGCThread "G1 Service" [stack: 0x000000838f000000,0x000000838f100000] [id=1704]
  0x000001eb997a3e50 ConcurrentGCThread "StringDedupProcessor" [stack: 0x000000838f100000,0x000000838f200000] [id=17032]

Threads with active compile tasks:

VM state: not at safepoint (normal execution)

VM Mutex/Monitor currently owned by a thread: None

Heap address: 0x0000000701800000, size: 4072 MB, Compressed Oops mode: Zero based, Oop shift amount: 3

CDS archive(s) mapped at: [0x0000000800000000-0x0000000800bc0000-0x0000000800bc0000), size 12320768, SharedBaseAddress: 0x0000000800000000, ArchiveRelocationMode: 0.
Compressed class space mapped at: 0x0000000801000000-0x0000000841000000, reserved size: 1073741824
Narrow klass base: 0x0000000800000000, Narrow klass shift: 0, Narrow klass range: 0x100000000

GC Precious Log:
 CPUs: 8 total, 8 available
 Memory: 8043M
 Large Page Support: Disabled
 NUMA Support: Disabled
 Compressed Oops: Enabled (Zero based)
 Heap Region Size: 2M
 Heap Min Capacity: 512M
 Heap Initial Capacity: 512M
 Heap Max Capacity: 4072M
 Pre-touch: Disabled
 Parallel Workers: 8
 Concurrent Workers: 2
 Concurrent Refinement Workers: 8
 Periodic GC: Disabled
 String Deduplication is enabled

Heap:
 garbage-first heap   total 679936K, used 121761K [0x0000000701800000, 0x0000000800000000)
  region size 2048K, 25 young (51200K), 1 survivors (2048K)
 Metaspace       used 88339K, committed 89856K, reserved 1179648K
  class space    used 11713K, committed 12224K, reserved 1048576K

Heap Regions: E=young(eden), S=young(survivor), O=old, HS=humongous(starts), HC=humongous(continues), CS=collection set, F=free, OA=open archive, CA=closed archive, TAMS=top-at-mark-start (previous, next)
|   0|0x0000000701800000, 0x0000000701a00000, 0x0000000701a00000|100%|HS|  |TAMS 0x0000000701a00000, 0x0000000701800000| Untracked 
|   1|0x0000000701a00000, 0x0000000701bffff0, 0x0000000701c00000| 99%| O|  |TAMS 0x0000000701bffff0, 0x0000000701a00000| Untracked 
|   2|0x0000000701c00000, 0x0000000701e00000, 0x0000000701e00000|100%| O|  |TAMS 0x0000000701e00000, 0x0000000701c00000| Untracked 
|   3|0x0000000701e00000, 0x0000000701fffff0, 0x0000000702000000| 99%| O|  |TAMS 0x0000000701fffff0, 0x0000000701e00000| Untracked 
|   4|0x0000000702000000, 0x00000007021ff698, 0x0000000702200000| 99%| O|  |TAMS 0x00000007021ff698, 0x0000000702000000| Untracked 
|   5|0x0000000702200000, 0x00000007023fdac0, 0x0000000702400000| 99%| O|  |TAMS 0x00000007023fdac0, 0x0000000702200000| Untracked 
|   6|0x0000000702400000, 0x0000000702600000, 0x0000000702600000|100%| O|  |TAMS 0x0000000702600000, 0x0000000702400000| Untracked 
|   7|0x0000000702600000, 0x0000000702800000, 0x0000000702800000|100%| O|  |TAMS 0x0000000702800000, 0x0000000702600000| Untracked 
|   8|0x0000000702800000, 0x0000000702a00000, 0x0000000702a00000|100%| O|  |TAMS 0x0000000702a00000, 0x0000000702800000| Untracked 
|   9|0x0000000702a00000, 0x0000000702bffff8, 0x0000000702c00000| 99%| O|  |TAMS 0x0000000702bffff8, 0x0000000702a00000| Untracked 
|  10|0x0000000702c00000, 0x0000000702dfffd8, 0x0000000702e00000| 99%| O|  |TAMS 0x0000000702dfffd8, 0x0000000702c00000| Untracked 
|  11|0x0000000702e00000, 0x0000000702fffff8, 0x0000000703000000| 99%| O|  |TAMS 0x0000000702fffff8, 0x0000000702e00000| Untracked 
|  12|0x0000000703000000, 0x0000000703200000, 0x0000000703200000|100%| O|  |TAMS 0x0000000703200000, 0x0000000703000000| Untracked 
|  13|0x0000000703200000, 0x00000007033e1d68, 0x0000000703400000| 94%| O|  |TAMS 0x0000000703200000, 0x0000000703200000| Untracked 
|  14|0x0000000703400000, 0x00000007035fffe8, 0x0000000703600000| 99%| O|  |TAMS 0x00000007035fffe8, 0x0000000703400000| Untracked 
|  15|0x0000000703600000, 0x00000007037fff90, 0x0000000703800000| 99%| O|  |TAMS 0x00000007037fff90, 0x0000000703600000| Untracked 
|  16|0x0000000703800000, 0x00000007039ffff0, 0x0000000703a00000| 99%| O|  |TAMS 0x00000007039ffff0, 0x0000000703800000| Untracked 
|  17|0x0000000703a00000, 0x0000000703bffb38, 0x0000000703c00000| 99%| O|  |TAMS 0x0000000703bffb38, 0x0000000703a00000| Untracked 
|  18|0x0000000703c00000, 0x0000000703dffff0, 0x0000000703e00000| 99%| O|  |TAMS 0x0000000703dffff0, 0x0000000703c00000| Untracked 
|  19|0x0000000703e00000, 0x0000000703fffff0, 0x0000000704000000| 99%| O|  |TAMS 0x0000000703fffff0, 0x0000000703e00000| Untracked 
|  20|0x0000000704000000, 0x0000000704194438, 0x0000000704200000| 78%| O|  |TAMS 0x0000000704000000, 0x0000000704000000| Untracked 
|  21|0x0000000704200000, 0x00000007043fffe8, 0x0000000704400000| 99%| O|  |TAMS 0x00000007043fffe8, 0x0000000704200000| Untracked 
|  22|0x0000000704400000, 0x0000000704600000, 0x0000000704600000|100%|HS|  |TAMS 0x0000000704600000, 0x0000000704400000| Untracked 
|  23|0x0000000704600000, 0x0000000704800000, 0x0000000704800000|100%|HC|  |TAMS 0x0000000704800000, 0x0000000704600000| Untracked 
|  24|0x0000000704800000, 0x0000000704a00000, 0x0000000704a00000|100%|HC|  |TAMS 0x0000000704a00000, 0x0000000704800000| Untracked 
|  25|0x0000000704a00000, 0x0000000704c00000, 0x0000000704c00000|100%|HC|  |TAMS 0x0000000704c00000, 0x0000000704a00000| Untracked 
|  26|0x0000000704c00000, 0x0000000704e00000, 0x0000000704e00000|100%|HC|  |TAMS 0x0000000704e00000, 0x0000000704c00000| Untracked 
|  27|0x0000000704e00000, 0x0000000704f9c9f8, 0x0000000705000000| 80%| O|  |TAMS 0x0000000704e00000, 0x0000000704e00000| Untracked 
|  28|0x0000000705000000, 0x0000000705200000, 0x0000000705200000|100%| O|  |TAMS 0x0000000705200000, 0x0000000705000000| Untracked 
|  29|0x0000000705200000, 0x00000007053d80c8, 0x0000000705400000| 92%| O|  |TAMS 0x0000000705200000, 0x0000000705200000| Untracked 
|  30|0x0000000705400000, 0x00000007055ffff8, 0x0000000705600000| 99%| O|  |TAMS 0x00000007055ffff8, 0x0000000705400000| Untracked 
|  31|0x0000000705600000, 0x00000007057e1f98, 0x0000000705800000| 94%| O|  |TAMS 0x0000000705600000, 0x0000000705600000| Untracked 
|  32|0x0000000705800000, 0x0000000705a00000, 0x0000000705a00000|100%| O|  |TAMS 0x0000000705a00000, 0x0000000705800000| Untracked 
|  33|0x0000000705a00000, 0x0000000705bfff78, 0x0000000705c00000| 99%| O|  |TAMS 0x0000000705bfff78, 0x0000000705a00000| Untracked 
|  34|0x0000000705c00000, 0x0000000705d21c98, 0x0000000705e00000| 56%| O|  |TAMS 0x0000000705c00000, 0x0000000705c00000| Untracked 
|  35|0x0000000705e00000, 0x0000000705e23b18, 0x0000000706000000|  6%| O|  |TAMS 0x0000000705e00000, 0x0000000705e00000| Untracked 
|  36|0x0000000706000000, 0x0000000706000000, 0x0000000706200000|  0%| F|  |TAMS 0x0000000706000000, 0x0000000706000000| Untracked 
|  37|0x0000000706200000, 0x0000000706200000, 0x0000000706400000|  0%| F|  |TAMS 0x0000000706200000, 0x0000000706200000| Untracked 
|  38|0x0000000706400000, 0x0000000706600000, 0x0000000706600000|100%|HS|  |TAMS 0x0000000706600000, 0x0000000706400000| Untracked 
|  39|0x0000000706600000, 0x0000000706800000, 0x0000000706800000|100%|HC|  |TAMS 0x0000000706800000, 0x0000000706600000| Untracked 
|  40|0x0000000706800000, 0x0000000706800000, 0x0000000706a00000|  0%| F|  |TAMS 0x0000000706800000, 0x0000000706800000| Untracked 
|  41|0x0000000706a00000, 0x0000000706a00000, 0x0000000706c00000|  0%| F|  |TAMS 0x0000000706a00000, 0x0000000706a00000| Untracked 
|  42|0x0000000706c00000, 0x0000000706c00000, 0x0000000706e00000|  0%| F|  |TAMS 0x0000000706c00000, 0x0000000706c00000| Untracked 
|  43|0x0000000706e00000, 0x0000000706e00000, 0x0000000707000000|  0%| F|  |TAMS 0x0000000706e00000, 0x0000000706e00000| Untracked 
|  44|0x0000000707000000, 0x0000000707000000, 0x0000000707200000|  0%| F|  |TAMS 0x0000000707000000, 0x0000000707000000| Untracked 
|  45|0x0000000707200000, 0x0000000707200000, 0x0000000707400000|  0%| F|  |TAMS 0x0000000707200000, 0x0000000707200000| Untracked 
|  46|0x0000000707400000, 0x0000000707400000, 0x0000000707600000|  0%| F|  |TAMS 0x0000000707400000, 0x0000000707400000| Untracked 
|  47|0x0000000707600000, 0x0000000707600000, 0x0000000707800000|  0%| F|  |TAMS 0x0000000707600000, 0x0000000707600000| Untracked 
|  48|0x0000000707800000, 0x0000000707800000, 0x0000000707a00000|  0%| F|  |TAMS 0x0000000707800000, 0x0000000707800000| Untracked 
|  49|0x0000000707a00000, 0x0000000707a00000, 0x0000000707c00000|  0%| F|  |TAMS 0x0000000707a00000, 0x0000000707a00000| Untracked 
|  50|0x0000000707c00000, 0x0000000707c00000, 0x0000000707e00000|  0%| F|  |TAMS 0x0000000707c00000, 0x0000000707c00000| Untracked 
|  51|0x0000000707e00000, 0x0000000707e00000, 0x0000000708000000|  0%| F|  |TAMS 0x0000000707e00000, 0x0000000707e00000| Untracked 
|  52|0x0000000708000000, 0x0000000708000000, 0x0000000708200000|  0%| F|  |TAMS 0x0000000708000000, 0x0000000708000000| Untracked 
|  53|0x0000000708200000, 0x0000000708200000, 0x0000000708400000|  0%| F|  |TAMS 0x0000000708200000, 0x0000000708200000| Untracked 
|  54|0x0000000708400000, 0x0000000708400000, 0x0000000708600000|  0%| F|  |TAMS 0x0000000708400000, 0x0000000708400000| Untracked 
|  55|0x0000000708600000, 0x0000000708600000, 0x0000000708800000|  0%| F|  |TAMS 0x0000000708600000, 0x0000000708600000| Untracked 
|  56|0x0000000708800000, 0x0000000708800000, 0x0000000708a00000|  0%| F|  |TAMS 0x0000000708800000, 0x0000000708800000| Untracked 
|  57|0x0000000708a00000, 0x0000000708a00000, 0x0000000708c00000|  0%| F|  |TAMS 0x0000000708a00000, 0x0000000708a00000| Untracked 
|  58|0x0000000708c00000, 0x0000000708c00000, 0x0000000708e00000|  0%| F|  |TAMS 0x0000000708c00000, 0x0000000708c00000| Untracked 
|  59|0x0000000708e00000, 0x0000000708e00000, 0x0000000709000000|  0%| F|  |TAMS 0x0000000708e00000, 0x0000000708e00000| Untracked 
|  60|0x0000000709000000, 0x0000000709000000, 0x0000000709200000|  0%| F|  |TAMS 0x0000000709000000, 0x0000000709000000| Untracked 
|  61|0x0000000709200000, 0x0000000709200000, 0x0000000709400000|  0%| F|  |TAMS 0x0000000709200000, 0x0000000709200000| Untracked 
|  62|0x0000000709400000, 0x0000000709400000, 0x0000000709600000|  0%| F|  |TAMS 0x0000000709400000, 0x0000000709400000| Untracked 
|  63|0x0000000709600000, 0x0000000709600000, 0x0000000709800000|  0%| F|  |TAMS 0x0000000709600000, 0x0000000709600000| Untracked 
|  64|0x0000000709800000, 0x0000000709800000, 0x0000000709a00000|  0%| F|  |TAMS 0x0000000709800000, 0x0000000709800000| Untracked 
|  65|0x0000000709a00000, 0x0000000709a00000, 0x0000000709c00000|  0%| F|  |TAMS 0x0000000709a00000, 0x0000000709a00000| Untracked 
|  66|0x0000000709c00000, 0x0000000709c00000, 0x0000000709e00000|  0%| F|  |TAMS 0x0000000709c00000, 0x0000000709c00000| Untracked 
|  67|0x0000000709e00000, 0x0000000709e00000, 0x000000070a000000|  0%| F|  |TAMS 0x0000000709e00000, 0x0000000709e00000| Untracked 
|  68|0x000000070a000000, 0x000000070a000000, 0x000000070a200000|  0%| F|  |TAMS 0x000000070a000000, 0x000000070a000000| Untracked 
|  69|0x000000070a200000, 0x000000070a200000, 0x000000070a400000|  0%| F|  |TAMS 0x000000070a200000, 0x000000070a200000| Untracked 
|  70|0x000000070a400000, 0x000000070a400000, 0x000000070a600000|  0%| F|  |TAMS 0x000000070a400000, 0x000000070a400000| Untracked 
|  71|0x000000070a600000, 0x000000070a600000, 0x000000070a800000|  0%| F|  |TAMS 0x000000070a600000, 0x000000070a600000| Untracked 
|  72|0x000000070a800000, 0x000000070a800000, 0x000000070aa00000|  0%| F|  |TAMS 0x000000070a800000, 0x000000070a800000| Untracked 
|  73|0x000000070aa00000, 0x000000070aa00000, 0x000000070ac00000|  0%| F|  |TAMS 0x000000070aa00000, 0x000000070aa00000| Untracked 
|  74|0x000000070ac00000, 0x000000070ac00000, 0x000000070ae00000|  0%| F|  |TAMS 0x000000070ac00000, 0x000000070ac00000| Untracked 
|  75|0x000000070ae00000, 0x000000070ae00000, 0x000000070b000000|  0%| F|  |TAMS 0x000000070ae00000, 0x000000070ae00000| Untracked 
|  76|0x000000070b000000, 0x000000070b000000, 0x000000070b200000|  0%| F|  |TAMS 0x000000070b000000, 0x000000070b000000| Untracked 
|  77|0x000000070b200000, 0x000000070b200000, 0x000000070b400000|  0%| F|  |TAMS 0x000000070b200000, 0x000000070b200000| Untracked 
|  78|0x000000070b400000, 0x000000070b400000, 0x000000070b600000|  0%| F|  |TAMS 0x000000070b400000, 0x000000070b400000| Untracked 
|  79|0x000000070b600000, 0x000000070b600000, 0x000000070b800000|  0%| F|  |TAMS 0x000000070b600000, 0x000000070b600000| Untracked 
|  80|0x000000070b800000, 0x000000070b800000, 0x000000070ba00000|  0%| F|  |TAMS 0x000000070b800000, 0x000000070b800000| Untracked 
|  81|0x000000070ba00000, 0x000000070ba00000, 0x000000070bc00000|  0%| F|  |TAMS 0x000000070ba00000, 0x000000070ba00000| Untracked 
|  82|0x000000070bc00000, 0x000000070bc00000, 0x000000070be00000|  0%| F|  |TAMS 0x000000070bc00000, 0x000000070bc00000| Untracked 
|  83|0x000000070be00000, 0x000000070be00000, 0x000000070c000000|  0%| F|  |TAMS 0x000000070be00000, 0x000000070be00000| Untracked 
|  84|0x000000070c000000, 0x000000070c000000, 0x000000070c200000|  0%| F|  |TAMS 0x000000070c000000, 0x000000070c000000| Untracked 
|  85|0x000000070c200000, 0x000000070c200000, 0x000000070c400000|  0%| F|  |TAMS 0x000000070c200000, 0x000000070c200000| Untracked 
|  86|0x000000070c400000, 0x000000070c400000, 0x000000070c600000|  0%| F|  |TAMS 0x000000070c400000, 0x000000070c400000| Untracked 
|  87|0x000000070c600000, 0x000000070c600000, 0x000000070c800000|  0%| F|  |TAMS 0x000000070c600000, 0x000000070c600000| Untracked 
|  88|0x000000070c800000, 0x000000070c800000, 0x000000070ca00000|  0%| F|  |TAMS 0x000000070c800000, 0x000000070c800000| Untracked 
|  89|0x000000070ca00000, 0x000000070ca00000, 0x000000070cc00000|  0%| F|  |TAMS 0x000000070ca00000, 0x000000070ca00000| Untracked 
|  90|0x000000070cc00000, 0x000000070cc00000, 0x000000070ce00000|  0%| F|  |TAMS 0x000000070cc00000, 0x000000070cc00000| Untracked 
|  91|0x000000070ce00000, 0x000000070ce00000, 0x000000070d000000|  0%| F|  |TAMS 0x000000070ce00000, 0x000000070ce00000| Untracked 
|  92|0x000000070d000000, 0x000000070d000000, 0x000000070d200000|  0%| F|  |TAMS 0x000000070d000000, 0x000000070d000000| Untracked 
|  93|0x000000070d200000, 0x000000070d200000, 0x000000070d400000|  0%| F|  |TAMS 0x000000070d200000, 0x000000070d200000| Untracked 
|  94|0x000000070d400000, 0x000000070d400000, 0x000000070d600000|  0%| F|  |TAMS 0x000000070d400000, 0x000000070d400000| Untracked 
|  95|0x000000070d600000, 0x000000070d600000, 0x000000070d800000|  0%| F|  |TAMS 0x000000070d600000, 0x000000070d600000| Untracked 
|  96|0x000000070d800000, 0x000000070d800000, 0x000000070da00000|  0%| F|  |TAMS 0x000000070d800000, 0x000000070d800000| Untracked 
|  97|0x000000070da00000, 0x000000070da00000, 0x000000070dc00000|  0%| F|  |TAMS 0x000000070da00000, 0x000000070da00000| Untracked 
|  98|0x000000070dc00000, 0x000000070dc00000, 0x000000070de00000|  0%| F|  |TAMS 0x000000070dc00000, 0x000000070dc00000| Untracked 
|  99|0x000000070de00000, 0x000000070de00000, 0x000000070e000000|  0%| F|  |TAMS 0x000000070de00000, 0x000000070de00000| Untracked 
| 100|0x000000070e000000, 0x000000070e000000, 0x000000070e200000|  0%| F|  |TAMS 0x000000070e000000, 0x000000070e000000| Untracked 
| 101|0x000000070e200000, 0x000000070e200000, 0x000000070e400000|  0%| F|  |TAMS 0x000000070e200000, 0x000000070e200000| Untracked 
| 102|0x000000070e400000, 0x000000070e400000, 0x000000070e600000|  0%| F|  |TAMS 0x000000070e400000, 0x000000070e400000| Untracked 
| 103|0x000000070e600000, 0x000000070e600000, 0x000000070e800000|  0%| F|  |TAMS 0x000000070e600000, 0x000000070e600000| Untracked 
| 104|0x000000070e800000, 0x000000070e800000, 0x000000070ea00000|  0%| F|  |TAMS 0x000000070e800000, 0x000000070e800000| Untracked 
| 105|0x000000070ea00000, 0x000000070ea00000, 0x000000070ec00000|  0%| F|  |TAMS 0x000000070ea00000, 0x000000070ea00000| Untracked 
| 106|0x000000070ec00000, 0x000000070ec00000, 0x000000070ee00000|  0%| F|  |TAMS 0x000000070ec00000, 0x000000070ec00000| Untracked 
| 107|0x000000070ee00000, 0x000000070ee00000, 0x000000070f000000|  0%| F|  |TAMS 0x000000070ee00000, 0x000000070ee00000| Untracked 
| 108|0x000000070f000000, 0x000000070f000000, 0x000000070f200000|  0%| F|  |TAMS 0x000000070f000000, 0x000000070f000000| Untracked 
| 109|0x000000070f200000, 0x000000070f200000, 0x000000070f400000|  0%| F|  |TAMS 0x000000070f200000, 0x000000070f200000| Untracked 
| 110|0x000000070f400000, 0x000000070f400000, 0x000000070f600000|  0%| F|  |TAMS 0x000000070f400000, 0x000000070f400000| Untracked 
| 111|0x000000070f600000, 0x000000070f600000, 0x000000070f800000|  0%| F|  |TAMS 0x000000070f600000, 0x000000070f600000| Untracked 
| 112|0x000000070f800000, 0x000000070f800000, 0x000000070fa00000|  0%| F|  |TAMS 0x000000070f800000, 0x000000070f800000| Untracked 
| 113|0x000000070fa00000, 0x000000070fa00000, 0x000000070fc00000|  0%| F|  |TAMS 0x000000070fa00000, 0x000000070fa00000| Untracked 
| 114|0x000000070fc00000, 0x000000070fc00000, 0x000000070fe00000|  0%| F|  |TAMS 0x000000070fc00000, 0x000000070fc00000| Untracked 
| 115|0x000000070fe00000, 0x000000070fe00000, 0x0000000710000000|  0%| F|  |TAMS 0x000000070fe00000, 0x000000070fe00000| Untracked 
| 116|0x0000000710000000, 0x0000000710000000, 0x0000000710200000|  0%| F|  |TAMS 0x0000000710000000, 0x0000000710000000| Untracked 
| 117|0x0000000710200000, 0x0000000710200000, 0x0000000710400000|  0%| F|  |TAMS 0x0000000710200000, 0x0000000710200000| Untracked 
| 118|0x0000000710400000, 0x0000000710400000, 0x0000000710600000|  0%| F|  |TAMS 0x0000000710400000, 0x0000000710400000| Untracked 
| 119|0x0000000710600000, 0x0000000710600000, 0x0000000710800000|  0%| F|  |TAMS 0x0000000710600000, 0x0000000710600000| Untracked 
| 120|0x0000000710800000, 0x0000000710800000, 0x0000000710a00000|  0%| F|  |TAMS 0x0000000710800000, 0x0000000710800000| Untracked 
| 121|0x0000000710a00000, 0x0000000710a00000, 0x0000000710c00000|  0%| F|  |TAMS 0x0000000710a00000, 0x0000000710a00000| Untracked 
| 122|0x0000000710c00000, 0x0000000710c00000, 0x0000000710e00000|  0%| F|  |TAMS 0x0000000710c00000, 0x0000000710c00000| Untracked 
| 123|0x0000000710e00000, 0x0000000710e00000, 0x0000000711000000|  0%| F|  |TAMS 0x0000000710e00000, 0x0000000710e00000| Untracked 
| 124|0x0000000711000000, 0x0000000711000000, 0x0000000711200000|  0%| F|  |TAMS 0x0000000711000000, 0x0000000711000000| Untracked 
| 125|0x0000000711200000, 0x0000000711200000, 0x0000000711400000|  0%| F|  |TAMS 0x0000000711200000, 0x0000000711200000| Untracked 
| 126|0x0000000711400000, 0x0000000711400000, 0x0000000711600000|  0%| F|  |TAMS 0x0000000711400000, 0x0000000711400000| Untracked 
| 127|0x0000000711600000, 0x0000000711600000, 0x0000000711800000|  0%| F|  |TAMS 0x0000000711600000, 0x0000000711600000| Untracked 
| 128|0x0000000711800000, 0x0000000711800000, 0x0000000711a00000|  0%| F|  |TAMS 0x0000000711800000, 0x0000000711800000| Untracked 
| 129|0x0000000711a00000, 0x0000000711a00000, 0x0000000711c00000|  0%| F|  |TAMS 0x0000000711a00000, 0x0000000711a00000| Untracked 
| 130|0x0000000711c00000, 0x0000000711c00000, 0x0000000711e00000|  0%| F|  |TAMS 0x0000000711c00000, 0x0000000711c00000| Untracked 
| 131|0x0000000711e00000, 0x0000000711e00000, 0x0000000712000000|  0%| F|  |TAMS 0x0000000711e00000, 0x0000000711e00000| Untracked 
| 132|0x0000000712000000, 0x0000000712000000, 0x0000000712200000|  0%| F|  |TAMS 0x0000000712000000, 0x0000000712000000| Untracked 
| 133|0x0000000712200000, 0x0000000712200000, 0x0000000712400000|  0%| F|  |TAMS 0x0000000712200000, 0x0000000712200000| Untracked 
| 134|0x0000000712400000, 0x0000000712400000, 0x0000000712600000|  0%| F|  |TAMS 0x0000000712400000, 0x0000000712400000| Untracked 
| 135|0x0000000712600000, 0x0000000712600000, 0x0000000712800000|  0%| F|  |TAMS 0x0000000712600000, 0x0000000712600000| Untracked 
| 136|0x0000000712800000, 0x0000000712800000, 0x0000000712a00000|  0%| F|  |TAMS 0x0000000712800000, 0x0000000712800000| Untracked 
| 137|0x0000000712a00000, 0x0000000712a00000, 0x0000000712c00000|  0%| F|  |TAMS 0x0000000712a00000, 0x0000000712a00000| Untracked 
| 138|0x0000000712c00000, 0x0000000712c00000, 0x0000000712e00000|  0%| F|  |TAMS 0x0000000712c00000, 0x0000000712c00000| Untracked 
| 139|0x0000000712e00000, 0x0000000712e00000, 0x0000000713000000|  0%| F|  |TAMS 0x0000000712e00000, 0x0000000712e00000| Untracked 
| 140|0x0000000713000000, 0x0000000713000000, 0x0000000713200000|  0%| F|  |TAMS 0x0000000713000000, 0x0000000713000000| Untracked 
| 141|0x0000000713200000, 0x0000000713200000, 0x0000000713400000|  0%| F|  |TAMS 0x0000000713200000, 0x0000000713200000| Untracked 
| 142|0x0000000713400000, 0x0000000713400000, 0x0000000713600000|  0%| F|  |TAMS 0x0000000713400000, 0x0000000713400000| Untracked 
| 143|0x0000000713600000, 0x0000000713600000, 0x0000000713800000|  0%| F|  |TAMS 0x0000000713600000, 0x0000000713600000| Untracked 
| 144|0x0000000713800000, 0x0000000713800000, 0x0000000713a00000|  0%| F|  |TAMS 0x0000000713800000, 0x0000000713800000| Untracked 
| 145|0x0000000713a00000, 0x0000000713a00000, 0x0000000713c00000|  0%| F|  |TAMS 0x0000000713a00000, 0x0000000713a00000| Untracked 
| 146|0x0000000713c00000, 0x0000000713c00000, 0x0000000713e00000|  0%| F|  |TAMS 0x0000000713c00000, 0x0000000713c00000| Untracked 
| 147|0x0000000713e00000, 0x0000000713e00000, 0x0000000714000000|  0%| F|  |TAMS 0x0000000713e00000, 0x0000000713e00000| Untracked 
| 148|0x0000000714000000, 0x0000000714000000, 0x0000000714200000|  0%| F|  |TAMS 0x0000000714000000, 0x0000000714000000| Untracked 
| 149|0x0000000714200000, 0x0000000714200000, 0x0000000714400000|  0%| F|  |TAMS 0x0000000714200000, 0x0000000714200000| Untracked 
| 150|0x0000000714400000, 0x0000000714400000, 0x0000000714600000|  0%| F|  |TAMS 0x0000000714400000, 0x0000000714400000| Untracked 
| 151|0x0000000714600000, 0x0000000714600000, 0x0000000714800000|  0%| F|  |TAMS 0x0000000714600000, 0x0000000714600000| Untracked 
| 152|0x0000000714800000, 0x0000000714800000, 0x0000000714a00000|  0%| F|  |TAMS 0x0000000714800000, 0x0000000714800000| Untracked 
| 153|0x0000000714a00000, 0x0000000714a00000, 0x0000000714c00000|  0%| F|  |TAMS 0x0000000714a00000, 0x0000000714a00000| Untracked 
| 154|0x0000000714c00000, 0x0000000714c00000, 0x0000000714e00000|  0%| F|  |TAMS 0x0000000714c00000, 0x0000000714c00000| Untracked 
| 155|0x0000000714e00000, 0x0000000714e00000, 0x0000000715000000|  0%| F|  |TAMS 0x0000000714e00000, 0x0000000714e00000| Untracked 
| 156|0x0000000715000000, 0x0000000715000000, 0x0000000715200000|  0%| F|  |TAMS 0x0000000715000000, 0x0000000715000000| Untracked 
| 157|0x0000000715200000, 0x0000000715200000, 0x0000000715400000|  0%| F|  |TAMS 0x0000000715200000, 0x0000000715200000| Untracked 
| 158|0x0000000715400000, 0x0000000715400000, 0x0000000715600000|  0%| F|  |TAMS 0x0000000715400000, 0x0000000715400000| Untracked 
| 159|0x0000000715600000, 0x0000000715600000, 0x0000000715800000|  0%| F|  |TAMS 0x0000000715600000, 0x0000000715600000| Untracked 
| 160|0x0000000715800000, 0x0000000715800000, 0x0000000715a00000|  0%| F|  |TAMS 0x0000000715800000, 0x0000000715800000| Untracked 
| 161|0x0000000715a00000, 0x0000000715a00000, 0x0000000715c00000|  0%| F|  |TAMS 0x0000000715a00000, 0x0000000715a00000| Untracked 
| 162|0x0000000715c00000, 0x0000000715c00000, 0x0000000715e00000|  0%| F|  |TAMS 0x0000000715c00000, 0x0000000715c00000| Untracked 
| 163|0x0000000715e00000, 0x0000000715e00000, 0x0000000716000000|  0%| F|  |TAMS 0x0000000715e00000, 0x0000000715e00000| Untracked 
| 164|0x0000000716000000, 0x0000000716000000, 0x0000000716200000|  0%| F|  |TAMS 0x0000000716000000, 0x0000000716000000| Untracked 
| 165|0x0000000716200000, 0x0000000716200000, 0x0000000716400000|  0%| F|  |TAMS 0x0000000716200000, 0x0000000716200000| Untracked 
| 166|0x0000000716400000, 0x0000000716400000, 0x0000000716600000|  0%| F|  |TAMS 0x0000000716400000, 0x0000000716400000| Untracked 
| 167|0x0000000716600000, 0x0000000716600000, 0x0000000716800000|  0%| F|  |TAMS 0x0000000716600000, 0x0000000716600000| Untracked 
| 168|0x0000000716800000, 0x0000000716800000, 0x0000000716a00000|  0%| F|  |TAMS 0x0000000716800000, 0x0000000716800000| Untracked 
| 169|0x0000000716a00000, 0x0000000716a00000, 0x0000000716c00000|  0%| F|  |TAMS 0x0000000716a00000, 0x0000000716a00000| Untracked 
| 170|0x0000000716c00000, 0x0000000716c00000, 0x0000000716e00000|  0%| F|  |TAMS 0x0000000716c00000, 0x0000000716c00000| Untracked 
| 171|0x0000000716e00000, 0x0000000716e00000, 0x0000000717000000|  0%| F|  |TAMS 0x0000000716e00000, 0x0000000716e00000| Untracked 
| 172|0x0000000717000000, 0x0000000717000000, 0x0000000717200000|  0%| F|  |TAMS 0x0000000717000000, 0x0000000717000000| Untracked 
| 173|0x0000000717200000, 0x0000000717200000, 0x0000000717400000|  0%| F|  |TAMS 0x0000000717200000, 0x0000000717200000| Untracked 
| 174|0x0000000717400000, 0x0000000717400000, 0x0000000717600000|  0%| F|  |TAMS 0x0000000717400000, 0x0000000717400000| Untracked 
| 175|0x0000000717600000, 0x0000000717600000, 0x0000000717800000|  0%| F|  |TAMS 0x0000000717600000, 0x0000000717600000| Untracked 
| 176|0x0000000717800000, 0x0000000717800000, 0x0000000717a00000|  0%| F|  |TAMS 0x0000000717800000, 0x0000000717800000| Untracked 
| 177|0x0000000717a00000, 0x0000000717a00000, 0x0000000717c00000|  0%| F|  |TAMS 0x0000000717a00000, 0x0000000717a00000| Untracked 
| 178|0x0000000717c00000, 0x0000000717c00000, 0x0000000717e00000|  0%| F|  |TAMS 0x0000000717c00000, 0x0000000717c00000| Untracked 
| 179|0x0000000717e00000, 0x0000000717e00000, 0x0000000718000000|  0%| F|  |TAMS 0x0000000717e00000, 0x0000000717e00000| Untracked 
| 180|0x0000000718000000, 0x0000000718000000, 0x0000000718200000|  0%| F|  |TAMS 0x0000000718000000, 0x0000000718000000| Untracked 
| 181|0x0000000718200000, 0x0000000718200000, 0x0000000718400000|  0%| F|  |TAMS 0x0000000718200000, 0x0000000718200000| Untracked 
| 182|0x0000000718400000, 0x0000000718400000, 0x0000000718600000|  0%| F|  |TAMS 0x0000000718400000, 0x0000000718400000| Untracked 
| 183|0x0000000718600000, 0x0000000718600000, 0x0000000718800000|  0%| F|  |TAMS 0x0000000718600000, 0x0000000718600000| Untracked 
| 184|0x0000000718800000, 0x0000000718800000, 0x0000000718a00000|  0%| F|  |TAMS 0x0000000718800000, 0x0000000718800000| Untracked 
| 185|0x0000000718a00000, 0x0000000718a00000, 0x0000000718c00000|  0%| F|  |TAMS 0x0000000718a00000, 0x0000000718a00000| Untracked 
| 186|0x0000000718c00000, 0x0000000718c00000, 0x0000000718e00000|  0%| F|  |TAMS 0x0000000718c00000, 0x0000000718c00000| Untracked 
| 187|0x0000000718e00000, 0x0000000718e00000, 0x0000000719000000|  0%| F|  |TAMS 0x0000000718e00000, 0x0000000718e00000| Untracked 
| 188|0x0000000719000000, 0x0000000719000000, 0x0000000719200000|  0%| F|  |TAMS 0x0000000719000000, 0x0000000719000000| Untracked 
| 189|0x0000000719200000, 0x0000000719200000, 0x0000000719400000|  0%| F|  |TAMS 0x0000000719200000, 0x0000000719200000| Untracked 
| 190|0x0000000719400000, 0x0000000719400000, 0x0000000719600000|  0%| F|  |TAMS 0x0000000719400000, 0x0000000719400000| Untracked 
| 191|0x0000000719600000, 0x0000000719600000, 0x0000000719800000|  0%| F|  |TAMS 0x0000000719600000, 0x0000000719600000| Untracked 
| 192|0x0000000719800000, 0x0000000719800000, 0x0000000719a00000|  0%| F|  |TAMS 0x0000000719800000, 0x0000000719800000| Untracked 
| 193|0x0000000719a00000, 0x0000000719a00000, 0x0000000719c00000|  0%| F|  |TAMS 0x0000000719a00000, 0x0000000719a00000| Untracked 
| 194|0x0000000719c00000, 0x0000000719c00000, 0x0000000719e00000|  0%| F|  |TAMS 0x0000000719c00000, 0x0000000719c00000| Untracked 
| 195|0x0000000719e00000, 0x0000000719e00000, 0x000000071a000000|  0%| F|  |TAMS 0x0000000719e00000, 0x0000000719e00000| Untracked 
| 196|0x000000071a000000, 0x000000071a000000, 0x000000071a200000|  0%| F|  |TAMS 0x000000071a000000, 0x000000071a000000| Untracked 
| 197|0x000000071a200000, 0x000000071a200000, 0x000000071a400000|  0%| F|  |TAMS 0x000000071a200000, 0x000000071a200000| Untracked 
| 198|0x000000071a400000, 0x000000071a400000, 0x000000071a600000|  0%| F|  |TAMS 0x000000071a400000, 0x000000071a400000| Untracked 
| 199|0x000000071a600000, 0x000000071a600000, 0x000000071a800000|  0%| F|  |TAMS 0x000000071a600000, 0x000000071a600000| Untracked 
| 200|0x000000071a800000, 0x000000071a800000, 0x000000071aa00000|  0%| F|  |TAMS 0x000000071a800000, 0x000000071a800000| Untracked 
| 201|0x000000071aa00000, 0x000000071aa00000, 0x000000071ac00000|  0%| F|  |TAMS 0x000000071aa00000, 0x000000071aa00000| Untracked 
| 202|0x000000071ac00000, 0x000000071ac00000, 0x000000071ae00000|  0%| F|  |TAMS 0x000000071ac00000, 0x000000071ac00000| Untracked 
| 203|0x000000071ae00000, 0x000000071ae00000, 0x000000071b000000|  0%| F|  |TAMS 0x000000071ae00000, 0x000000071ae00000| Untracked 
| 204|0x000000071b000000, 0x000000071b000000, 0x000000071b200000|  0%| F|  |TAMS 0x000000071b000000, 0x000000071b000000| Untracked 
| 205|0x000000071b200000, 0x000000071b200000, 0x000000071b400000|  0%| F|  |TAMS 0x000000071b200000, 0x000000071b200000| Untracked 
| 206|0x000000071b400000, 0x000000071b400000, 0x000000071b600000|  0%| F|  |TAMS 0x000000071b400000, 0x000000071b400000| Untracked 
| 207|0x000000071b600000, 0x000000071b600000, 0x000000071b800000|  0%| F|  |TAMS 0x000000071b600000, 0x000000071b600000| Untracked 
| 208|0x000000071b800000, 0x000000071b800000, 0x000000071ba00000|  0%| F|  |TAMS 0x000000071b800000, 0x000000071b800000| Untracked 
| 209|0x000000071ba00000, 0x000000071ba00000, 0x000000071bc00000|  0%| F|  |TAMS 0x000000071ba00000, 0x000000071ba00000| Untracked 
| 210|0x000000071bc00000, 0x000000071bc00000, 0x000000071be00000|  0%| F|  |TAMS 0x000000071bc00000, 0x000000071bc00000| Untracked 
| 211|0x000000071be00000, 0x000000071be00000, 0x000000071c000000|  0%| F|  |TAMS 0x000000071be00000, 0x000000071be00000| Untracked 
| 212|0x000000071c000000, 0x000000071c000000, 0x000000071c200000|  0%| F|  |TAMS 0x000000071c000000, 0x000000071c000000| Untracked 
| 213|0x000000071c200000, 0x000000071c200000, 0x000000071c400000|  0%| F|  |TAMS 0x000000071c200000, 0x000000071c200000| Untracked 
| 214|0x000000071c400000, 0x000000071c400000, 0x000000071c600000|  0%| F|  |TAMS 0x000000071c400000, 0x000000071c400000| Untracked 
| 215|0x000000071c600000, 0x000000071c600000, 0x000000071c800000|  0%| F|  |TAMS 0x000000071c600000, 0x000000071c600000| Untracked 
| 216|0x000000071c800000, 0x000000071c800000, 0x000000071ca00000|  0%| F|  |TAMS 0x000000071c800000, 0x000000071c800000| Untracked 
| 217|0x000000071ca00000, 0x000000071ca00000, 0x000000071cc00000|  0%| F|  |TAMS 0x000000071ca00000, 0x000000071ca00000| Untracked 
| 218|0x000000071cc00000, 0x000000071cc00000, 0x000000071ce00000|  0%| F|  |TAMS 0x000000071cc00000, 0x000000071cc00000| Untracked 
| 219|0x000000071ce00000, 0x000000071ce00000, 0x000000071d000000|  0%| F|  |TAMS 0x000000071ce00000, 0x000000071ce00000| Untracked 
| 220|0x000000071d000000, 0x000000071d000000, 0x000000071d200000|  0%| F|  |TAMS 0x000000071d000000, 0x000000071d000000| Untracked 
| 221|0x000000071d200000, 0x000000071d200000, 0x000000071d400000|  0%| F|  |TAMS 0x000000071d200000, 0x000000071d200000| Untracked 
| 222|0x000000071d400000, 0x000000071d400000, 0x000000071d600000|  0%| F|  |TAMS 0x000000071d400000, 0x000000071d400000| Untracked 
| 223|0x000000071d600000, 0x000000071d600000, 0x000000071d800000|  0%| F|  |TAMS 0x000000071d600000, 0x000000071d600000| Untracked 
| 224|0x000000071d800000, 0x000000071d800000, 0x000000071da00000|  0%| F|  |TAMS 0x000000071d800000, 0x000000071d800000| Untracked 
| 225|0x000000071da00000, 0x000000071da00000, 0x000000071dc00000|  0%| F|  |TAMS 0x000000071da00000, 0x000000071da00000| Untracked 
| 226|0x000000071dc00000, 0x000000071dc00000, 0x000000071de00000|  0%| F|  |TAMS 0x000000071dc00000, 0x000000071dc00000| Untracked 
| 227|0x000000071de00000, 0x000000071de00000, 0x000000071e000000|  0%| F|  |TAMS 0x000000071de00000, 0x000000071de00000| Untracked 
| 228|0x000000071e000000, 0x000000071e000000, 0x000000071e200000|  0%| F|  |TAMS 0x000000071e000000, 0x000000071e000000| Untracked 
| 229|0x000000071e200000, 0x000000071e200000, 0x000000071e400000|  0%| F|  |TAMS 0x000000071e200000, 0x000000071e200000| Untracked 
| 230|0x000000071e400000, 0x000000071e400000, 0x000000071e600000|  0%| F|  |TAMS 0x000000071e400000, 0x000000071e400000| Untracked 
| 231|0x000000071e600000, 0x000000071e600000, 0x000000071e800000|  0%| F|  |TAMS 0x000000071e600000, 0x000000071e600000| Untracked 
| 232|0x000000071e800000, 0x000000071e800000, 0x000000071ea00000|  0%| F|  |TAMS 0x000000071e800000, 0x000000071e800000| Untracked 
| 233|0x000000071ea00000, 0x000000071ea00000, 0x000000071ec00000|  0%| F|  |TAMS 0x000000071ea00000, 0x000000071ea00000| Untracked 
| 234|0x000000071ec00000, 0x000000071ec00000, 0x000000071ee00000|  0%| F|  |TAMS 0x000000071ec00000, 0x000000071ec00000| Untracked 
| 235|0x000000071ee00000, 0x000000071ee00000, 0x000000071f000000|  0%| F|  |TAMS 0x000000071ee00000, 0x000000071ee00000| Untracked 
| 236|0x000000071f000000, 0x000000071f000000, 0x000000071f200000|  0%| F|  |TAMS 0x000000071f000000, 0x000000071f000000| Untracked 
| 237|0x000000071f200000, 0x000000071f200000, 0x000000071f400000|  0%| F|  |TAMS 0x000000071f200000, 0x000000071f200000| Untracked 
| 238|0x000000071f400000, 0x000000071f400000, 0x000000071f600000|  0%| F|  |TAMS 0x000000071f400000, 0x000000071f400000| Untracked 
| 239|0x000000071f600000, 0x000000071f600000, 0x000000071f800000|  0%| F|  |TAMS 0x000000071f600000, 0x000000071f600000| Untracked 
| 240|0x000000071f800000, 0x000000071f800000, 0x000000071fa00000|  0%| F|  |TAMS 0x000000071f800000, 0x000000071f800000| Untracked 
| 241|0x000000071fa00000, 0x000000071fa00000, 0x000000071fc00000|  0%| F|  |TAMS 0x000000071fa00000, 0x000000071fa00000| Untracked 
| 242|0x000000071fc00000, 0x000000071fc00000, 0x000000071fe00000|  0%| F|  |TAMS 0x000000071fc00000, 0x000000071fc00000| Untracked 
| 243|0x000000071fe00000, 0x000000071fe00000, 0x0000000720000000|  0%| F|  |TAMS 0x000000071fe00000, 0x000000071fe00000| Untracked 
| 244|0x0000000720000000, 0x0000000720000000, 0x0000000720200000|  0%| F|  |TAMS 0x0000000720000000, 0x0000000720000000| Untracked 
| 245|0x0000000720200000, 0x0000000720200000, 0x0000000720400000|  0%| F|  |TAMS 0x0000000720200000, 0x0000000720200000| Untracked 
| 246|0x0000000720400000, 0x0000000720400000, 0x0000000720600000|  0%| F|  |TAMS 0x0000000720400000, 0x0000000720400000| Untracked 
| 247|0x0000000720600000, 0x0000000720600000, 0x0000000720800000|  0%| F|  |TAMS 0x0000000720600000, 0x0000000720600000| Untracked 
| 248|0x0000000720800000, 0x0000000720800000, 0x0000000720a00000|  0%| F|  |TAMS 0x0000000720800000, 0x0000000720800000| Untracked 
| 249|0x0000000720a00000, 0x0000000720a00000, 0x0000000720c00000|  0%| F|  |TAMS 0x0000000720a00000, 0x0000000720a00000| Untracked 
| 250|0x0000000720c00000, 0x0000000720c00000, 0x0000000720e00000|  0%| F|  |TAMS 0x0000000720c00000, 0x0000000720c00000| Untracked 
| 251|0x0000000720e00000, 0x0000000720e00000, 0x0000000721000000|  0%| F|  |TAMS 0x0000000720e00000, 0x0000000720e00000| Untracked 
| 252|0x0000000721000000, 0x0000000721000000, 0x0000000721200000|  0%| F|  |TAMS 0x0000000721000000, 0x0000000721000000| Untracked 
| 253|0x0000000721200000, 0x0000000721200000, 0x0000000721400000|  0%| F|  |TAMS 0x0000000721200000, 0x0000000721200000| Untracked 
| 254|0x0000000721400000, 0x0000000721400000, 0x0000000721600000|  0%| F|  |TAMS 0x0000000721400000, 0x0000000721400000| Untracked 
| 255|0x0000000721600000, 0x0000000721600000, 0x0000000721800000|  0%| F|  |TAMS 0x0000000721600000, 0x0000000721600000| Untracked 
| 256|0x0000000721800000, 0x0000000721800000, 0x0000000721a00000|  0%| F|  |TAMS 0x0000000721800000, 0x0000000721800000| Untracked 
| 257|0x0000000721a00000, 0x0000000721a00000, 0x0000000721c00000|  0%| F|  |TAMS 0x0000000721a00000, 0x0000000721a00000| Untracked 
| 258|0x0000000721c00000, 0x0000000721c00000, 0x0000000721e00000|  0%| F|  |TAMS 0x0000000721c00000, 0x0000000721c00000| Untracked 
| 259|0x0000000721e00000, 0x0000000721e00000, 0x0000000722000000|  0%| F|  |TAMS 0x0000000721e00000, 0x0000000721e00000| Untracked 
| 260|0x0000000722000000, 0x0000000722000000, 0x0000000722200000|  0%| F|  |TAMS 0x0000000722000000, 0x0000000722000000| Untracked 
| 261|0x0000000722200000, 0x0000000722200000, 0x0000000722400000|  0%| F|  |TAMS 0x0000000722200000, 0x0000000722200000| Untracked 
| 262|0x0000000722400000, 0x0000000722400000, 0x0000000722600000|  0%| F|  |TAMS 0x0000000722400000, 0x0000000722400000| Untracked 
| 263|0x0000000722600000, 0x0000000722600000, 0x0000000722800000|  0%| F|  |TAMS 0x0000000722600000, 0x0000000722600000| Untracked 
| 264|0x0000000722800000, 0x0000000722800000, 0x0000000722a00000|  0%| F|  |TAMS 0x0000000722800000, 0x0000000722800000| Untracked 
| 265|0x0000000722a00000, 0x0000000722a00000, 0x0000000722c00000|  0%| F|  |TAMS 0x0000000722a00000, 0x0000000722a00000| Untracked 
| 266|0x0000000722c00000, 0x0000000722c00000, 0x0000000722e00000|  0%| F|  |TAMS 0x0000000722c00000, 0x0000000722c00000| Untracked 
| 267|0x0000000722e00000, 0x0000000722e00000, 0x0000000723000000|  0%| F|  |TAMS 0x0000000722e00000, 0x0000000722e00000| Untracked 
| 268|0x0000000723000000, 0x0000000723000000, 0x0000000723200000|  0%| F|  |TAMS 0x0000000723000000, 0x0000000723000000| Untracked 
| 269|0x0000000723200000, 0x0000000723200000, 0x0000000723400000|  0%| F|  |TAMS 0x0000000723200000, 0x0000000723200000| Untracked 
| 270|0x0000000723400000, 0x0000000723400000, 0x0000000723600000|  0%| F|  |TAMS 0x0000000723400000, 0x0000000723400000| Untracked 
| 271|0x0000000723600000, 0x0000000723600000, 0x0000000723800000|  0%| F|  |TAMS 0x0000000723600000, 0x0000000723600000| Untracked 
| 272|0x0000000723800000, 0x0000000723800000, 0x0000000723a00000|  0%| F|  |TAMS 0x0000000723800000, 0x0000000723800000| Untracked 
| 273|0x0000000723a00000, 0x0000000723a00000, 0x0000000723c00000|  0%| F|  |TAMS 0x0000000723a00000, 0x0000000723a00000| Untracked 
| 274|0x0000000723c00000, 0x0000000723c00000, 0x0000000723e00000|  0%| F|  |TAMS 0x0000000723c00000, 0x0000000723c00000| Untracked 
| 275|0x0000000723e00000, 0x0000000723e00000, 0x0000000724000000|  0%| F|  |TAMS 0x0000000723e00000, 0x0000000723e00000| Untracked 
| 276|0x0000000724000000, 0x0000000724000000, 0x0000000724200000|  0%| F|  |TAMS 0x0000000724000000, 0x0000000724000000| Untracked 
| 277|0x0000000724200000, 0x0000000724200000, 0x0000000724400000|  0%| F|  |TAMS 0x0000000724200000, 0x0000000724200000| Untracked 
| 278|0x0000000724400000, 0x0000000724400000, 0x0000000724600000|  0%| F|  |TAMS 0x0000000724400000, 0x0000000724400000| Untracked 
| 279|0x0000000724600000, 0x0000000724600000, 0x0000000724800000|  0%| F|  |TAMS 0x0000000724600000, 0x0000000724600000| Untracked 
| 280|0x0000000724800000, 0x0000000724800000, 0x0000000724a00000|  0%| F|  |TAMS 0x0000000724800000, 0x0000000724800000| Untracked 
| 281|0x0000000724a00000, 0x0000000724a00000, 0x0000000724c00000|  0%| F|  |TAMS 0x0000000724a00000, 0x0000000724a00000| Untracked 
| 282|0x0000000724c00000, 0x0000000724c00000, 0x0000000724e00000|  0%| F|  |TAMS 0x0000000724c00000, 0x0000000724c00000| Untracked 
| 283|0x0000000724e00000, 0x0000000724e00000, 0x0000000725000000|  0%| F|  |TAMS 0x0000000724e00000, 0x0000000724e00000| Untracked 
| 284|0x0000000725000000, 0x0000000725000000, 0x0000000725200000|  0%| F|  |TAMS 0x0000000725000000, 0x0000000725000000| Untracked 
| 285|0x0000000725200000, 0x0000000725200000, 0x0000000725400000|  0%| F|  |TAMS 0x0000000725200000, 0x0000000725200000| Untracked 
| 286|0x0000000725400000, 0x0000000725400000, 0x0000000725600000|  0%| F|  |TAMS 0x0000000725400000, 0x0000000725400000| Untracked 
| 287|0x0000000725600000, 0x0000000725600000, 0x0000000725800000|  0%| F|  |TAMS 0x0000000725600000, 0x0000000725600000| Untracked 
| 288|0x0000000725800000, 0x0000000725800000, 0x0000000725a00000|  0%| F|  |TAMS 0x0000000725800000, 0x0000000725800000| Untracked 
| 289|0x0000000725a00000, 0x0000000725a00000, 0x0000000725c00000|  0%| F|  |TAMS 0x0000000725a00000, 0x0000000725a00000| Untracked 
| 290|0x0000000725c00000, 0x0000000725c00000, 0x0000000725e00000|  0%| F|  |TAMS 0x0000000725c00000, 0x0000000725c00000| Untracked 
| 291|0x0000000725e00000, 0x0000000725e00000, 0x0000000726000000|  0%| F|  |TAMS 0x0000000725e00000, 0x0000000725e00000| Untracked 
| 292|0x0000000726000000, 0x00000007260d9610, 0x0000000726200000| 42%| S|CS|TAMS 0x0000000726000000, 0x0000000726000000| Complete 
| 293|0x0000000726200000, 0x0000000726200000, 0x0000000726400000|  0%| F|  |TAMS 0x0000000726200000, 0x0000000726200000| Untracked 
| 294|0x0000000726400000, 0x0000000726400000, 0x0000000726600000|  0%| F|  |TAMS 0x0000000726400000, 0x0000000726400000| Untracked 
| 295|0x0000000726600000, 0x0000000726600000, 0x0000000726800000|  0%| F|  |TAMS 0x0000000726600000, 0x0000000726600000| Untracked 
| 296|0x0000000726800000, 0x0000000726800000, 0x0000000726a00000|  0%| F|  |TAMS 0x0000000726800000, 0x0000000726800000| Untracked 
| 297|0x0000000726a00000, 0x0000000726a00000, 0x0000000726c00000|  0%| F|  |TAMS 0x0000000726a00000, 0x0000000726a00000| Untracked 
| 298|0x0000000726c00000, 0x0000000726c00000, 0x0000000726e00000|  0%| F|  |TAMS 0x0000000726c00000, 0x0000000726c00000| Untracked 
| 299|0x0000000726e00000, 0x0000000726e00000, 0x0000000727000000|  0%| F|  |TAMS 0x0000000726e00000, 0x0000000726e00000| Untracked 
| 300|0x0000000727000000, 0x0000000727000000, 0x0000000727200000|  0%| F|  |TAMS 0x0000000727000000, 0x0000000727000000| Untracked 
| 301|0x0000000727200000, 0x0000000727200000, 0x0000000727400000|  0%| F|  |TAMS 0x0000000727200000, 0x0000000727200000| Untracked 
| 302|0x0000000727400000, 0x0000000727400000, 0x0000000727600000|  0%| F|  |TAMS 0x0000000727400000, 0x0000000727400000| Untracked 
| 303|0x0000000727600000, 0x0000000727600000, 0x0000000727800000|  0%| F|  |TAMS 0x0000000727600000, 0x0000000727600000| Untracked 
| 304|0x0000000727800000, 0x0000000727800000, 0x0000000727a00000|  0%| F|  |TAMS 0x0000000727800000, 0x0000000727800000| Untracked 
| 305|0x0000000727a00000, 0x0000000727a00000, 0x0000000727c00000|  0%| F|  |TAMS 0x0000000727a00000, 0x0000000727a00000| Untracked 
| 306|0x0000000727c00000, 0x0000000727c00000, 0x0000000727e00000|  0%| F|  |TAMS 0x0000000727c00000, 0x0000000727c00000| Untracked 
| 307|0x0000000727e00000, 0x0000000727e00000, 0x0000000728000000|  0%| F|  |TAMS 0x0000000727e00000, 0x0000000727e00000| Untracked 
| 308|0x0000000728000000, 0x0000000728194900, 0x0000000728200000| 79%| E|  |TAMS 0x0000000728000000, 0x0000000728000000| Complete 
| 309|0x0000000728200000, 0x0000000728400000, 0x0000000728400000|100%| E|CS|TAMS 0x0000000728200000, 0x0000000728200000| Complete 
| 310|0x0000000728400000, 0x0000000728600000, 0x0000000728600000|100%| E|CS|TAMS 0x0000000728400000, 0x0000000728400000| Complete 
| 311|0x0000000728600000, 0x0000000728800000, 0x0000000728800000|100%| E|CS|TAMS 0x0000000728600000, 0x0000000728600000| Complete 
| 312|0x0000000728800000, 0x0000000728a00000, 0x0000000728a00000|100%| E|CS|TAMS 0x0000000728800000, 0x0000000728800000| Complete 
| 313|0x0000000728a00000, 0x0000000728c00000, 0x0000000728c00000|100%| E|CS|TAMS 0x0000000728a00000, 0x0000000728a00000| Complete 
| 314|0x0000000728c00000, 0x0000000728e00000, 0x0000000728e00000|100%| E|CS|TAMS 0x0000000728c00000, 0x0000000728c00000| Complete 
| 315|0x0000000728e00000, 0x0000000729000000, 0x0000000729000000|100%| E|CS|TAMS 0x0000000728e00000, 0x0000000728e00000| Complete 
| 316|0x0000000729000000, 0x0000000729200000, 0x0000000729200000|100%| E|CS|TAMS 0x0000000729000000, 0x0000000729000000| Complete 
| 317|0x0000000729200000, 0x0000000729400000, 0x0000000729400000|100%| E|CS|TAMS 0x0000000729200000, 0x0000000729200000| Complete 
| 318|0x0000000729400000, 0x0000000729600000, 0x0000000729600000|100%| E|CS|TAMS 0x0000000729400000, 0x0000000729400000| Complete 
| 319|0x0000000729600000, 0x0000000729800000, 0x0000000729800000|100%| E|CS|TAMS 0x0000000729600000, 0x0000000729600000| Complete 
| 320|0x0000000729800000, 0x0000000729a00000, 0x0000000729a00000|100%| E|CS|TAMS 0x0000000729800000, 0x0000000729800000| Complete 
| 321|0x0000000729a00000, 0x0000000729c00000, 0x0000000729c00000|100%| E|CS|TAMS 0x0000000729a00000, 0x0000000729a00000| Complete 
| 322|0x0000000729c00000, 0x0000000729e00000, 0x0000000729e00000|100%| E|CS|TAMS 0x0000000729c00000, 0x0000000729c00000| Complete 
| 323|0x0000000729e00000, 0x000000072a000000, 0x000000072a000000|100%| E|CS|TAMS 0x0000000729e00000, 0x0000000729e00000| Complete 
| 324|0x000000072a000000, 0x000000072a200000, 0x000000072a200000|100%| E|CS|TAMS 0x000000072a000000, 0x000000072a000000| Complete 
| 325|0x000000072a200000, 0x000000072a400000, 0x000000072a400000|100%| E|CS|TAMS 0x000000072a200000, 0x000000072a200000| Complete 
| 326|0x000000072a400000, 0x000000072a600000, 0x000000072a600000|100%| E|CS|TAMS 0x000000072a400000, 0x000000072a400000| Complete 
| 327|0x000000072a600000, 0x000000072a800000, 0x000000072a800000|100%| E|CS|TAMS 0x000000072a600000, 0x000000072a600000| Complete 
| 328|0x000000072a800000, 0x000000072aa00000, 0x000000072aa00000|100%| E|CS|TAMS 0x000000072a800000, 0x000000072a800000| Complete 
| 329|0x000000072aa00000, 0x000000072ac00000, 0x000000072ac00000|100%| E|CS|TAMS 0x000000072aa00000, 0x000000072aa00000| Complete 
| 336|0x000000072b800000, 0x000000072ba00000, 0x000000072ba00000|100%| E|CS|TAMS 0x000000072b800000, 0x000000072b800000| Complete 
| 591|0x000000074b600000, 0x000000074b800000, 0x000000074b800000|100%| E|CS|TAMS 0x000000074b600000, 0x000000074b600000| Complete 

Card table byte_map: [0x000001ebb3d60000,0x000001ebb4560000] _byte_map_base: 0x000001ebb0554000

Marking Bits (Prev, Next): (CMBitMap*) 0x000001eb9c9f5140, (CMBitMap*) 0x000001eb9c9f5180
 Prev Bits: [0x000001ebb4d60000, 0x000001ebb8d00000)
 Next Bits: [0x000001ebb8d00000, 0x000001ebbcca0000)

Polling page: 0x000001eb93e20000

Metaspace:

Usage:
  Non-class:     74.83 MB used.
      Class:     11.44 MB used.
       Both:     86.27 MB used.

Virtual space:
  Non-class space:      128.00 MB reserved,      75.81 MB ( 59%) committed,  2 nodes.
      Class space:        1.00 GB reserved,      11.94 MB (  1%) committed,  1 nodes.
             Both:        1.12 GB reserved,      87.75 MB (  8%) committed. 

Chunk freelists:
   Non-Class:  4.86 MB
       Class:  4.38 MB
        Both:  9.25 MB

MaxMetaspaceSize: unlimited
CompressedClassSpaceSize: 1.00 GB
Initial GC threshold: 21.00 MB
Current GC threshold: 146.19 MB
CDS: on
MetaspaceReclaimPolicy: balanced
 - commit_granule_bytes: 65536.
 - commit_granule_words: 8192.
 - virtual_space_node_default_size: 8388608.
 - enlarge_chunks_in_place: 1.
 - new_chunks_are_fully_committed: 0.
 - uncommit_free_chunks: 1.
 - use_allocation_guard: 0.
 - handle_deallocations: 1.


Internal statistics:

num_allocs_failed_limit: 6.
num_arena_births: 1240.
num_arena_deaths: 796.
num_vsnodes_births: 3.
num_vsnodes_deaths: 0.
num_space_committed: 1398.
num_space_uncommitted: 0.
num_chunks_returned_to_freelist: 921.
num_chunks_taken_from_freelist: 3687.
num_chunk_merges: 388.
num_chunk_splits: 2684.
num_chunks_enlarged: 2015.
num_inconsistent_stats: 0.

CodeHeap 'non-profiled nmethods': size=120000Kb used=26294Kb max_used=26294Kb free=93705Kb
 bounds [0x000001ebac830000, 0x000001ebae1e0000, 0x000001ebb3d60000]
CodeHeap 'profiled nmethods': size=120000Kb used=37454Kb max_used=38396Kb free=82545Kb
 bounds [0x000001eba4d60000, 0x000001eba7300000, 0x000001ebac290000]
CodeHeap 'non-nmethods': size=5760Kb used=1687Kb max_used=1783Kb free=4072Kb
 bounds [0x000001ebac290000, 0x000001ebac500000, 0x000001ebac830000]
 total_blobs=19898 nmethods=18782 adapters=1019
 compilation: enabled
              stopped_count=0, restarted_count=0
 full_count=0

Compilation events (20 events):
Event: 7045.292 Thread 0x000001eb9d151f30 25592       3       javax.swing.plaf.basic.BasicTreeUI$Handler::valueChanged (453 bytes)
Event: 7045.294 Thread 0x000001eb9d151f30 nmethod 25592 0x000001eba71a7390 code [0x000001eba71a7740, 0x000001eba71a9818]
Event: 7045.294 Thread 0x000001eb9d151f30 25593       3       javax.swing.JTree::getMinSelectionRow (10 bytes)
Event: 7045.294 Thread 0x000001eb9d151f30 nmethod 25593 0x000001eba6417290 code [0x000001eba6417440, 0x000001eba64176a8]
Event: 7045.294 Thread 0x000001eb9d151f30 25594       3       javax.swing.plaf.basic.BasicTreeUI::setLeadSelectionPath (7 bytes)
Event: 7045.294 Thread 0x000001eb9d151f30 nmethod 25594 0x000001eba63c2890 code [0x000001eba63c2a20, 0x000001eba63c2b68]
Event: 7045.318 Thread 0x000001eb9d151f30 25595       3       ui.frmwork.c.e::hqW (20 bytes)
Event: 7045.318 Thread 0x000001eb9d151f30 nmethod 25595 0x000001eba6416d90 code [0x000001eba6416f40, 0x000001eba6417188]
Event: 7045.328 Thread 0x000001eb9d151f30 25596       3       java.util.ServiceLoader$LazyClassPathLookupIterator::hasNext (42 bytes)
Event: 7045.329 Thread 0x000001eb9d151f30 nmethod 25596 0x000001eba681be90 code [0x000001eba681c0c0, 0x000001eba681c758]
Event: 7045.329 Thread 0x000001eb9d151f30 25597   !   3       java.util.ServiceLoader$LazyClassPathLookupIterator::hasNextService (144 bytes)
Event: 7045.332 Thread 0x000001eb9d151f30 nmethod 25597 0x000001eba58aad90 code [0x000001eba58ab120, 0x000001eba58ac538]
Event: 7045.335 Thread 0x000001eb9d151f30 25598       3       java.util.Collections::sort (8 bytes)
Event: 7045.335 Thread 0x000001eb9d151f30 nmethod 25598 0x000001eba58aa910 code [0x000001eba58aaac0, 0x000001eba58aac88]
Event: 7045.345 Thread 0x000001eb9d14fa10 25599       4       sun.util.calendar.ZoneInfo::getOffsets (342 bytes)
Event: 7045.349 Thread 0x000001eb9d14fa10 nmethod 25599 0x000001ebae1d7510 code [0x000001ebae1d76a0, 0x000001ebae1d7ab8]
Event: 7045.495 Thread 0x000001eb9d14fa10 25600       4       com.jidesoft.status.MemoryStatusBarItem::getPreferredWidth (49 bytes)
Event: 7045.540 Thread 0x000001eb9d14fa10 nmethod 25600 0x000001ebae1d7f10 code [0x000001ebae1d82c0, 0x000001ebae1da998]
Event: 7045.540 Thread 0x000001eb9d14fa10 25601       4       com.jidesoft.status.MemoryStatusBarItem::formatText (66 bytes)
Event: 7045.549 Thread 0x000001eb9d14fa10 nmethod 25601 0x000001ebae1dc190 code [0x000001ebae1dc3c0, 0x000001ebae1dd2a0]

GC Heap History (20 events):
Event: 6989.075 GC heap before
{Heap before GC invocations=625 (full 416):
 garbage-first heap   total 524288K, used 81859K [0x0000000701800000, 0x0000000800000000)
  region size 2048K, 1 young (2048K), 0 survivors (0K)
 Metaspace       used 88270K, committed 89792K, reserved 1179648K
  class space    used 11709K, committed 12224K, reserved 1048576K
}
Event: 6989.134 GC heap after
{Heap after GC invocations=626 (full 417):
 garbage-first heap   total 524288K, used 73668K [0x0000000701800000, 0x0000000800000000)
  region size 2048K, 0 young (0K), 0 survivors (0K)
 Metaspace       used 88270K, committed 89792K, reserved 1179648K
  class space    used 11709K, committed 12224K, reserved 1048576K
}
Event: 6994.540 GC heap before
{Heap before GC invocations=626 (full 417):
 garbage-first heap   total 524288K, used 88004K [0x0000000701800000, 0x0000000800000000)
  region size 2048K, 8 young (16384K), 0 survivors (0K)
 Metaspace       used 88270K, committed 89792K, reserved 1179648K
  class space    used 11709K, committed 12224K, reserved 1048576K
}
Event: 6994.604 GC heap after
{Heap after GC invocations=627 (full 418):
 garbage-first heap   total 524288K, used 73726K [0x0000000701800000, 0x0000000800000000)
  region size 2048K, 0 young (0K), 0 survivors (0K)
 Metaspace       used 88270K, committed 89792K, reserved 1179648K
  class space    used 11709K, committed 12224K, reserved 1048576K
}
Event: 6999.406 GC heap before
{Heap before GC invocations=627 (full 418):
 garbage-first heap   total 524288K, used 83966K [0x0000000701800000, 0x0000000800000000)
  region size 2048K, 6 young (12288K), 0 survivors (0K)
 Metaspace       used 88270K, committed 89792K, reserved 1179648K
  class space    used 11709K, committed 12224K, reserved 1048576K
}
Event: 6999.467 GC heap after
{Heap after GC invocations=628 (full 419):
 garbage-first heap   total 524288K, used 73800K [0x0000000701800000, 0x0000000800000000)
  region size 2048K, 0 young (0K), 0 survivors (0K)
 Metaspace       used 88270K, committed 89792K, reserved 1179648K
  class space    used 11709K, committed 12224K, reserved 1048576K
}
Event: 7014.043 GC heap before
{Heap before GC invocations=628 (full 419):
 garbage-first heap   total 524288K, used 92232K [0x0000000701800000, 0x0000000800000000)
  region size 2048K, 10 young (20480K), 0 survivors (0K)
 Metaspace       used 88270K, committed 89792K, reserved 1179648K
  class space    used 11709K, committed 12224K, reserved 1048576K
}
Event: 7014.110 GC heap after
{Heap after GC invocations=629 (full 420):
 garbage-first heap   total 524288K, used 73830K [0x0000000701800000, 0x0000000800000000)
  region size 2048K, 0 young (0K), 0 survivors (0K)
 Metaspace       used 88270K, committed 89792K, reserved 1179648K
  class space    used 11709K, committed 12224K, reserved 1048576K
}
Event: 7018.903 GC heap before
{Heap before GC invocations=629 (full 420):
 garbage-first heap   total 524288K, used 82022K [0x0000000701800000, 0x0000000800000000)
  region size 2048K, 5 young (10240K), 0 survivors (0K)
 Metaspace       used 88270K, committed 89792K, reserved 1179648K
  class space    used 11709K, committed 12224K, reserved 1048576K
}
Event: 7018.965 GC heap after
{Heap after GC invocations=630 (full 421):
 garbage-first heap   total 524288K, used 73839K [0x0000000701800000, 0x0000000800000000)
  region size 2048K, 0 young (0K), 0 survivors (0K)
 Metaspace       used 88270K, committed 89792K, reserved 1179648K
  class space    used 11709K, committed 12224K, reserved 1048576K
}
Event: 7022.886 GC heap before
{Heap before GC invocations=630 (full 421):
 garbage-first heap   total 524288K, used 82031K [0x0000000701800000, 0x0000000800000000)
  region size 2048K, 5 young (10240K), 0 survivors (0K)
 Metaspace       used 88270K, committed 89792K, reserved 1179648K
  class space    used 11709K, committed 12224K, reserved 1048576K
}
Event: 7022.949 GC heap after
{Heap after GC invocations=631 (full 422):
 garbage-first heap   total 524288K, used 73874K [0x0000000701800000, 0x0000000800000000)
  region size 2048K, 0 young (0K), 0 survivors (0K)
 Metaspace       used 88270K, committed 89792K, reserved 1179648K
  class space    used 11709K, committed 12224K, reserved 1048576K
}
Event: 7023.749 GC heap before
{Heap before GC invocations=631 (full 422):
 garbage-first heap   total 524288K, used 77970K [0x0000000701800000, 0x0000000800000000)
  region size 2048K, 3 young (6144K), 0 survivors (0K)
 Metaspace       used 88270K, committed 89792K, reserved 1179648K
  class space    used 11709K, committed 12224K, reserved 1048576K
}
Event: 7023.813 GC heap after
{Heap after GC invocations=632 (full 423):
 garbage-first heap   total 524288K, used 73772K [0x0000000701800000, 0x0000000800000000)
  region size 2048K, 0 young (0K), 0 survivors (0K)
 Metaspace       used 88270K, committed 89792K, reserved 1179648K
  class space    used 11709K, committed 12224K, reserved 1048576K
}
Event: 7026.304 GC heap before
{Heap before GC invocations=632 (full 423):
 garbage-first heap   total 524288K, used 79916K [0x0000000701800000, 0x0000000800000000)
  region size 2048K, 4 young (8192K), 0 survivors (0K)
 Metaspace       used 88270K, committed 89792K, reserved 1179648K
  class space    used 11709K, committed 12224K, reserved 1048576K
}
Event: 7026.365 GC heap after
{Heap after GC invocations=633 (full 424):
 garbage-first heap   total 524288K, used 73787K [0x0000000701800000, 0x0000000800000000)
  region size 2048K, 0 young (0K), 0 survivors (0K)
 Metaspace       used 88270K, committed 89792K, reserved 1179648K
  class space    used 11709K, committed 12224K, reserved 1048576K
}
Event: 7041.163 GC heap before
{Heap before GC invocations=633 (full 424):
 garbage-first heap   total 524288K, used 155707K [0x0000000701800000, 0x0000000800000000)
  region size 2048K, 40 young (81920K), 0 survivors (0K)
 Metaspace       used 88277K, committed 89792K, reserved 1179648K
  class space    used 11709K, committed 12224K, reserved 1048576K
}
Event: 7041.172 GC heap after
{Heap after GC invocations=634 (full 424):
 garbage-first heap   total 679936K, used 74283K [0x0000000701800000, 0x0000000800000000)
  region size 2048K, 1 young (2048K), 1 survivors (2048K)
 Metaspace       used 88277K, committed 89792K, reserved 1179648K
  class space    used 11709K, committed 12224K, reserved 1048576K
}
Event: 7043.651 GC heap before
{Heap before GC invocations=634 (full 424):
 garbage-first heap   total 679936K, used 154155K [0x0000000701800000, 0x0000000800000000)
  region size 2048K, 40 young (81920K), 1 survivors (2048K)
 Metaspace       used 88318K, committed 89856K, reserved 1179648K
  class space    used 11713K, committed 12224K, reserved 1048576K
}
Event: 7043.653 GC heap after
{Heap after GC invocations=635 (full 424):
 garbage-first heap   total 679936K, used 74657K [0x0000000701800000, 0x0000000800000000)
  region size 2048K, 1 young (2048K), 1 survivors (2048K)
 Metaspace       used 88318K, committed 89856K, reserved 1179648K
  class space    used 11713K, committed 12224K, reserved 1048576K
}

Dll operation events (20 events):
Event: 1.006 Loaded shared library C:\Xilinx\Vivado\2023.2\lib\win64.o\librdi_ipservicestasks.dll
Event: 1.007 Loaded shared library C:\Xilinx\Vivado\2023.2\lib\win64.o\librdi_vivadotasks.dll
Event: 1.008 Loaded shared library C:\Xilinx\Vivado\2023.2\lib\win64.o\librdi_board.dll
Event: 1.008 Loaded shared library C:\Xilinx\Vivado\2023.2\lib\win64.o\librdi_boarddep.dll
Event: 1.009 Loaded shared library C:\Xilinx\Vivado\2023.2\lib\win64.o\librdi_boardcommontasks.dll
Event: 1.010 Loaded shared library C:\Xilinx\Vivado\2023.2\lib\win64.o\librdi_ptgen.dll
Event: 1.010 Loaded shared library C:\Xilinx\Vivado\2023.2\lib\win64.o\librdi_ip.dll
Event: 1.011 Loaded shared library C:\Xilinx\Vivado\2023.2\lib\win64.o\librdi_mig.dll
Event: 1.012 Loaded shared library C:\Xilinx\Vivado\2023.2\lib\win64.o\librdi_implflow.dll
Event: 1.013 Loaded shared library C:\Xilinx\Vivado\2023.2\lib\win64.o\librdi_xhubtasks.dll
Event: 1.018 Loaded shared library C:\Xilinx\Vivado\2023.2\lib\win64.o\librdi_iptasks.dll
Event: 1.018 Loaded shared library C:\Xilinx\Vivado\2023.2\lib\win64.o\librdi_synth.dll
Event: 2.045 Loaded shared library C:\Xilinx\Vivado\2023.2\tps\win64\jre17.0.7_7\bin\verify.dll
Event: 2.306 Loaded shared library C:\Xilinx\Vivado\2023.2\tps\win64\jre17.0.7_7\bin\javajpeg.dll
Event: 2.314 Loaded shared library C:\Xilinx\Vivado\2023.2\tps\win64\jre17.0.7_7\bin\lcms.dll
Event: 2.669 Loaded shared library C:\Xilinx\Vivado\2023.2\tps\win64\jre17.0.7_7\bin\freetype.dll
Event: 2.671 Loaded shared library C:\Xilinx\Vivado\2023.2\tps\win64\jre17.0.7_7\bin\fontmanager.dll
Event: 5.658 Loaded shared library C:\Xilinx\Vivado\2023.2\lib\win64.o\librdi_xhub.dll
Event: 11.390 Loaded shared library C:\Xilinx\Vivado\2023.2\tps\win64\jre17.0.7_7\bin\management.dll
Event: 11.392 Loaded shared library C:\Xilinx\Vivado\2023.2\tps\win64\jre17.0.7_7\bin\management_ext.dll

Deoptimization events (20 events):
Event: 6307.791 Thread 0x000001ebc409b670 DEOPT PACKING pc=0x000001ebae000a28 sp=0x00000083983fe3b0
Event: 6307.791 Thread 0x000001ebc409b670 DEOPT UNPACKING pc=0x000001ebac2e69a3 sp=0x00000083983fe300 mode 2
Event: 6530.669 Thread 0x000001ebc409b670 Uncommon trap: trap_request=0xffffff66 fr.pc=0x000001ebadac0954 relative=0x0000000000000134
Event: 6530.669 Thread 0x000001ebc409b670 Uncommon trap: reason=speculate_class_check action=maybe_recompile pc=0x000001ebadac0954 method=javax.swing.JComponent.getBounds(Ljava/awt/Rectangle;)Ljava/awt/Rectangle; @ 17 c2
Event: 6530.669 Thread 0x000001ebc409b670 DEOPT PACKING pc=0x000001ebadac0954 sp=0x00000083983fd3a0
Event: 6530.669 Thread 0x000001ebc409b670 DEOPT UNPACKING pc=0x000001ebac2e69a3 sp=0x00000083983fd340 mode 2
Event: 6530.734 Thread 0x000001ebc409b670 Uncommon trap: trap_request=0xffffff66 fr.pc=0x000001ebadac0954 relative=0x0000000000000134
Event: 6530.734 Thread 0x000001ebc409b670 Uncommon trap: reason=speculate_class_check action=maybe_recompile pc=0x000001ebadac0954 method=javax.swing.JComponent.getBounds(Ljava/awt/Rectangle;)Ljava/awt/Rectangle; @ 17 c2
Event: 6530.734 Thread 0x000001ebc409b670 DEOPT PACKING pc=0x000001ebadac0954 sp=0x00000083983fd3a0
Event: 6530.734 Thread 0x000001ebc409b670 DEOPT UNPACKING pc=0x000001ebac2e69a3 sp=0x00000083983fd340 mode 2
Event: 6988.651 Thread 0x000001ebc409b670 Uncommon trap: trap_request=0xffffff45 fr.pc=0x000001ebadddcd38 relative=0x0000000000004258
Event: 6988.655 Thread 0x000001ebc409b670 Uncommon trap: reason=unstable_if action=reinterpret pc=0x000001ebadddcd38 method=javax.swing.plaf.synth.SynthScrollBarUI.getComponentState(Ljavax/swing/JComponent;Ljavax/swing/plaf/synth/Region;)I @ 18 c2
Event: 6988.655 Thread 0x000001ebc409b670 DEOPT PACKING pc=0x000001ebadddcd38 sp=0x00000083983fe6c0
Event: 6988.655 Thread 0x000001ebc409b670 DEOPT UNPACKING pc=0x000001ebac2e69a3 sp=0x00000083983fe590 mode 2
Event: 6988.655 Thread 0x000001ebc409b670 Uncommon trap: trap_request=0xffffff45 fr.pc=0x000001ebace80eb0 relative=0x0000000000003cd0
Event: 6988.656 Thread 0x000001ebc409b670 Uncommon trap: reason=unstable_if action=reinterpret pc=0x000001ebace80eb0 method=de.javasoft.plaf.synthetica.painter.ScrollBarPainter.paintScrollBarThumbBackground(Ljavax/swing/plaf/synth/SynthContext;Ljava/awt/Graphics;IIIII)V @ 371 c2
Event: 6988.656 Thread 0x000001ebc409b670 DEOPT PACKING pc=0x000001ebace80eb0 sp=0x00000083983fe350
Event: 6988.656 Thread 0x000001ebc409b670 DEOPT UNPACKING pc=0x000001ebac2e69a3 sp=0x00000083983fe2d0 mode 2
Event: 7041.780 Thread 0x000001ebc409b670 DEOPT PACKING pc=0x000001eba50203e8 sp=0x00000083983fe370
Event: 7041.780 Thread 0x000001ebc409b670 DEOPT UNPACKING pc=0x000001ebac2e7143 sp=0x00000083983fd810 mode 0

Classes unloaded (20 events):
Event: 5155.588 Thread 0x000001eb9d11d220 Unloading class 0x0000000801011000 'java/lang/invoke/LambdaForm$MH+0x0000000801011000'
Event: 5155.588 Thread 0x000001eb9d11d220 Unloading class 0x0000000801010c00 'java/lang/invoke/LambdaForm$MH+0x0000000801010c00'
Event: 5155.588 Thread 0x000001eb9d11d220 Unloading class 0x0000000801010800 'java/lang/invoke/LambdaForm$MH+0x0000000801010800'
Event: 5278.376 Thread 0x000001eb9d11d220 Unloading class 0x0000000801bf6800 'jdk/internal/reflect/GeneratedMethodAccessor39'
Event: 5278.376 Thread 0x000001eb9d11d220 Unloading class 0x0000000801b80000 'jdk/internal/reflect/GeneratedMethodAccessor35'
Event: 5278.376 Thread 0x000001eb9d11d220 Unloading class 0x00000008019c4800 'jdk/internal/reflect/GeneratedMethodAccessor21'
Event: 5278.376 Thread 0x000001eb9d11d220 Unloading class 0x0000000801010000 'java/lang/invoke/LambdaForm$MH+0x0000000801010000'
Event: 5278.376 Thread 0x000001eb9d11d220 Unloading class 0x000000080100f800 'java/lang/invoke/LambdaForm$MH+0x000000080100f800'
Event: 5278.376 Thread 0x000001eb9d11d220 Unloading class 0x000000080100f400 'java/lang/invoke/LambdaForm$MH+0x000000080100f400'
Event: 5278.376 Thread 0x000001eb9d11d220 Unloading class 0x000000080100ec00 'java/lang/invoke/LambdaForm$MH+0x000000080100ec00'
Event: 5278.376 Thread 0x000001eb9d11d220 Unloading class 0x000000080100e800 'java/lang/invoke/LambdaForm$MH+0x000000080100e800'
Event: 5278.376 Thread 0x000001eb9d11d220 Unloading class 0x000000080100e000 'java/lang/invoke/LambdaForm$MH+0x000000080100e000'
Event: 6257.162 Thread 0x000001eb9d11d220 Unloading class 0x0000000801460000 'jdk/internal/reflect/GeneratedConstructorAccessor12'
Event: 6816.356 Thread 0x000001eb9d11d220 Unloading class 0x00000008011bd400 'java/lang/invoke/LambdaForm$MH+0x00000008011bd400'
Event: 6816.356 Thread 0x000001eb9d11d220 Unloading class 0x00000008011bd000 'java/lang/invoke/LambdaForm$MH+0x00000008011bd000'
Event: 6816.356 Thread 0x000001eb9d11d220 Unloading class 0x00000008011bcc00 'java/lang/invoke/LambdaForm$MH+0x00000008011bcc00'
Event: 6816.356 Thread 0x000001eb9d11d220 Unloading class 0x00000008011bc800 'java/lang/invoke/LambdaForm$MH+0x00000008011bc800'
Event: 6816.356 Thread 0x000001eb9d11d220 Unloading class 0x00000008011bc400 'java/lang/invoke/LambdaForm$MH+0x00000008011bc400'
Event: 6816.356 Thread 0x000001eb9d11d220 Unloading class 0x00000008011bc000 'java/lang/invoke/LambdaForm$MH+0x00000008011bc000'
Event: 6816.356 Thread 0x000001eb9d11d220 Unloading class 0x00000008010cc000 'java/lang/invoke/LambdaForm$MH+0x00000008010cc000'

Classes redefined (0 events):
No events

Internal exceptions (20 events):
Event: 7003.222 Thread 0x000001ebc409b670 Exception <a 'java/io/FileNotFoundException'{0x00000007213eb648}> (0x00000007213eb648) 
thrown [s\src\hotspot\share\prims\jni.cpp, line 516]
Event: 7003.224 Thread 0x000001ebc409b670 Exception <a 'java/io/FileNotFoundException'{0x00000007213ebe50}> (0x00000007213ebe50) 
thrown [s\src\hotspot\share\prims\jni.cpp, line 516]
Event: 7008.223 Thread 0x000001ebc409b670 Exception <a 'java/io/FileNotFoundException'{0x0000000720f11210}> (0x0000000720f11210) 
thrown [s\src\hotspot\share\prims\jni.cpp, line 516]
Event: 7008.224 Thread 0x000001ebc409b670 Exception <a 'java/io/FileNotFoundException'{0x0000000720f11a18}> (0x0000000720f11a18) 
thrown [s\src\hotspot\share\prims\jni.cpp, line 516]
Event: 7013.224 Thread 0x000001ebc409b670 Exception <a 'java/io/FileNotFoundException'{0x00000007207199b8}> (0x00000007207199b8) 
thrown [s\src\hotspot\share\prims\jni.cpp, line 516]
Event: 7013.225 Thread 0x000001ebc409b670 Exception <a 'java/io/FileNotFoundException'{0x000000072071a1c0}> (0x000000072071a1c0) 
thrown [s\src\hotspot\share\prims\jni.cpp, line 516]
Event: 7018.257 Thread 0x000001ebc409b670 Exception <a 'java/io/FileNotFoundException'{0x000000072129c888}> (0x000000072129c888) 
thrown [s\src\hotspot\share\prims\jni.cpp, line 516]
Event: 7018.257 Thread 0x000001ebc409b670 Exception <a 'java/io/FileNotFoundException'{0x000000072129d070}> (0x000000072129d070) 
thrown [s\src\hotspot\share\prims\jni.cpp, line 516]
Event: 7023.227 Thread 0x000001ebc409b670 Exception <a 'java/io/FileNotFoundException'{0x000000074b793b38}> (0x000000074b793b38) 
thrown [s\src\hotspot\share\prims\jni.cpp, line 516]
Event: 7023.227 Thread 0x000001ebc409b670 Exception <a 'java/io/FileNotFoundException'{0x000000074b794320}> (0x000000074b794320) 
thrown [s\src\hotspot\share\prims\jni.cpp, line 516]
Event: 7028.227 Thread 0x000001ebc409b670 Exception <a 'java/io/FileNotFoundException'{0x00000007208891f8}> (0x00000007208891f8) 
thrown [s\src\hotspot\share\prims\jni.cpp, line 516]
Event: 7028.227 Thread 0x000001ebc409b670 Exception <a 'java/io/FileNotFoundException'{0x00000007208899e0}> (0x00000007208899e0) 
thrown [s\src\hotspot\share\prims\jni.cpp, line 516]
Event: 7033.227 Thread 0x000001ebc409b670 Exception <a 'java/io/FileNotFoundException'{0x000000071e6cada0}> (0x000000071e6cada0) 
thrown [s\src\hotspot\share\prims\jni.cpp, line 516]
Event: 7033.228 Thread 0x000001ebc409b670 Exception <a 'java/io/FileNotFoundException'{0x000000071e6cb5a8}> (0x000000071e6cb5a8) 
thrown [s\src\hotspot\share\prims\jni.cpp, line 516]
Event: 7038.228 Thread 0x000001ebc409b670 Exception <a 'java/io/FileNotFoundException'{0x000000071d7e5578}> (0x000000071d7e5578) 
thrown [s\src\hotspot\share\prims\jni.cpp, line 516]
Event: 7038.230 Thread 0x000001ebc409b670 Exception <a 'java/io/FileNotFoundException'{0x000000071d7e7550}> (0x000000071d7e7550) 
thrown [s\src\hotspot\share\prims\jni.cpp, line 516]
Event: 7041.115 Thread 0x000001ebe6ff6220 Exception <a 'java/lang/InterruptedException'{0x000000071c94be50}: sleep interrupted> (0x000000071c94be50) 
thrown [s\src\hotspot\share\prims\jvm.cpp, line 3070]
Event: 7043.461 Thread 0x000001ebc409b670 Exception <a 'java/io/FileNotFoundException'{0x000000072758e788}> (0x000000072758e788) 
thrown [s\src\hotspot\share\prims\jni.cpp, line 516]
Event: 7043.462 Thread 0x000001ebc409b670 Exception <a 'java/io/FileNotFoundException'{0x000000072758ef70}> (0x000000072758ef70) 
thrown [s\src\hotspot\share\prims\jni.cpp, line 516]
Event: 7045.329 Thread 0x000001ebe6ffcc00 Exception <a 'java/lang/InterruptedException'{0x000000074b7275d0}: sleep interrupted> (0x000000074b7275d0) 
thrown [s\src\hotspot\share\prims\jvm.cpp, line 3044]

VM Operations (20 events):
Event: 7023.748 Executing VM operation: G1CollectFull
Event: 7023.813 Executing VM operation: G1CollectFull done
Event: 7026.303 Executing VM operation: G1CollectFull
Event: 7026.366 Executing VM operation: G1CollectFull done
Event: 7030.367 Executing VM operation: Cleanup
Event: 7030.367 Executing VM operation: Cleanup done
Event: 7031.368 Executing VM operation: Cleanup
Event: 7031.369 Executing VM operation: Cleanup done
Event: 7038.371 Executing VM operation: Cleanup
Event: 7038.371 Executing VM operation: Cleanup done
Event: 7041.119 Executing VM operation: G1CollectForAllocation
Event: 7041.172 Executing VM operation: G1CollectForAllocation done
Event: 7042.173 Executing VM operation: Cleanup
Event: 7042.173 Executing VM operation: Cleanup done
Event: 7043.174 Executing VM operation: Cleanup
Event: 7043.174 Executing VM operation: Cleanup done
Event: 7043.650 Executing VM operation: G1CollectForAllocation
Event: 7043.653 Executing VM operation: G1CollectForAllocation done
Event: 7045.655 Executing VM operation: Cleanup
Event: 7045.655 Executing VM operation: Cleanup done

Events (20 events):
Event: 7043.067 Thread 0x000001ebe6ff88a0 Thread exited: 0x000001ebe6ff88a0
Event: 7043.068 Thread 0x000001ebe6ffda70 Thread exited: 0x000001ebe6ffda70
Event: 7043.117 Thread 0x000001ebe6ff4ee0 Thread exited: 0x000001ebe6ff4ee0
Event: 7043.444 Thread 0x000001ebe6ff4ee0 Thread added: 0x000001ebe6ff4ee0
Event: 7043.462 Thread 0x000001ebe6ffd0d0 Thread added: 0x000001ebe6ffd0d0
Event: 7043.474 Thread 0x000001ebe6ffd0d0 Thread exited: 0x000001ebe6ffd0d0
Event: 7043.502 Thread 0x000001ebe6ff4ee0 Thread exited: 0x000001ebe6ff4ee0
Event: 7044.413 Thread 0x000001ebe6ff4ee0 Thread added: 0x000001ebe6ff4ee0
Event: 7044.420 Thread 0x000001ebe6ff4ee0 Thread exited: 0x000001ebe6ff4ee0
Event: 7045.232 Thread 0x000001ebe6ff7560 Thread added: 0x000001ebe6ff7560
Event: 7045.318 Thread 0x000001ebe6ff7560 Thread exited: 0x000001ebe6ff7560
Event: 7045.326 Thread 0x000001ebe6ff53b0 Thread exited: 0x000001ebe6ff53b0
Event: 7045.687 Thread 0x000001ebe6ff4ee0 Thread added: 0x000001ebe6ff4ee0
Event: 7045.803 Thread 0x000001ebe6ff7f00 Thread added: 0x000001ebe6ff7f00
Event: 7045.803 Thread 0x000001ebe6ff53b0 Thread added: 0x000001ebe6ff53b0
Event: 7045.803 Thread 0x000001ebe6ffd0d0 Thread added: 0x000001ebe6ffd0d0
Event: 7045.805 Thread 0x000001ebe6ff66f0 Thread added: 0x000001ebe6ff66f0
Event: 7045.806 Thread 0x000001ebe6ffd5a0 Thread added: 0x000001ebe6ffd5a0
Event: 7045.823 Thread 0x000001ebe6ffd0d0 Thread exited: 0x000001ebe6ffd0d0
Event: 7045.844 Thread 0x000001ebe6ff66f0 Thread exited: 0x000001ebe6ff66f0


Dynamic libraries:
0x00007ff63c080000 - 0x00007ff63c0b1000 	C:\Xilinx\Vivado\2023.2\bin\unwrapped\win64.o\vivado.exe
0x00007ffd550b0000 - 0x00007ffd552c7000 	C:\WINDOWS\SYSTEM32\ntdll.dll
0x00007ffd542d0000 - 0x00007ffd54394000 	C:\WINDOWS\System32\KERNEL32.DLL
0x00007ffd528f0000 - 0x00007ffd52c9c000 	C:\WINDOWS\System32\KERNELBASE.dll
0x00007ffd527d0000 - 0x00007ffd528e1000 	C:\WINDOWS\System32\ucrtbase.dll
0x00007ffd2e740000 - 0x00007ffd2e7cd000 	C:\WINDOWS\SYSTEM32\MSVCP140.dll
0x00007ffd4a450000 - 0x00007ffd4a46e000 	C:\WINDOWS\SYSTEM32\VCRUNTIME140.dll
0x00007ffd49810000 - 0x00007ffd4982c000 	C:\Xilinx\Vivado\2023.2\lib\win64.o\librdi_commonmain.dll
0x00007ffd4a440000 - 0x00007ffd4a44c000 	C:\WINDOWS\SYSTEM32\VCRUNTIME140_1.dll
0x00007ffd02c90000 - 0x00007ffd0433a000 	C:\Xilinx\Vivado\2023.2\lib\win64.o\librdi_common.dll
0x00007ffd54cc0000 - 0x00007ffd54e6e000 	C:\WINDOWS\System32\USER32.dll
0x00007ffd527a0000 - 0x00007ffd527c6000 	C:\WINDOWS\System32\win32u.dll
0x00007ffd53b20000 - 0x00007ffd53b49000 	C:\WINDOWS\System32\GDI32.dll
0x00007ffd52ca0000 - 0x00007ffd52db9000 	C:\WINDOWS\System32\gdi32full.dll
0x00007ffd339d0000 - 0x00007ffd339f1000 	C:\Xilinx\Vivado\2023.2\lib\win64.o\libboost_filesystem.dll
0x00007ffd02860000 - 0x00007ffd02c90000 	C:\Xilinx\Vivado\2023.2\lib\win64.o\python38.dll
0x00007ffd52510000 - 0x00007ffd525aa000 	C:\WINDOWS\System32\msvcp_win.dll
0x00007ffd54c00000 - 0x00007ffd54cb2000 	C:\WINDOWS\System32\ADVAPI32.dll
0x00007ffd53780000 - 0x00007ffd53827000 	C:\WINDOWS\System32\msvcrt.dll
0x00007ffd49f70000 - 0x00007ffd49f79000 	C:\Xilinx\Vivado\2023.2\lib\win64.o\librdi_commonversion.dll
0x00007ffd543a0000 - 0x00007ffd54bfc000 	C:\WINDOWS\System32\SHELL32.dll
0x00007ffd52df0000 - 0x00007ffd52e9a000 	C:\WINDOWS\System32\sechost.dll
0x00007ffd52dc0000 - 0x00007ffd52de8000 	C:\WINDOWS\System32\bcrypt.dll
0x00007ffd524a0000 - 0x00007ffd5250b000 	C:\WINDOWS\System32\WINTRUST.dll
0x00007ffd53b70000 - 0x00007ffd53c85000 	C:\WINDOWS\System32\RPCRT4.dll
0x00007ffd54f60000 - 0x00007ffd54fd1000 	C:\WINDOWS\System32\WS2_32.dll
0x00007ffd54210000 - 0x00007ffd5426e000 	C:\WINDOWS\System32\SHLWAPI.dll
0x00007ffd1dd30000 - 0x00007ffd1dee6000 	C:\Xilinx\Vivado\2023.2\lib\win64.o\librdi_commonxillic.dll
0x0000000072040000 - 0x000000007216c000 	C:\Xilinx\Vivado\2023.2\lib\win64.o\tcl85t.dll
0x00007ffd47d70000 - 0x00007ffd47d81000 	C:\Xilinx\Vivado\2023.2\lib\win64.o\libboost_date_time.dll
0x00007ffcf6310000 - 0x00007ffcf667e000 	C:\Xilinx\Vivado\2023.2\lib\win64.o\libCOIN-all.dll
0x00007ffd2e6c0000 - 0x00007ffd2e739000 	C:\Xilinx\Vivado\2023.2\lib\win64.o\libboost_program_options.dll
0x00007ffd3abf0000 - 0x00007ffd3ac0c000 	C:\Xilinx\Vivado\2023.2\lib\win64.o\libboost_thread.dll
0x00007ffd1da60000 - 0x00007ffd1db74000 	C:\Xilinx\Vivado\2023.2\lib\win64.o\libboost_regex.dll
0x00007ffd49f30000 - 0x00007ffd49f3c000 	C:\Xilinx\Vivado\2023.2\lib\win64.o\libboost_xilinx.dll
0x00007ffd2d910000 - 0x00007ffd2d992000 	C:\Xilinx\Vivado\2023.2\lib\win64.o\libhdlpsolve.dll
0x00007ffd1d9b0000 - 0x00007ffd1da55000 	C:\Xilinx\Vivado\2023.2\lib\win64.o\libhdxml.dll
0x00007ffcd3c50000 - 0x00007ffcd4c74600 	C:\Xilinx\Vivado\2023.2\lib\win64.o\libisl_iostreams.dll
0x00007ffd339a0000 - 0x00007ffd339ca000 	C:\Xilinx\Vivado\2023.2\lib\win64.o\libisl_sysinfo.dll
0x00007ffd274f0000 - 0x00007ffd27555000 	C:\Xilinx\Vivado\2023.2\lib\win64.o\liblmx6.0.dll
0x00007ffd33920000 - 0x00007ffd3393a000 	C:\Xilinx\Vivado\2023.2\lib\win64.o\pthreadVC2.dll
0x00007ffd338e0000 - 0x00007ffd338fc000 	C:\Xilinx\Vivado\2023.2\lib\win64.o\librdiconfig.dll
0x00007ffd2de10000 - 0x00007ffd2de31000 	C:\Xilinx\Vivado\2023.2\lib\win64.o\librdizlib.dll
0x00007ffd055b0000 - 0x00007ffd05871000 	C:\Xilinx\Vivado\2023.2\lib\win64.o\xerces-c_3_2.dll
0x00007ffd33530000 - 0x00007ffd33549000 	C:\WINDOWS\SYSTEM32\NETAPI32.dll
0x00007ffd368f0000 - 0x00007ffd36de4000 	C:\WINDOWS\SYSTEM32\WININET.dll
0x00007ffd495b0000 - 0x00007ffd496e6000 	C:\WINDOWS\SYSTEM32\WINHTTP.dll
0x00007ffd3b8c0000 - 0x00007ffd3bab0000 	C:\WINDOWS\SYSTEM32\urlmon.dll
0x00007ffd49800000 - 0x00007ffd49809000 	C:\WINDOWS\SYSTEM32\WSOCK32.dll
0x00007ffd2d8e0000 - 0x00007ffd2d910000 	C:\WINDOWS\SYSTEM32\VCOMP140.DLL
0x00007ffcbccf0000 - 0x00007ffcbec07000 	C:\Xilinx\Vivado\2023.2\lib\win64.o\gurobi90.dll
0x00007ffd480e0000 - 0x00007ffd480ea000 	C:\WINDOWS\SYSTEM32\VERSION.dll
0x00007ffd525b0000 - 0x00007ffd52717000 	C:\WINDOWS\System32\CRYPT32.dll
0x00007ffd54270000 - 0x00007ffd542d0000 	C:\WINDOWS\System32\WLDAP32.dll
0x00007ffd54f20000 - 0x00007ffd54f28000 	C:\WINDOWS\System32\Normaliz.dll
0x00007ffcf5fe0000 - 0x00007ffcf630d000 	C:\Xilinx\Vivado\2023.2\lib\win64.o\libXil_lmgr11.dll
0x00007ffd54000000 - 0x00007ffd540f6000 	C:\WINDOWS\System32\COMDLG32.dll
0x00007ffd52f20000 - 0x00007ffd532a8000 	C:\WINDOWS\System32\combase.dll
0x00007ffd54110000 - 0x00007ffd54204000 	C:\WINDOWS\System32\shcore.dll
0x00007ffd53880000 - 0x00007ffd53957000 	C:\WINDOWS\System32\OLEAUT32.dll
0x00007ffd53c90000 - 0x00007ffd53e35000 	C:\WINDOWS\System32\ole32.dll
0x00007ffd338c0000 - 0x00007ffd338d8000 	C:\Xilinx\Vivado\2023.2\lib\win64.o\libboost_iostreams.dll
0x00007ffd275e0000 - 0x00007ffd27604000 	C:\Xilinx\Vivado\2023.2\lib\win64.o\libisl_iosutils.dll
0x00007ffd39ef0000 - 0x00007ffd3a1ae000 	C:\WINDOWS\SYSTEM32\iertutil.dll
0x00007ffd2df60000 - 0x00007ffd2df88000 	C:\WINDOWS\SYSTEM32\srvcli.dll
0x00007ffd50e40000 - 0x00007ffd50e4c000 	C:\WINDOWS\SYSTEM32\netutils.dll
0x00007ffd269f0000 - 0x00007ffd26aa3000 	C:\WINDOWS\WinSxS\amd64_microsoft.windows.common-controls_6595b64144ccf1df_5.82.22621.3527_none_b43b7f4b638cc64f\COMCTL32.dll
0x00007ffd49570000 - 0x00007ffd4958f000 	C:\WINDOWS\SYSTEM32\dhcpcsvc.DLL
0x00007ffd519f0000 - 0x00007ffd51a18000 	C:\WINDOWS\SYSTEM32\USERENV.dll
0x00007ffd51930000 - 0x00007ffd51999000 	C:\WINDOWS\SYSTEM32\MSWSOCK.DLL
0x00007ffd532c0000 - 0x00007ffd532f1000 	C:\WINDOWS\System32\IMM32.DLL
0x00007ffd51bc0000 - 0x00007ffd51bd2000 	C:\WINDOWS\SYSTEM32\MSASN1.dll
0x00007ffd514c0000 - 0x00007ffd514d8000 	C:\WINDOWS\SYSTEM32\kernel.appcore.dll
0x00007ffd51b60000 - 0x00007ffd51b7b000 	C:\WINDOWS\SYSTEM32\CRYPTSP.dll
0x00007ffd51420000 - 0x00007ffd51455000 	C:\WINDOWS\system32\rsaenh.dll
0x00007ffd51b50000 - 0x00007ffd51b5c000 	C:\WINDOWS\SYSTEM32\CRYPTBASE.dll
0x00007ffd52720000 - 0x00007ffd5279b000 	C:\WINDOWS\System32\bcryptPrimitives.dll
0x00007ffd53b50000 - 0x00007ffd53b6f000 	C:\WINDOWS\System32\imagehlp.dll
0x00007ffcf5a90000 - 0x00007ffcf5fdd000 	C:\Xilinx\Vivado\2023.2\lib\win64.o\librdi_commontasks.dll
0x00007ffcd3000000 - 0x00007ffcd3c48000 	C:\Xilinx\Vivado\2023.2\tps\win64\jre17.0.7_7\bin\server\jvm.dll
0x00007ffce1660000 - 0x00007ffce198b800 	C:\Xilinx\Vivado\2023.2\lib\win64.o\librdi_sio.dll
0x00007ffd50f00000 - 0x00007ffd50f2d000 	C:\WINDOWS\SYSTEM32\IPHLPAPI.DLL
0x00007ffd48f30000 - 0x00007ffd48f64000 	C:\WINDOWS\SYSTEM32\WINMM.dll
0x00007ffd519c0000 - 0x00007ffd519e6000 	C:\WINDOWS\SYSTEM32\gpapi.dll
0x00007ffd480a0000 - 0x00007ffd480d2000 	C:\Windows\System32\cryptnet.dll
0x00007ffd52310000 - 0x00007ffd52331000 	C:\WINDOWS\SYSTEM32\profapi.dll
0x00007ffd4c6a0000 - 0x00007ffd4c6ad000 	C:\WINDOWS\SYSTEM32\WINNSI.DLL
0x00007ffd54100000 - 0x00007ffd54109000 	C:\WINDOWS\System32\NSI.dll
0x00007ffd51730000 - 0x00007ffd5177c000 	C:\WINDOWS\SYSTEM32\SspiCli.dll
0x00007ffd49f40000 - 0x00007ffd49f57000 	C:\WINDOWS\system32\napinsp.dll
0x00007ffd497e0000 - 0x00007ffd497fb000 	C:\WINDOWS\system32\pnrpnsp.dll
0x00007ffd50f30000 - 0x00007ffd51028000 	C:\WINDOWS\SYSTEM32\DNSAPI.dll
0x00007ffcf5860000 - 0x00007ffcf5871000 	C:\WINDOWS\System32\winrnr.dll
0x00007ffd48600000 - 0x00007ffd48615000 	C:\WINDOWS\system32\wshbth.dll
0x00007ffd49ed0000 - 0x00007ffd49ef7000 	C:\WINDOWS\system32\nlansp_c.dll
0x00007ffd502f0000 - 0x00007ffd50be7000 	C:\WINDOWS\SYSTEM32\windows.storage.dll
0x00007ffd501b0000 - 0x00007ffd502ef000 	C:\WINDOWS\SYSTEM32\wintypes.dll
0x00007ffcb92e0000 - 0x00007ffcbc0a6000 	C:\Xilinx\Vivado\2023.2\lib\win64.o\librdi_tcltasks.dll
0x00007ffd05a10000 - 0x00007ffd05b3a000 	C:\Xilinx\Vivado\2023.2\lib\win64.o\librdi_chipscope.dll
0x00007ffd1d920000 - 0x00007ffd1d9a3000 	C:\Xilinx\Vivado\2023.2\lib\win64.o\librdi_boarddep.dll
0x00007ffcfc540000 - 0x00007ffcfc740000 	C:\Xilinx\Vivado\2023.2\lib\win64.o\librdi_board.dll
0x00007ffcd1690000 - 0x00007ffcd1b71000 	C:\Xilinx\Vivado\2023.2\lib\win64.o\librdi_bitstream.dll
0x00007ffcf7070000 - 0x00007ffcf7277000 	C:\Xilinx\Vivado\2023.2\lib\win64.o\librdi_chipscopeimpl.dll
0x00007ffcfd150000 - 0x00007ffcfd2be000 	C:\Xilinx\Vivado\2023.2\lib\win64.o\librdi_containers.dll
0x00007ffcb6be0000 - 0x00007ffcb92d5000 	C:\Xilinx\Vivado\2023.2\lib\win64.o\librdi_constraints.dll
0x00007ffcb1080000 - 0x00007ffcb2e87000 	C:\Xilinx\Vivado\2023.2\lib\win64.o\librdi_designutils.dll
0x00007ffcd6280000 - 0x00007ffcd661f000 	C:\Xilinx\Vivado\2023.2\lib\win64.o\librdi_dlyest.dll
0x00007ffcd0f50000 - 0x00007ffcd1686000 	C:\Xilinx\Vivado\2023.2\lib\win64.o\librdi_drc.dll
0x00007ffd11640000 - 0x00007ffd116f4000 	C:\Xilinx\Vivado\2023.2\lib\win64.o\librdi_dsp.dll
0x00007ffcb2e90000 - 0x00007ffcb4493000 	C:\Xilinx\Vivado\2023.2\lib\win64.o\librdi_device.dll
0x00007ffd24280000 - 0x00007ffd242eb000 	C:\Xilinx\Vivado\2023.2\lib\win64.o\librdi_hdf.dll
0x00007ffcd5ed0000 - 0x00007ffcd61b4000 	C:\Xilinx\Vivado\2023.2\lib\win64.o\librdi_hip_devdesign.dll
0x00007ffcd0790000 - 0x00007ffcd0f4f000 	C:\Xilinx\Vivado\2023.2\lib\win64.o\librdi_filemgmt.dll
0x00007ffcb44a0000 - 0x00007ffcb6bd6000 	C:\Xilinx\Vivado\2023.2\lib\win64.o\librdi_coregen.dll
0x00007ffcf7d50000 - 0x00007ffcf7e98000 	C:\Xilinx\Vivado\2023.2\lib\win64.o\librdi_hip_perf_analysis.dll
0x00007ffcaff30000 - 0x00007ffcb1073000 	C:\Xilinx\Vivado\2023.2\lib\win64.o\librdi_implflow.dll
0x00007ffcaf080000 - 0x00007ffcaff30000 	C:\Xilinx\Vivado\2023.2\lib\win64.o\librdi_ippcw.dll
0x00007ffcaea20000 - 0x00007ffcaf076000 	C:\Xilinx\Vivado\2023.2\lib\win64.o\librdi_memdata.dll
0x00007ffd11e30000 - 0x00007ffd11ead000 	C:\Xilinx\Vivado\2023.2\lib\win64.o\librdi_memoryarray.dll
0x00007ffcbc450000 - 0x00007ffcbccea000 	C:\Xilinx\Vivado\2023.2\lib\win64.o\librdi_lopt.dll
0x00007ffd11170000 - 0x00007ffd111e2000 	C:\Xilinx\Vivado\2023.2\lib\win64.o\librdi_noc_frameworks.dll
0x00007ffd1dcd0000 - 0x00007ffd1dd2c000 	C:\Xilinx\Vivado\2023.2\lib\win64.o\librdi_pfi.dll
0x00007ffcab7c0000 - 0x00007ffcabfc4000 	C:\Xilinx\Vivado\2023.2\lib\win64.o\librdi_netlist.dll
0x00007ffca8480000 - 0x00007ffca88fe000 	C:\Xilinx\Vivado\2023.2\lib\win64.o\librdi_platform.dll
0x00007ffca7b80000 - 0x00007ffca8472000 	C:\Xilinx\Vivado\2023.2\lib\win64.o\librdi_power.dll
0x00007ffca6b70000 - 0x00007ffca72e7000 	C:\Xilinx\Vivado\2023.2\lib\win64.o\librdi_psta.dll
0x00007ffca72f0000 - 0x00007ffca7b7b000 	C:\Xilinx\Vivado\2023.2\lib\win64.o\librdi_project.dll
0x00007ffca8900000 - 0x00007ffcab7bc000 	C:\Xilinx\Vivado\2023.2\lib\win64.o\librdi_place.dll

dbghelp: loaded successfully - version: 4.0.5 - missing functions: none
symbol engine: initialized successfully - sym options: 0x614 - pdb path: .;C:\Xilinx\Vivado\2023.2\bin\unwrapped\win64.o;C:\WINDOWS\SYSTEM32;C:\Xilinx\Vivado\2023.2\lib\win64.o;C:\WINDOWS\WinSxS\amd64_microsoft.windows.common-controls_6595b64144ccf1df_5.82.22621.3527_none_b43b7f4b638cc64f;C:\Xilinx\Vivado\2023.2\tps\win64\jre17.0.7_7\bin\server;C:\Xilinx\Vivado\2023.2\tps\win64\jre17.0.7_7\bin;C:\WINDOWS\WinSxS\amd64_microsoft.windows.common-controls_6595b64144ccf1df_6.0.22621.3672_none_2713b9d173822955

VM Arguments:
jvm_args: -Dsun.java2d.pmoffscreen=false -Dhttps.protocols=TLSv1,TLSv1.1,TLSv1.2 -Dsun.java2d.xrender=false -Dsun.java2d.d3d=false -Dsun.awt.nopixfmt=true -Dsun.java2d.dpiaware=true -Dsun.java2d.uiScale.enabled=false -Dswing.aatext=true -XX:-UsePerfData -Djdk.map.althashing.threshold=512 -XX:StringTableSize=4072 -XX:+UseStringDeduplication -XX:MaxGCPauseMillis=200 -XX:+ParallelRefProcEnabled --add-opens=java.desktop/javax.swing.plaf.synth=ALL-UNNAMED --add-opens=java.base/java.nio=ALL-UNNAMED --add-opens=java.desktop/sun.swing=ALL-UNNAMED --add-opens=java.desktop/javax.swing=ALL-UNNAMED --add-opens=java.desktop/javax.swing.tree=ALL-UNNAMED --add-opens=java.desktop/javax.swing.plaf.basic=ALL-UNNAMED --add-opens=java.desktop/javax.swing.plaf.synth=ALL-UNNAMED --add-opens=java.desktop/javax.swing.plaf.basic=ALL-UNNAMED --add-opens=java.desktop/javax.swing=ALL-UNNAMED --add-opens=java.desktop/javax.swing.tree=ALL-UNNAMED --add-opens=java.desktop/java.awt.event=ALL-UNNAMED --add-exports=java.desktop/javax.swing.plaf.synth=ALL-UNNAMED --add-exports=java.base/java.nio=ALL-UNNAMED --add-exports=java.desktop/sun.swing=ALL-UNNAMED --add-exports=java.desktop/javax.swing=ALL-UNNAMED --add-exports=java.desktop/javax.swing.tree=ALL-UNNAMED --add-exports=java.desktop/javax.swing.plaf.basic=ALL-UNNAMED --add-exports=java.desktop/sun.swing=ALL-UNNAMED --add-exports=java.desktop/sun.swing.table=ALL-UNNAMED --add-exports=java.desktop/sun.swing.plaf.synth=ALL-UNNAMED --add-exports=java.desktop/sun.awt.shell=ALL-UNNAMED --add-exports=java.base/sun.security.action=ALL-UNNAMED --add-exports=java.desktop/sun.font=ALL-UNNAMED -XX:NewSize=80m -XX:MaxNewSize=80m -Xms512m -Xmx4072m -Xss10m 
java_command: <unknown>
java_class_path (initial): C:/Xilinx/Vivado/2023.2\lib\classes\alloy.jar;C:/Xilinx/Vivado/2023.2\lib\classes\asm-9.3.jar;C:/Xilinx/Vivado/2023.2\lib\classes\asm-analysis-9.3.jar;C:/Xilinx/Vivado/2023.2\lib\classes\asm-commons-9.3.jar;C:/Xilinx/Vivado/2023.2\lib\classes\asm-tree-9.3.jar;C:/Xilinx/Vivado/2023.2\lib\classes\autoesl-models.jar;C:/Xilinx/Vivado/2023.2\lib\classes\batik-anim.jar;C:/Xilinx/Vivado/2023.2\lib\classes\batik-awt-util.jar;C:/Xilinx/Vivado/2023.2\lib\classes\batik-bridge.jar;C:/Xilinx/Vivado/2023.2\lib\classes\batik-codec.jar;C:/Xilinx/Vivado/2023.2\lib\classes\batik-constants.jar;C:/Xilinx/Vivado/2023.2\lib\classes\batik-css.jar;C:/Xilinx/Vivado/2023.2\lib\classes\batik-dom.jar;C:/Xilinx/Vivado/2023.2\lib\classes\batik-ext.jar;C:/Xilinx/Vivado/2023.2\lib\classes\batik-gui-util.jar;C:/Xilinx/Vivado/2023.2\lib\classes\batik-gvt.jar;C:/Xilinx/Vivado/2023.2\lib\classes\batik-i18n.jar;C:/Xilinx/Vivado/2023.2\lib\classes\batik-parser.jar;C:/Xilinx/Vivado/2023.2\lib\classes\batik-script.jar;C:/Xilinx/Vivado/2023.2\lib\classes\batik-svg-dom.jar;C:/Xilinx/Vivado/2023.2\lib\classes\batik-svggen.jar;C:/Xilinx/Vivado/2023.2\lib\classes\batik-swing.jar;C:/Xilinx/Vivado/2023.2\lib\classes\batik-transcoder.jar;C:/Xilinx/Vivado/2023.2\lib\classes\batik-util.jar;C:/Xilinx/Vivado/2023.2\lib\classes\batik-xml.jar;C:/Xilinx/Vivado/2023.2\lib\classes\com.fasterxml.jackson.core.jackson-annotations_2.12.1.v20210128-1726.jar;C:/Xilinx/Vivado/2023.2\lib\classes\com.fasterxml.jackson.core.jackson-core_2.12.1.v20210128-1726.jar;C:/Xilinx/Vivado/2023.2\lib\classes\com.fasterxml.jackson.core.jackson-databind_2.12.1.v20210128-1726.jar;C:/Xilinx/Vivado/2023.2\lib\classes\com.google.gson_2.8.9.v20220111-1409.jar;C:/Xilinx/Vivado/2023.2\lib\classes\com.google.guava_30.1.0.v20210127-2300.jar;C:/Xilinx/Vivado/2023.2\lib\classes\com.sigasi.hdt.connection_4.17.2.202304211001.jar;C:/Xilinx/Vivado/2023.2\lib\classes\com.sigasi.hdt.epl_4.17.2.202304211001.jar;C:/Xilinx/Vivado/2023.
Launcher Type: generic

[Global flags]
     intx CICompilerCount                          = 4                                         {product} {ergonomic}
     uint ConcGCThreads                            = 2                                         {product} {ergonomic}
     uint G1ConcRefinementThreads                  = 8                                         {product} {ergonomic}
   size_t G1HeapRegionSize                         = 2097152                                   {product} {ergonomic}
    uintx GCDrainStackTargetSize                   = 64                                        {product} {ergonomic}
   size_t InitialHeapSize                          = 536870912                                 {product} {command line}
   size_t MarkStackSize                            = 4194304                                   {product} {ergonomic}
    uintx MaxGCPauseMillis                         = 200                                       {product} {command line}
   size_t MaxHeapSize                              = 4269801472                                {product} {command line}
   size_t MaxNewSize                               = 83886080                                  {product} {command line}
   size_t MinHeapDeltaBytes                        = 2097152                                   {product} {ergonomic}
   size_t MinHeapSize                              = 536870912                                 {product} {command line}
   size_t NewSize                                  = 83886080                                  {product} {command line}
    uintx NonNMethodCodeHeapSize                   = 5839372                                {pd product} {ergonomic}
    uintx NonProfiledCodeHeapSize                  = 122909434                              {pd product} {ergonomic}
     bool ParallelRefProcEnabled                   = true                                      {product} {command line}
    uintx ProfiledCodeHeapSize                     = 122909434                              {pd product} {ergonomic}
    uintx ReservedCodeCacheSize                    = 251658240                              {pd product} {ergonomic}
     bool SegmentedCodeCache                       = true                                      {product} {ergonomic}
   size_t SoftMaxHeapSize                          = 4269801472                             {manageable} {ergonomic}
    uintx StringTableSize                          = 4072                                      {product} {command line}
     intx ThreadStackSize                          = 10240                                  {pd product} {command line}
     bool UseCompressedClassPointers               = true                           {product lp64_product} {ergonomic}
     bool UseCompressedOops                        = true                           {product lp64_product} {ergonomic}
     bool UseG1GC                                  = true                                      {product} {ergonomic}
     bool UseLargePagesIndividualAllocation        = false                                  {pd product} {ergonomic}
     bool UsePerfData                              = false                                     {product} {command line}
     bool UseStringDeduplication                   = true                                      {product} {command line}

Logging:
Log output configuration:
 #0: stdout all=warning uptime,level,tags
 #1: stderr all=off uptime,level,tags

Environment Variables:
PATH=C:/Xilinx/Vivado/2023.2/bin;C:/Xilinx/Vivado/2023.2/tps/win64/java-cef-95.0.4638.69/bin/lib/win64;C:/Xilinx/Vivado/2023.2/tps/win64/javafx-sdk-17.0.1/lib;C:/Xilinx/Vivado/2023.2/tps/win64/javafx-sdk-17.0.1/bin;C:/Xilinx/Vivado/2023.2/lib/win64.o;C:/Xilinx/Vivado/2023.2/tps/win64/jre17.0.7_7/bin/server;C:/Xilinx/Vivado/2023.2/tps/win64/jre17.0.7_7/bin;C:/Xilinx/Vitis_HLS/2023.2/bin;C:\Program Files\Python312\Scripts\;C:\Program Files\Python312\;C:\WINDOWS\system32;C:\WINDOWS;C:\WINDOWS\System32\Wbem;C:\WINDOWS\System32\WindowsPowerShell\v1.0\;C:\WINDOWS\System32\OpenSSH\;C:\Program Files\Git\cmd;C:\MinGW\bin;C:\Program Files\CMake\bin;C:\Users\ferna\esp\v5.2\esp-idf\tools\xtensa-esp-elf\bin;C:\Program Files\nodejs\;C:\ProgramData\chocolatey\bin;C:\Users\ferna\AppData\Local\pnpm;C:\Users\ferna\AppData\Local\Microsoft\WindowsApps;C:\Users\ferna\AppData\Local\Programs\Microsoft VS Code\bin;C:\Users\ferna\AppData\Local\GitHubDesktop\bin;C:\Users\ferna\AppData\Roaming\npm;C:/Xilinx/Vivado/2023.2\tps\mingw\6.2.0\win64.o\nt\bin;C:/Xilinx/Vivado/2023.2\tps\mingw\6.2.0\win64.o\nt\libexec\gcc\x86_64-w64-mingw32\6.2.0;C:/Xilinx/Vivado/2023.2\tps\win64\python-3.8.3;C:/Xilinx/Vivado/2023.2\tps\win64\python-3.8.3\bin;C:/Xilinx/Vivado/2023.2\tps\win64\python-3.8.3\lib;C:/Xilinx/Vivado/2023.2\tps\win64\python-3.8.3\lib\site-packages
USERNAME=ferna
OS=Windows_NT
PROCESSOR_IDENTIFIER=Intel64 Family 6 Model 142 Stepping 12, GenuineIntel
TMP=C:\Users\ferna\AppData\Local\Temp
TEMP=C:\Users\ferna\AppData\Local\Temp



---------------  S Y S T E M  ---------------

OS:
 Windows 11 , 64 bit Build 22621 (10.0.22621.3672)
OS uptime: 0 days 7:59 hours
Hyper-V role detected

CPU: total 8 (initial active 8) (4 cores per cpu, 2 threads per core) family 6 model 142 stepping 12 microcode 0xde, cx8, cmov, fxsr, ht, mmx, 3dnowpref, sse, sse2, sse3, ssse3, sse4.1, sse4.2, popcnt, lzcnt, tsc, tscinvbit, avx, avx2, aes, erms, clmul, bmi1, bmi2, adx, fma, vzeroupper, clflush, clflushopt, hv

Memory: 4k page, system-wide physical 8043M (1276M free)
TotalPageFile size 22411M (AvailPageFile size 4161M)
current process WorkingSet (physical memory assigned to process): 555M, peak: 1247M
current process commit charge ("private bytes"): 1674M, peak: 2305M

vm_info: OpenJDK 64-Bit Server VM (17.0.7+7) for windows-amd64 JRE (17.0.7+7), built on Apr 18 2023 22:10:42 by "temurin" with MS VC++ 16.7 (VS2019)

END.
